date,PRICE_NG,PRICE_OL,RET_NG,RET_OL,HDD,CDD,hdd_3dma,cdd_3dma,sentiment_ng,sentiment_ol,is_future
2006-01-03,10.12,63.11,,,0.0,0.0,0.0,0.0,0.0,0.0,False
2006-01-04,10.282,63.41,0.015881129773993585,0.004742342115791942,0.0,0.0,0.0,0.0,0.0,0.0,False
2006-01-05,9.298,62.81,-0.10059547036492011,-0.009507281245650923,0.0,0.0,0.0,0.0,0.0,0.0,False
2006-01-06,9.632,64.21,0.035291565298072314,0.02204466533966798,0.0,0.0,0.0,0.0,0.0,0.0,False
2006-01-09,9.29,63.56,-0.036152335740717856,-0.01017462013744197,0.0,0.0,0.0,0.0,0.0,0.0,False
2006-01-10,9.371,63.41,0.00868126131593927,-0.002362763956575087,0.0,0.0,0.0,0.0,0.0,0.0,False
2006-01-11,9.37,63.91,-0.00010671789135585641,0.007854265950250294,0.0,0.0,0.0,0.0,0.0,0.0,False
2006-01-12,8.943,63.96,-0.046641992886286676,0.0007820443035626568,0.0,0.0,0.0,0.0,0.0,0.0,False
2006-01-13,8.962,63.86,0.002122312999907283,-0.0015647006791175144,0.0,0.0,0.0,0.0,0.0,0.0,False
2006-01-17,9.352,66.36,0.042596807805816095,0.03840127803560822,0.0,0.0,0.0,0.0,0.0,0.0,False
2006-01-18,8.86,65.76,-0.05404345955277767,-0.009082714574319084,0.0,0.0,0.0,0.0,0.0,0.0,False
2006-01-19,9.172,66.86,0.03460860037866853,0.01658913024402775,0.0,0.0,0.0,0.0,0.0,0.0,False
2006-01-20,8.8,68.16,-0.04140364351149728,0.01925700152910803,0.0,0.0,0.0,0.0,0.0,0.0,False
2006-01-23,8.574,68.06,-0.0260173533083754,-0.0014682134483008369,0.0,0.0,0.0,0.0,0.0,0.0,False
2006-01-24,8.914,66.83,0.03888870634857833,-0.01823758754978133,0.0,0.0,0.0,0.0,0.0,0.0,False
2006-01-25,8.722,65.6,-0.0217745051037892,-0.01857638557293484,0.0,0.0,0.0,0.0,0.0,0.0,False
2006-01-26,8.651,65.8,-0.008173648222337349,0.0030441423812277435,0.0,0.0,0.0,0.0,0.0,0.0,False
2006-01-27,8.752,67.81,0.011607324481388126,0.030089838364479427,0.0,0.0,0.0,0.0,0.0,0.0,False
2006-01-30,9.474,68.36,0.07926895882193463,0.008078181551639751,0.0,0.0,0.0,0.0,0.0,0.0,False
2006-01-31,9.316,67.86,-0.016817852479465323,-0.007341098891306075,0.0,0.0,0.0,0.0,0.0,0.0,False
2006-02-01,8.873,66.61,-0.04872039416889429,-0.018592042930996477,0.0,0.0,0.0,0.0,0.0,0.0,False
2006-02-02,8.347,64.71,-0.061110764984600774,-0.028938967355913725,0.0,0.0,0.0,0.0,0.0,0.0,False
2006-02-03,8.613,65.41,0.031370496938436965,0.010759402903946835,0.0,0.0,0.0,0.0,0.0,0.0,False
2006-02-06,8.32,65.11,-0.03461043497391936,-0.004597004724350207,0.0,0.0,0.0,0.0,0.0,0.0,False
2006-02-07,8.058,63.01,-0.03199686806396196,-0.03278470329480676,0.0,0.0,0.0,0.0,0.0,0.0,False
2006-02-08,7.735,62.51,-0.04090990274412576,-0.007966900010242917,0.0,0.0,0.0,0.0,0.0,0.0,False
2006-02-09,7.479,62.66,-0.033656390815499204,0.002396741580324324,0.0,0.0,0.0,0.0,0.0,0.0,False
2006-02-10,7.57,62.01,0.012093974239827165,-0.010427623162258648,0.0,0.0,0.0,0.0,0.0,0.0,False
2006-02-13,7.577,61.26,0.000924275499878835,-0.012168560957158014,0.0,0.0,0.0,0.0,0.0,0.0,False
2006-02-14,7.579,59.61,0.0002639218806557153,-0.02730375617279357,0.0,0.0,0.0,0.0,0.0,0.0,False
2006-02-15,7.066,57.61,-0.07008671589293858,-0.0341271814875439,0.0,0.0,0.0,0.0,0.0,0.0,False
2006-02-16,7.585,58.61,0.070878063863542,0.017209166744046378,0.0,0.0,0.0,0.0,0.0,0.0,False
2006-02-17,7.375,59.76,-0.02807671057461203,0.01943121033622397,0.0,0.0,0.0,0.0,0.0,0.0,False
2006-02-21,7.731,61.21,0.047142318112454173,0.02397403403841647,0.0,0.0,0.0,0.0,0.0,0.0,False
2006-02-22,7.283,59.03,-0.05969535510255963,-0.03626478561038038,0.0,0.0,0.0,0.0,0.0,0.0,False
2006-02-23,7.543,58.03,0.035077115635715694,-0.017085671050081075,0.0,0.0,0.0,0.0,0.0,0.0,False
2006-02-24,7.112,61.46,-0.05883648265989039,0.057426438499821764,0.0,0.0,0.0,0.0,0.0,0.0,False
2006-02-27,6.789,61.01,-0.04647984289209339,-0.007348771538577381,0.0,0.0,0.0,0.0,0.0,0.0,False
2006-02-28,6.69,61.37,-0.014689781179372918,0.0058833312372446045,0.0,0.0,0.0,0.0,0.0,0.0,False
2006-03-01,6.94,62.01,0.036687900378576055,0.010374545960781134,0.0,0.0,0.0,0.0,0.0,0.0,False
2006-03-02,7.15,63.36,0.029810582187203227,0.02153708514438346,0.0,0.0,0.0,0.0,0.0,0.0,False
2006-03-03,7.375,63.61,0.03098354551996718,0.003937943184542547,0.0,0.0,0.0,0.0,0.0,0.0,False
2006-03-06,6.972,62.46,-0.05619377456810892,-0.018244338835780027,0.0,0.0,0.0,0.0,0.0,0.0,False
2006-03-07,7.278,61.51,0.04295397153219338,-0.015326588634655636,0.0,0.0,0.0,0.0,0.0,0.0,False
2006-03-08,6.47,60.06,-0.11767999067715884,-0.023855700665093238,0.0,0.0,0.0,0.0,0.0,0.0,False
2006-03-09,6.601,60.51,0.02004504419382469,0.007464578079045658,0.0,0.0,0.0,0.0,0.0,0.0,False
2006-03-10,7.032,59.91,0.06325000767624211,-0.009965204538396222,0.0,0.0,0.0,0.0,0.0,0.0,False
2006-03-13,7.359,61.81,0.045452893561586105,0.0312217275753488,0.0,0.0,0.0,0.0,0.0,0.0,False
2006-03-14,7.15,63.01,-0.028811697238545708,0.019228280282781895,0.0,0.0,0.0,0.0,0.0,0.0,False
2006-03-15,7.444,62.11,0.04029598207408802,-0.014386437382752248,0.0,0.0,0.0,0.0,0.0,0.0,False
2006-03-16,7.12,63.46,-0.04450061335611988,0.021502779583837395,0.0,0.0,0.0,0.0,0.0,0.0,False
2006-03-17,7.208,62.81,0.012283794882152366,-0.010295489688759929,0.0,0.0,0.0,0.0,0.0,0.0,False
2006-03-20,6.835,60.31,-0.053135050130123984,-0.04061636900339405,0.0,0.0,0.0,0.0,0.0,0.0,False
2006-03-21,6.83,60.41,-0.0007317965932140957,0.0016567266877540732,0.0,0.0,0.0,0.0,0.0,0.0,False
2006-03-22,6.953,60.03,0.01784854753418208,-0.006310216886897813,0.0,0.0,0.0,0.0,0.0,0.0,False
2006-03-23,7.63,62.13,0.0929146241794847,0.034384526811851224,0.0,0.0,0.0,0.0,0.0,0.0,False
2006-03-24,7.43,63.9,-0.026561986566697726,0.028090397307885873,0.0,0.0,0.0,0.0,0.0,0.0,False
2006-03-27,7.242,63.75,-0.025628447386218278,-0.0023501773449527974,0.0,0.0,0.0,0.0,0.0,0.0,False
2006-03-28,7.384,65.65,0.019418085857101586,0.029368416710269685,0.0,0.0,0.0,0.0,0.0,0.0,False
2006-03-29,7.16,66.0,-0.030805516227996765,0.005317141277619619,0.0,0.0,0.0,0.0,0.0,0.0,False
2006-03-30,7.19,66.7,0.004181190760401021,0.010550210895153178,0.0,0.0,0.0,0.0,0.0,0.0,False
2006-03-31,7.42,66.25,0.03148788544633363,-0.00676948805524713,0.0,0.0,0.0,0.0,0.0,0.0,False
2006-04-03,7.834,66.07,0.05429417806435044,-0.0027206788245370817,0.0,0.0,0.0,0.0,0.0,0.0,False
2006-04-04,7.65,65.75,-0.023767587405195023,-0.004855114983920217,0.0,0.0,0.0,0.0,0.0,0.0,False
2006-04-05,7.069,66.76,-0.07898662064962747,0.015244427735760624,0.0,0.0,0.0,0.0,0.0,0.0,False
2006-04-06,7.177,67.22,0.01516244125911781,0.006866723503325289,0.0,0.0,0.0,0.0,0.0,0.0,False
2006-04-07,6.945,67.02,-0.03285949224162765,-0.002979739987795327,0.0,0.0,0.0,0.0,0.0,0.0,False
2006-04-10,6.83,68.29,-0.016697302623608357,0.018772260663833862,0.0,0.0,0.0,0.0,0.0,0.0,False
2006-04-11,6.908,69.03,0.011355486701733364,0.010777849742385825,0.0,0.0,0.0,0.0,0.0,0.0,False
2006-04-12,7.438,68.53,0.07392183521844609,-0.007269587117652243,0.0,0.0,0.0,0.0,0.0,0.0,False
2006-04-13,7.135,69.53,-0.04158974457407849,0.014486708513194557,0.0,0.0,0.0,0.0,0.0,0.0,False
2006-04-17,7.577,70.3,0.06010509202043668,0.011013484705692633,0.0,0.0,0.0,0.0,0.0,0.0,False
2006-04-18,8.225,71.28,0.08206095370219924,0.013843984345935034,0.0,0.0,0.0,0.0,0.0,0.0,False
2006-04-19,8.85,72.07,0.07323916236840233,0.011022085773795709,0.0,0.0,0.0,0.0,0.0,0.0,False
2006-04-20,7.95,71.96,-0.1072455303535973,-0.0015274598540173656,0.0,0.0,0.0,0.0,0.0,0.0,False
2006-04-21,8.216,73.73,0.0329115439600165,0.024299362919226297,0.0,0.0,0.0,0.0,0.0,0.0,False
2006-04-24,8.456,70.19,0.028792775941679505,-0.049203921259228345,0.0,0.0,0.0,0.0,0.0,0.0,False
2006-04-25,7.455,67.43,-0.12599130035123496,-0.040115827995840014,0.0,0.0,0.0,0.0,0.0,0.0,False
2006-04-26,7.271,71.71,-0.024991114548782,0.061540185147992865,0.0,0.0,0.0,0.0,0.0,0.0,False
2006-04-27,7.05,70.76,-0.030866216843742356,-0.013336338602898401,0.0,0.0,0.0,0.0,0.0,0.0,False
2006-04-28,7.298,71.8,0.03457272119007859,0.014590606762593161,0.0,0.0,0.0,0.0,0.0,0.0,False
2006-05-01,6.695,73.75,-0.08623935887112011,0.02679651916575132,0.0,0.0,0.0,0.0,0.0,0.0,False
2006-05-02,7.281,74.62,0.08390723626943819,0.011727572573082767,0.0,0.0,0.0,0.0,0.0,0.0,False
2006-05-03,7.406,72.26,0.01702226707884691,-0.03213784207351811,0.0,0.0,0.0,0.0,0.0,0.0,False
2006-05-04,6.906,69.98,-0.06989988352362042,-0.03206123877995193,0.0,0.0,0.0,0.0,0.0,0.0,False
2006-05-05,7.032,70.09,0.018080561415075413,0.0015706435726912105,0.0,0.0,0.0,0.0,0.0,0.0,False
2006-05-08,6.696,69.75,-0.04896082719570183,-0.0048627098107587585,0.0,0.0,0.0,0.0,0.0,0.0,False
2006-05-09,6.581,70.71,-0.01732362371319196,0.01366958491467507,0.0,0.0,0.0,0.0,0.0,0.0,False
2006-05-10,7.454,72.15,0.12456409158308435,0.020160279603730125,0.0,0.0,0.0,0.0,0.0,0.0,False
2006-05-11,7.217,73.0,-0.032311446966930335,0.011712155928511159,0.0,0.0,0.0,0.0,0.0,0.0,False
2006-05-12,6.28,71.87,-0.1390693736100288,-0.015600509668039386,0.0,0.0,0.0,0.0,0.0,0.0,False
2006-05-15,6.77,69.25,0.07513110644407628,-0.037135786412903826,0.0,0.0,0.0,0.0,0.0,0.0,False
2006-05-16,6.881,69.4,0.016262903296159203,0.002163722445311045,0.0,0.0,0.0,0.0,0.0,0.0,False
2006-05-17,6.749,68.65,-0.01936964445907341,-0.010865735298778212,0.0,0.0,0.0,0.0,0.0,0.0,False
2006-05-18,6.575,69.63,-0.026119767697441176,0.014174376740474948,0.0,0.0,0.0,0.0,0.0,0.0,False
2006-05-19,5.962,68.44,-0.09786858280794863,-0.017238059930463123,0.0,0.0,0.0,0.0,0.0,0.0,False
2006-05-22,6.507,69.23,0.08747252525696725,0.01147684566594176,0.0,0.0,0.0,0.0,0.0,0.0,False
2006-05-23,6.767,70.78,0.03917933673724172,0.0221421802273829,0.0,0.0,0.0,0.0,0.0,0.0,False
2006-05-24,6.502,69.47,-0.03994803536837499,-0.01868147021252753,0.0,0.0,0.0,0.0,0.0,0.0,False
2006-05-25,5.975,70.92,-0.08452572406413927,0.020657476501217964,0.0,0.0,0.0,0.0,0.0,0.0,False
2006-05-26,6.419,71.35,0.07167824451206672,0.0060448627168376845,0.0,0.0,0.0,0.0,0.0,0.0,False
2006-05-30,6.123,71.85,-0.047210169833823645,0.006983268602188453,0.0,0.0,0.0,0.0,0.0,0.0,False
2006-05-31,6.621,71.42,0.07819424344689163,-0.0060026703587308106,0.0,0.0,0.0,0.0,0.0,0.0,False
2006-06-01,6.25,70.11,-0.05766495219439882,-0.0185125049474264,0.0,0.0,0.0,0.0,0.0,0.0,False
2006-06-02,6.883,72.73,0.09647313966791682,0.03668851694757258,0.0,0.0,0.0,0.0,0.0,0.0,False
2006-06-05,6.718,72.5,-0.02426411222612601,-0.0031673923058201936,0.0,0.0,0.0,0.0,0.0,0.0,False
2006-06-06,7.378,72.43,0.09371210798438279,-0.0009659836533941757,0.0,0.0,0.0,0.0,0.0,0.0,False
2006-06-07,5.82,70.9,-0.2372023374311374,-0.02135014466915308,0.0,0.0,0.0,0.0,0.0,0.0,False
2006-06-08,5.84,70.25,0.0034305350967891446,-0.009210125324226048,0.0,0.0,0.0,0.0,0.0,0.0,False
2006-06-09,6.1,71.62,0.04355797433912989,0.01931405635643113,0.0,0.0,0.0,0.0,0.0,0.0,False
2006-06-12,7.216,70.28,0.16801201158105705,-0.018887101251389815,0.0,0.0,0.0,0.0,0.0,0.0,False
2006-06-13,6.75,68.48,-0.06675827787588395,-0.025945531485410456,0.0,0.0,0.0,0.0,0.0,0.0,False
2006-06-14,6.59,69.12,-0.023989156370022746,0.00930239266231414,0.0,0.0,0.0,0.0,0.0,0.0,False
2006-06-15,7.207,69.78,0.08949942742788819,0.009503311262827552,0.0,0.0,0.0,0.0,0.0,0.0,False
2006-06-16,7.185,69.75,-0.003057256411315823,-0.00043001505715345445,0.0,0.0,0.0,0.0,0.0,0.0,False
2006-06-19,7.153,69.21,-0.004463670404741382,-0.007772059847702906,0.0,0.0,0.0,0.0,0.0,0.0,False
2006-06-20,7.367,69.3,0.029478718574429852,0.0012995453420856506,0.0,0.0,0.0,0.0,0.0,0.0,False
2006-06-21,6.798,70.07,-0.08038211642675241,0.011049836186584727,0.0,0.0,0.0,0.0,0.0,0.0,False
2006-06-22,7.149,70.62,0.050344035510790475,0.007818648117797977,0.0,0.0,0.0,0.0,0.0,0.0,False
2006-06-23,7.041,70.5,-0.015222281247718517,-0.0017006806820170084,0.0,0.0,0.0,0.0,0.0,0.0,False
2006-06-26,5.969,71.63,-0.16517079635048337,0.01590127080813719,0.0,0.0,0.0,0.0,0.0,0.0,False
2006-06-27,6.562,72.05,0.09471602535239709,0.005846341819171208,0.0,0.0,0.0,0.0,0.0,0.0,False
2006-06-28,6.04,72.15,-0.0828914225921864,0.0013869627743483548,0.0,0.0,0.0,0.0,0.0,0.0,False
2006-06-29,8.165,73.5,0.3014527144757049,0.018538120998910834,0.0,0.0,0.0,0.0,0.0,0.0,False
2006-06-30,8.139,73.94,-0.003189404077524216,0.005968547289695536,0.0,0.0,0.0,0.0,0.0,0.0,False
2006-07-05,6.038,75.2,-0.29859449106025715,0.016897277447307957,0.0,0.0,0.0,0.0,0.0,0.0,False
2006-07-06,5.28,75.0,-0.13414673356647677,-0.0026631174194839957,0.0,0.0,0.0,0.0,0.0,0.0,False
2006-07-07,6.183,73.76,0.15787749285826136,-0.016671534287971745,0.0,0.0,0.0,0.0,0.0,0.0,False
2006-07-10,6.272,73.5,0.014291692471675166,-0.0035311730295477517,0.0,0.0,0.0,0.0,0.0,0.0,False
2006-07-11,5.908,74.05,-0.05978791837897335,0.007455134495017113,0.0,0.0,0.0,0.0,0.0,0.0,False
2006-07-12,6.382,74.99,0.07717416318691828,0.01261423059948985,0.0,0.0,0.0,0.0,0.0,0.0,False
2006-07-13,6.129,76.7,-0.04044992335245712,0.02254693705991251,0.0,0.0,0.0,0.0,0.0,0.0,False
2006-07-14,6.867,76.8,0.11369572513494486,0.0013029317804162943,0.0,0.0,0.0,0.0,0.0,0.0,False
2006-07-17,5.783,75.7,-0.17180475046245824,-0.014426479710222928,0.0,0.0,0.0,0.0,0.0,0.0,False
2006-07-18,5.555,73.87,-0.04022415608448782,-0.024471368902757362,0.0,0.0,0.0,0.0,0.0,0.0,False
2006-07-19,5.862,72.79,0.05379241919710731,-0.014728208410479837,0.0,0.0,0.0,0.0,0.0,0.0,False
2006-07-20,6.14,74.0,0.046333899870350415,0.016486510074003924,0.0,0.0,0.0,0.0,0.0,0.0,False
2006-07-21,7.998,73.52,0.2643667682655757,-0.006507615156738922,0.0,0.0,0.0,0.0,0.0,0.0,False
2006-07-24,6.988,74.29,-0.13499711815281668,0.010418875116283921,0.0,0.0,0.0,0.0,0.0,0.0,False
2006-07-25,6.78,73.46,-0.03021729031950593,-0.011235312772194028,0.0,0.0,0.0,0.0,0.0,0.0,False
2006-07-26,8.679,73.82,0.2469292127098035,0.004888657210330827,0.0,0.0,0.0,0.0,0.0,0.0,False
2006-07-27,7.03,74.5,-0.21071960883953422,0.00916942778366181,0.0,0.0,0.0,0.0,0.0,0.0,False
2006-07-28,7.184,73.3,0.021669625177324958,-0.016238516492908417,0.0,0.0,0.0,0.0,0.0,0.0,False
2006-07-31,11.111,74.56,0.4360792776019733,0.017043561484729963,0.0,0.0,0.0,0.0,0.0,0.0,False
2006-08-01,7.779,74.93,-0.3565078133772346,0.004950173998883756,0.0,0.0,0.0,0.0,0.0,0.0,False
2006-08-02,9.526,76.16,0.20259710715403134,0.0162820461068911,0.0,0.0,0.0,0.0,0.0,0.0,False
2006-08-03,7.542,75.59,-0.23353750354250336,-0.007512391179024469,0.0,0.0,0.0,0.0,0.0,0.0,False
2006-08-04,10.401,74.78,0.321414556534831,-0.01077352975511836,0.0,0.0,0.0,0.0,0.0,0.0,False
2006-08-07,6.907,77.05,-0.40936656526416026,0.02990409221715762,0.0,0.0,0.0,0.0,0.0,0.0,False
2006-08-08,7.06,76.29,0.02190966139831474,-0.009912693663986616,0.0,0.0,0.0,0.0,0.0,0.0,False
2006-08-09,7.6,76.28,0.07370319578713458,-0.0001310873699198467,0.0,0.0,0.0,0.0,0.0,0.0,False
2006-08-10,9.277,74.17,0.1993899713788494,-0.02805102498375156,0.0,0.0,0.0,0.0,0.0,0.0,False
2006-08-11,7.56,74.38,-0.20466702847969298,0.0028273327484571453,0.0,0.0,0.0,0.0,0.0,0.0,False
2006-08-14,7.088,73.33,-0.0644679768886618,-0.014217286391216,0.0,0.0,0.0,0.0,0.0,0.0,False
2006-08-15,10.444,72.95,0.3876244375341027,-0.005195527136913292,0.0,0.0,0.0,0.0,0.0,0.0,False
2006-08-16,8.819,71.64,-0.16911916593083864,-0.018120697776283556,0.0,0.0,0.0,0.0,0.0,0.0,False
2006-08-17,10.38,70.12,0.16297239283169862,-0.021445517139477843,0.0,0.0,0.0,0.0,0.0,0.0,False
2006-08-18,6.731,70.93,-0.4331571567091663,0.01148541516096202,0.0,0.0,0.0,0.0,0.0,0.0,False
2006-08-21,10.251,72.45,0.42065154077268807,0.021203193552696398,0.0,0.0,0.0,0.0,0.0,0.0,False
2006-08-22,7.008,72.55,-0.38032290816717396,0.0013793105635047098,0.0,0.0,0.0,0.0,0.0,0.0,False
2006-08-23,7.006,71.45,-0.0002854288587952336,-0.01527807495432043,0.0,0.0,0.0,0.0,0.0,0.0,False
2006-08-24,10.555,72.02,0.40983275652498885,0.007945953844853193,0.0,0.0,0.0,0.0,0.0,0.0,False
2006-08-25,7.157,72.13,-0.38850878254382337,0.001526188294851849,0.0,0.0,0.0,0.0,0.0,0.0,False
2006-08-28,6.51,70.47,-0.09475144253598256,-0.02328295917665013,0.0,0.0,0.0,0.0,0.0,0.0,False
2006-08-29,8.8,69.74,0.30141226526368303,-0.01041304609142557,0.0,0.0,0.0,0.0,0.0,0.0,False
2006-08-30,9.925,70.2,0.12030510508909309,0.006574269784260345,0.0,0.0,0.0,0.0,0.0,0.0,False
2006-08-31,5.8,70.38,-0.5371989090208804,0.0025608208616736405,0.0,0.0,0.0,0.0,0.0,0.0,False
2006-09-01,8.057,69.24,0.3286833612426854,-0.016330401585430643,0.0,0.0,0.0,0.0,0.0,0.0,False
2006-09-05,8.079,68.7,0.0027268237025124265,-0.007829531079704743,0.0,0.0,0.0,0.0,0.0,0.0,False
2006-09-06,5.7,67.75,-0.34880192765706686,-0.013924739468493819,0.0,0.0,0.0,0.0,0.0,0.0,False
2006-09-07,7.608,67.37,0.28873415040258466,-0.005624644787241451,0.0,0.0,0.0,0.0,0.0,0.0,False
2006-09-08,10.185,66.3,0.29171572443567984,-0.016009917780752225,0.0,0.0,0.0,0.0,0.0,0.0,False
2006-09-11,5.67,65.42,-0.5857269319391083,-0.01336187508157849,0.0,0.0,0.0,0.0,0.0,0.0,False
2006-09-12,8.884,63.81,0.4490627882925202,-0.02491810422998242,0.0,0.0,0.0,0.0,0.0,0.0,False
2006-09-13,8.679,64.09,-0.023345591370073304,0.004378427635879589,0.0,0.0,0.0,0.0,0.0,0.0,False
2006-09-14,4.892,63.27,-0.5733050968371818,-0.012877062357341984,0.0,0.0,0.0,0.0,0.0,0.0,False
2006-09-15,6.364,63.3,0.2630558926506146,0.0004740459913374906,0.0,0.0,0.0,0.0,0.0,0.0,False
2006-09-18,5.02,63.84,-0.23722717677190275,0.008494623991422756,0.0,0.0,0.0,0.0,0.0,0.0,False
2006-09-19,4.99,61.77,-0.0059940239402103135,-0.03296214343374526,0.0,0.0,0.0,0.0,0.0,0.0,False
2006-09-20,4.87,60.0,-0.024341972668928902,-0.02907324748570783,0.0,0.0,0.0,0.0,0.0,0.0,False
2006-09-21,4.65,61.62,-0.04622671749523355,0.026641930946420977,0.0,0.0,0.0,0.0,0.0,0.0,False
2006-09-22,5.881,59.79,0.23485959587855398,-0.030148070275708427,0.0,0.0,0.0,0.0,0.0,0.0,False
2006-09-25,5.733,60.74,-0.025487861551573454,0.01576403672479021,0.0,0.0,0.0,0.0,0.0,0.0,False
2006-09-26,7.32,60.63,0.24437137404697462,-0.0018126395339637114,0.0,0.0,0.0,0.0,0.0,0.0,False
2006-09-27,4.201,62.96,-0.5552877357859751,0.037709784025508064,0.0,0.0,0.0,0.0,0.0,0.0,False
2006-09-28,7.586,62.46,0.5909818510794624,-0.007973252254214636,0.0,0.0,0.0,0.0,0.0,0.0,False
2006-09-29,7.345,62.9,-0.03228463364086687,0.0070198118514621655,0.0,0.0,0.0,0.0,0.0,0.0,False
2006-10-02,5.643,60.96,-0.26360397063883756,-0.03132825232800407,0.0,0.0,0.0,0.0,0.0,0.0,False
2006-10-03,4.01,58.64,-0.34162459766852526,-0.038800853799995316,0.0,0.0,0.0,0.0,0.0,0.0,False
2006-10-04,5.995,59.53,0.40213454716099983,0.015063329586903151,0.0,0.0,0.0,0.0,0.0,0.0,False
2006-10-05,8.363,60.02,0.33289142591991117,0.008197452846922637,0.0,0.0,0.0,0.0,0.0,0.0,False
2006-10-06,8.327,59.68,-0.004313967145706421,-0.005680884116715745,0.0,0.0,0.0,0.0,0.0,0.0,False
2006-10-09,6.429,59.93,-0.25868424209413265,0.004180258574588258,0.0,0.0,0.0,0.0,0.0,0.0,False
2006-10-10,6.466,58.5,0.00573867414369178,-0.024150460232283066,0.0,0.0,0.0,0.0,0.0,0.0,False
2006-10-11,6.15,57.56,-0.0501055974848148,-0.016198872218644134,0.0,0.0,0.0,0.0,0.0,0.0,False
2006-10-12,5.17,58.23,-0.1735793932980889,0.011572803829861478,0.0,0.0,0.0,0.0,0.0,0.0,False
2006-10-13,7.98,58.69,0.4340657229413796,0.007868668721214611,0.0,0.0,0.0,0.0,0.0,0.0,False
2006-10-16,5.13,59.91,-0.44183275227903906,0.020574081525590593,0.0,0.0,0.0,0.0,0.0,0.0,False
2006-10-17,6.442,58.91,0.2277333917263289,-0.016832580562237354,0.0,0.0,0.0,0.0,0.0,0.0,False
2006-10-18,6.07,57.66,-0.05948044583760015,-0.021447163323339957,0.0,0.0,0.0,0.0,0.0,0.0,False
2006-10-19,8.427,58.55,0.32808223171880924,0.015317397833469748,0.0,0.0,0.0,0.0,0.0,0.0,False
2006-10-20,7.241,57.35,-0.1516815183835325,-0.020708246468346125,0.0,0.0,0.0,0.0,0.0,0.0,False
2006-10-23,8.231,56.74,0.1281481955838233,-0.010693414194674844,0.0,0.0,0.0,0.0,0.0,0.0,False
2006-10-24,7.13,57.55,-0.14359627956430243,0.014174705787186603,0.0,0.0,0.0,0.0,0.0,0.0,False
2006-10-25,7.693,59.09,0.07599959005059276,0.026407570189691754,0.0,0.0,0.0,0.0,0.0,0.0,False
2006-10-26,8.497,60.27,0.09940233554460676,0.01977276213736978,0.0,0.0,0.0,0.0,0.0,0.0,False
2006-10-27,7.827,60.75,-0.08213386519870314,0.00793261472570439,0.0,0.0,0.0,0.0,0.0,0.0,False
2006-10-30,7.785,58.41,-0.005380489536739308,-0.03927997416843976,0.0,0.0,0.0,0.0,0.0,0.0,False
2006-10-31,8.058,58.72,0.0344665814831937,0.005293276254042745,0.0,0.0,0.0,0.0,0.0,0.0,False
2006-11-01,7.712,58.64,-0.043887829460910854,-0.0013633267278647665,0.0,0.0,0.0,0.0,0.0,0.0,False
2006-11-02,8.364,57.87,0.0811592242581427,-0.013217941992648363,0.0,0.0,0.0,0.0,0.0,0.0,False
2006-11-03,7.884,59.13,-0.0591013922759136,0.02153929424699097,0.0,0.0,0.0,0.0,0.0,0.0,False
2006-11-06,7.49,60.11,-0.05126659176134529,0.01643780721833199,0.0,0.0,0.0,0.0,0.0,0.0,False
2006-11-07,6.59,58.94,-0.1280154490147125,-0.019656239741522086,0.0,0.0,0.0,0.0,0.0,0.0,False
2006-11-08,7.823,59.93,0.17151476418852774,0.01665723716054579,0.0,0.0,0.0,0.0,0.0,0.0,False
2006-11-09,7.35,61.18,-0.06236779947819837,0.020643124252663014,0.0,0.0,0.0,0.0,0.0,0.0,False
2006-11-10,7.16,59.66,-0.026190332252190807,-0.025158559636154543,0.0,0.0,0.0,0.0,0.0,0.0,False
2006-11-13,7.894,58.59,0.09759299626810103,-0.018097745529905396,0.0,0.0,0.0,0.0,0.0,0.0,False
2006-11-14,7.977,58.28,0.0104594236883373,-0.005305052229693352,0.0,0.0,0.0,0.0,0.0,0.0,False
2006-11-15,8.12,58.79,0.017767753244593898,0.008712791087160277,0.0,0.0,0.0,0.0,0.0,0.0,False
2006-11-16,7.755,56.23,-0.04599235754508424,-0.044521350110053426,0.0,0.0,0.0,0.0,0.0,0.0,False
2006-11-17,8.674,55.9,0.11199224878467229,-0.005886042143057324,0.0,0.0,0.0,0.0,0.0,0.0,False
2006-11-20,8.416,56.42,-0.03019538941782063,0.009259325412797281,0.0,0.0,0.0,0.0,0.0,0.0,False
2006-11-21,8.437,58.01,0.0024921391881354005,0.027791703904122222,0.0,0.0,0.0,0.0,0.0,0.0,False
2006-11-22,7.42,57.28,-0.1284477380042004,-0.012663886825582615,0.0,0.0,0.0,0.0,0.0,0.0,False
2006-11-27,8.357,60.3,0.11892045384001015,0.05138058108074972,0.0,0.0,0.0,0.0,0.0,0.0,False
2006-11-28,8.318,60.97,-0.004677669698579301,0.011049836186584727,0.0,0.0,0.0,0.0,0.0,0.0,False
2006-11-29,8.276,62.45,-0.005062081437423149,0.023984296651861747,0.0,0.0,0.0,0.0,0.0,0.0,False
2006-11-30,8.844,62.97,0.06637950311190322,0.008292185929064999,0.0,0.0,0.0,0.0,0.0,0.0,False
2006-12-01,8.08,63.43,-0.09034739046219586,0.007278513145154264,0.0,0.0,0.0,0.0,0.0,0.0,False
2006-12-04,7.806,62.39,-0.034499203774581044,-0.016531929523110556,0.0,0.0,0.0,0.0,0.0,0.0,False
2006-12-05,7.758,62.4,-0.00616809974064747,0.00016026925268697312,0.0,0.0,0.0,0.0,0.0,0.0,False
2006-12-06,7.63,62.2,-0.016636723721410007,-0.0032102756302485602,0.0,0.0,0.0,0.0,0.0,0.0,False
2006-12-07,7.671,62.54,0.005359139680793934,0.005451352284561395,0.0,0.0,0.0,0.0,0.0,0.0,False
2006-12-08,7.684,62.06,0.0016932599291505923,-0.007704693009460861,0.0,0.0,0.0,0.0,0.0,0.0,False
2006-12-11,6.81,61.26,-0.12074812474488916,-0.012974557615605065,0.0,0.0,0.0,0.0,0.0,0.0,False
2006-12-12,7.57,61.06,0.10580094728793665,-0.0032701140978970145,0.0,0.0,0.0,0.0,0.0,0.0,False
2006-12-13,7.703,61.34,0.017416795921471273,0.004575171379373799,0.0,0.0,0.0,0.0,0.0,0.0,False
2006-12-14,7.593,62.48,-0.014383093139731962,0.018414346845324836,0.0,0.0,0.0,0.0,0.0,0.0,False
2006-12-15,7.409,63.4,-0.024531292796576842,0.014617355911749286,0.0,0.0,0.0,0.0,0.0,0.0,False
2006-12-18,7.195,62.19,-0.029309137095188786,-0.01926964632738226,0.0,0.0,0.0,0.0,0.0,0.0,False
2006-12-19,7.228,62.87,0.004576032390650742,0.010874887279172185,0.0,0.0,0.0,0.0,0.0,0.0,False
2006-12-20,6.43,63.08,-0.11698783448045402,0.0033346596998677924,0.0,0.0,0.0,0.0,0.0,0.0,False
2006-12-21,6.09,62.05,-0.05432645652772239,-0.0164632504442217,0.0,0.0,0.0,0.0,0.0,0.0,False
2006-12-22,6.88,61.81,0.1219705702234466,-0.0038753479794335632,0.0,0.0,0.0,0.0,0.0,0.0,False
2006-12-26,6.508,61.07,-0.05558646258846078,-0.012044416436139294,0.0,0.0,0.0,0.0,0.0,0.0,False
2006-12-27,6.257,60.31,-0.03933135234056495,-0.012522819772147642,0.0,0.0,0.0,0.0,0.0,0.0,False
2006-12-28,6.582,60.39,0.05063781350492169,0.0013256008569149103,0.0,0.0,0.0,0.0,0.0,0.0,False
2006-12-29,6.299,60.85,-0.04394775988135602,0.007588291113726164,0.0,0.0,0.0,0.0,0.0,0.0,False
2007-01-02,5.4,60.77,-0.15399193706956327,-0.001315573286272631,0.0,0.0,0.0,0.0,0.0,0.0,False
2007-01-03,6.435,58.31,0.17535288747786115,-0.04132264091319904,0.0,0.0,0.0,0.0,0.0,0.0,False
2007-01-04,6.54,55.65,0.016185324421017278,-0.046691527512511044,0.0,0.0,0.0,0.0,0.0,0.0,False
2007-01-05,6.557,56.29,0.0025960158123752297,0.011434821754381375,0.0,0.0,0.0,0.0,0.0,0.0,False
2007-01-08,6.637,56.08,0.012126872882305406,-0.003737656749600582,0.0,0.0,0.0,0.0,0.0,0.0,False
2007-01-09,6.631,55.65,-0.0009044317770572352,-0.007697165004780793,0.0,0.0,0.0,0.0,0.0,0.0,False
2007-01-10,6.42,53.95,-0.03233750468486085,-0.031024386017409977,0.0,0.0,0.0,0.0,0.0,0.0,False
2007-01-11,6.292,51.91,-0.02013913250583843,-0.03854624186500599,0.0,0.0,0.0,0.0,0.0,0.0,False
2007-01-12,6.601,52.96,0.04794216751060243,0.02002546178961495,0.0,0.0,0.0,0.0,0.0,0.0,False
2007-01-16,6.761,51.23,0.023949655401906966,-0.033211613677641694,0.0,0.0,0.0,0.0,0.0,0.0,False
2007-01-17,6.535,52.3,-0.0339984610323556,0.020671073119766348,0.0,0.0,0.0,0.0,0.0,0.0,False
2007-01-18,6.29,50.51,-0.03821127636383603,-0.034825034590916015,0.0,0.0,0.0,0.0,0.0,0.0,False
2007-01-19,7.055,51.98,0.11477551459242807,0.028687692733382786,0.0,0.0,0.0,0.0,0.0,0.0,False
2007-01-22,7.2,51.11,0.020344440717232404,-0.01687885643315612,0.0,0.0,0.0,0.0,0.0,0.0,False
2007-01-23,7.512,53.61,0.04242071588395224,0.04775544505925833,0.0,0.0,0.0,0.0,0.0,0.0,False
2007-01-24,7.319,54.24,-0.02602803528687181,0.011683025792693869,0.0,0.0,0.0,0.0,0.0,0.0,False
2007-01-25,6.91,53.49,-0.057504068839511424,-0.013923923088981383,0.0,0.0,0.0,0.0,0.0,0.0,False
2007-01-26,6.95,55.38,0.005772021797122218,0.03472379719965746,0.0,0.0,0.0,0.0,0.0,0.0,False
2007-01-29,7.012,54.01,0.008881307482287104,-0.025049303138016565,0.0,0.0,0.0,0.0,0.0,0.0,False
2007-01-30,7.782,57.03,0.10419040750337372,0.054408230563648186,0.0,0.0,0.0,0.0,0.0,0.0,False
2007-01-31,7.655,58.17,-0.016454345452714403,0.01979231275422233,0.0,0.0,0.0,0.0,0.0,0.0,False
2007-02-01,7.704,57.35,0.006380645386176997,-0.014196914347290424,0.0,0.0,0.0,0.0,0.0,0.0,False
2007-02-02,7.521,59.01,-0.024040566651558404,0.028534077493697296,0.0,0.0,0.0,0.0,0.0,0.0,False
2007-02-05,7.634,58.69,0.014912846478772224,-0.005437566498834201,0.0,0.0,0.0,0.0,0.0,0.0,False
2007-02-06,7.746,58.91,0.014564626769522526,0.0037415009633532392,0.0,0.0,0.0,0.0,0.0,0.0,False
2007-02-07,7.768,57.75,0.0028361498964630805,-0.019887506131692767,0.0,0.0,0.0,0.0,0.0,0.0,False
2007-02-08,7.918,59.76,0.019125917694915007,0.03421319142265844,0.0,0.0,0.0,0.0,0.0,0.0,False
2007-02-09,7.837,59.86,-0.01028254061321121,0.0016719615999907234,0.0,0.0,0.0,0.0,0.0,0.0,False
2007-02-12,7.329,57.76,-0.06701702712701452,-0.035712007839982185,0.0,0.0,0.0,0.0,0.0,0.0,False
2007-02-13,7.623,58.98,0.03933091206242367,0.02090190880255971,0.0,0.0,0.0,0.0,0.0,0.0,False
2007-02-14,8.9,58.0,0.15488128373195753,-0.016755392840710925,0.0,0.0,0.0,0.0,0.0,0.0,False
2007-02-15,7.428,57.92,-0.1807946332476349,-0.001380262468957838,0.0,0.0,0.0,0.0,0.0,0.0,False
2007-02-16,7.503,59.38,0.010046297073132315,0.024894721258152508,0.0,0.0,0.0,0.0,0.0,0.0,False
2007-02-20,7.765,58.32,0.034323516037058965,-0.018012381635211128,0.0,0.0,0.0,0.0,0.0,0.0,False
2007-02-21,7.646,59.4,-0.015443821326429408,0.018349138668196652,0.0,0.0,0.0,0.0,0.0,0.0,False
2007-02-22,7.88,60.28,0.030145268595566765,0.014706147389695445,0.0,0.0,0.0,0.0,0.0,0.0,False
2007-02-23,7.886,60.28,0.0007611315856475009,0.0,0.0,0.0,0.0,0.0,0.0,0.0,False
2007-02-26,7.547,61.41,-0.04393890215270391,0.018572314583012783,0.0,0.0,0.0,0.0,0.0,0.0,False
2007-02-27,7.806,61.46,0.0337425354556915,0.0008138683610310338,0.0,0.0,0.0,0.0,0.0,0.0,False
2007-02-28,7.614,61.78,-0.024904010798117326,0.005193130788097022,0.0,0.0,0.0,0.0,0.0,0.0,False
2007-03-01,7.405,61.97,-0.027833210240543416,0.0030707094835804583,0.0,0.0,0.0,0.0,0.0,0.0,False
2007-03-02,7.369,61.58,-0.004873435934900083,-0.006313254477661623,0.0,0.0,0.0,0.0,0.0,0.0,False
2007-03-05,7.6,60.05,0.030866235507422957,-0.02515959397036216,0.0,0.0,0.0,0.0,0.0,0.0,False
2007-03-06,7.472,60.66,-0.016985546365743787,0.010106953734442925,0.0,0.0,0.0,0.0,0.0,0.0,False
2007-03-07,7.5,61.85,0.0037403196157232976,0.019427596578061923,0.0,0.0,0.0,0.0,0.0,0.0,False
2007-03-08,7.14,61.63,-0.04919024419077167,-0.003563333864345708,0.0,0.0,0.0,0.0,0.0,0.0,False
2007-03-09,7.232,60.06,0.0128028467383825,-0.025804702418967373,0.0,0.0,0.0,0.0,0.0,0.0,False
2007-03-12,6.912,58.94,-0.04525659158812112,-0.018824085245635835,0.0,0.0,0.0,0.0,0.0,0.0,False
2007-03-13,7.032,58.03,0.017212128881121558,-0.015559859107031393,0.0,0.0,0.0,0.0,0.0,0.0,False
2007-03-14,6.86,58.15,-0.024763718645081978,0.0020657607621563656,0.0,0.0,0.0,0.0,0.0,0.0,False
2007-03-15,7.02,57.52,0.023055776299925723,-0.0108931655518818,0.0,0.0,0.0,0.0,0.0,0.0,False
2007-03-16,7.192,57.06,0.024206079131599445,-0.008029367627437445,0.0,0.0,0.0,0.0,0.0,0.0,False
2007-03-19,6.975,56.65,-0.030636969461889763,-0.007211358311338678,0.0,0.0,0.0,0.0,0.0,0.0,False
2007-03-20,7.02,56.41,0.0064308903302903175,-0.004245539722130154,0.0,0.0,0.0,0.0,0.0,0.0,False
2007-03-21,7.16,56.98,0.019746762934834683,0.010053881317877433,0.0,0.0,0.0,0.0,0.0,0.0,False
2007-03-22,7.32,60.21,0.022100347000665765,0.05513812240659366,0.0,0.0,0.0,0.0,0.0,0.0,False
2007-03-23,7.406,61.07,0.011680154518200814,0.014182295758686791,0.0,0.0,0.0,0.0,0.0,0.0,False
2007-03-26,7.688,61.77,0.037370189176570534,0.011397062472765285,0.0,0.0,0.0,0.0,0.0,0.0,False
2007-03-27,7.901,62.98,0.027328662072604537,0.019399405965070393,0.0,0.0,0.0,0.0,0.0,0.0,False
2007-03-28,7.558,64.11,-0.044382728813298744,0.017783142326287305,0.0,0.0,0.0,0.0,0.0,0.0,False
2007-03-29,7.609,66.1,0.0067251522670885855,0.030568388858474904,0.0,0.0,0.0,0.0,0.0,0.0,False
2007-03-30,7.5,65.94,-0.014428736652121188,-0.0024235092140560965,0.0,0.0,0.0,0.0,0.0,0.0,False
2007-04-02,8.051,66.03,0.07089328677557916,0.0013639465628951797,0.0,0.0,0.0,0.0,0.0,0.0,False
2007-04-03,7.57,64.59,-0.06160323986848626,-0.022049584162098235,0.0,0.0,0.0,0.0,0.0,0.0,False
2007-04-04,7.46,64.4,-0.014637653233688042,-0.002945966934073674,0.0,0.0,0.0,0.0,0.0,0.0,False
2007-04-05,7.885,64.26,0.05540680619933225,-0.002176279422595684,0.0,0.0,0.0,0.0,0.0,0.0,False
2007-04-09,7.546,61.51,-0.043944598872883045,-0.043737590467435083,0.0,0.0,0.0,0.0,0.0,0.0,False
2007-04-10,7.65,61.92,0.013688026296325706,0.006643466061194481,0.0,0.0,0.0,0.0,0.0,0.0,False
2007-04-11,7.999,61.98,0.04461088602824015,0.0009685230781304455,0.0,0.0,0.0,0.0,0.0,0.0,False
2007-04-12,7.924,63.87,-0.009420405030379886,0.030038015213895264,0.0,0.0,0.0,0.0,0.0,0.0,False
2007-04-13,8.214,63.63,0.035943886698062144,-0.003764710328796994,0.0,0.0,0.0,0.0,0.0,0.0,False
2007-04-16,7.669,63.63,-0.06865378675164457,0.0,0.0,0.0,0.0,0.0,0.0,0.0,False
2007-04-17,7.714,63.14,0.005850631003313733,-0.007730574114854782,0.0,0.0,0.0,0.0,0.0,0.0,False
2007-04-18,7.54,63.14,-0.022814677766171076,0.0,0.0,0.0,0.0,0.0,0.0,0.0,False
2007-04-19,7.913,61.81,0.04828479460719137,-0.021289319458663414,0.0,0.0,0.0,0.0,0.0,0.0,False
2007-04-20,7.32,63.56,-0.07789664865383616,0.027919177997333122,0.0,0.0,0.0,0.0,0.0,0.0,False
2007-04-23,7.849,65.33,0.06977580717145648,0.027467007184143633,0.0,0.0,0.0,0.0,0.0,0.0,False
2007-04-24,7.708,64.1,-0.018127384592556695,-0.01900698492603503,0.0,0.0,0.0,0.0,0.0,0.0,False
2007-04-25,7.689,65.33,-0.0024680145020763433,0.01900698492603503,0.0,0.0,0.0,0.0,0.0,0.0,False
2007-04-26,7.602,65.08,-0.011379365482986348,-0.0038340665018221642,0.0,0.0,0.0,0.0,0.0,0.0,False
2007-04-27,8.148,66.45,0.06936112779750214,0.02083250280841753,0.0,0.0,0.0,0.0,0.0,0.0,False
2007-04-30,7.71,65.78,-0.05525431078932108,-0.010133944398343253,0.0,0.0,0.0,0.0,0.0,0.0,False
2007-05-01,7.988,64.43,0.0354222279783305,-0.02073647761035957,0.0,0.0,0.0,0.0,0.0,0.0,False
2007-05-02,7.73,63.78,-0.03283155295423823,-0.010139701568640191,0.0,0.0,0.0,0.0,0.0,0.0,False
2007-05-03,8.19,63.23,0.0578050352656474,-0.008660789511389488,0.0,0.0,0.0,0.0,0.0,0.0,False
2007-05-04,8.187,61.89,-0.0003663674706668729,-0.02142025631925204,0.0,0.0,0.0,0.0,0.0,0.0,False
2007-05-07,7.779,61.48,-0.05111973516967394,-0.0066466970808747305,0.0,0.0,0.0,0.0,0.0,0.0,False
2007-05-08,7.98,62.26,0.025510616237080175,0.012607246343066869,0.0,0.0,0.0,0.0,0.0,0.0,False
2007-05-09,8.067,61.54,0.010843254493119847,-0.011631795119566135,0.0,0.0,0.0,0.0,0.0,0.0,False
2007-05-10,7.997,61.85,-0.00871519460508452,0.005024728944601264,0.0,0.0,0.0,0.0,0.0,0.0,False
2007-05-11,7.899,62.35,-0.012330302167470553,0.00805157328754813,0.0,0.0,0.0,0.0,0.0,0.0,False
2007-05-14,7.85,62.55,-0.006222637387965246,0.003202564786874973,0.0,0.0,0.0,0.0,0.0,0.0,False
2007-05-15,8.135,63.16,0.035662208876684254,0.009704952474520745,0.0,0.0,0.0,0.0,0.0,0.0,False
2007-05-16,7.62,62.57,-0.0653993709724463,-0.009385259377168609,0.0,0.0,0.0,0.0,0.0,0.0,False
2007-05-17,8.075,64.83,0.05799649941016538,0.035482529176632305,0.0,0.0,0.0,0.0,0.0,0.0,False
2007-05-18,8.258,64.93,0.022409558355178216,0.0015413073334906713,0.0,0.0,0.0,0.0,0.0,0.0,False
2007-05-21,8.224,66.25,-0.004125718751089025,0.020125698345935916,0.0,0.0,0.0,0.0,0.0,0.0,False
2007-05-22,7.801,64.91,-0.05280477810663342,-0.02043376982095424,0.0,0.0,0.0,0.0,0.0,0.0,False
2007-05-23,8.153,65.1,0.04413402707459779,0.002922854169146838,0.0,0.0,0.0,0.0,0.0,0.0,False
2007-05-24,7.987,63.62,-0.02057073774552176,-0.022996662893525865,0.0,0.0,0.0,0.0,0.0,0.0,False
2007-05-25,7.933,64.59,-0.006783945615385978,0.015131713723383733,0.0,0.0,0.0,0.0,0.0,0.0,False
2007-05-29,7.591,63.19,-0.044067939285235,-0.02191353925901751,0.0,0.0,0.0,0.0,0.0,0.0,False
2007-05-30,8.063,63.47,0.06032236066825414,0.004421292533014487,0.0,0.0,0.0,0.0,0.0,0.0,False
2007-05-31,8.24,64.02,0.021714648218495114,0.008628181223338416,0.0,0.0,0.0,0.0,0.0,0.0,False
2007-06-01,7.878,65.09,-0.044926279372666134,0.01657539304257849,0.0,0.0,0.0,0.0,0.0,0.0,False
2007-06-04,8.512,66.17,0.07740286805057472,0.0164562604396723,0.0,0.0,0.0,0.0,0.0,0.0,False
2007-06-05,7.83,65.63,-0.08351442259657693,-0.008194279538336957,0.0,0.0,0.0,0.0,0.0,0.0,False
2007-06-06,8.08,65.97,0.03142936253029216,0.005167184749148568,0.0,0.0,0.0,0.0,0.0,0.0,False
2007-06-07,7.825,66.93,-0.03206813610678694,0.014447203877771209,0.0,0.0,0.0,0.0,0.0,0.0,False
2007-06-08,7.802,64.78,-0.0029436253417522984,-0.03265038336936765,0.0,0.0,0.0,0.0,0.0,0.0,False
2007-06-11,7.608,65.93,-0.02517978584137559,0.017596659382025592,0.0,0.0,0.0,0.0,0.0,0.0,False
2007-06-12,7.915,65.36,0.03955936808988625,-0.008683122573461155,0.0,0.0,0.0,0.0,0.0,0.0,False
2007-06-13,7.987,66.17,0.009055526602276487,0.012316737472220396,0.0,0.0,0.0,0.0,0.0,0.0,False
2007-06-14,7.808,67.62,-0.022666370824460547,0.021676609255772306,0.0,0.0,0.0,0.0,0.0,0.0,False
2007-06-15,8.06,68.04,0.03176470740774562,0.0061919702479205085,0.0,0.0,0.0,0.0,0.0,0.0,False
2007-06-18,7.69,69.06,-0.04699277300098448,0.014879924434185732,0.0,0.0,0.0,0.0,0.0,0.0,False
2007-06-19,7.46,69.15,-0.03036536930188305,0.0013023661489208749,0.0,0.0,0.0,0.0,0.0,0.0,False
2007-06-20,7.391,68.5,-0.009292370412919748,-0.009444312842587621,0.0,0.0,0.0,0.0,0.0,0.0,False
2007-06-21,7.7,68.35,0.04095728505688845,-0.0021921820982209184,0.0,0.0,0.0,0.0,0.0,0.0,False
2007-06-22,7.483,68.85,-0.02858654776141689,0.0072886620047052375,0.0,0.0,0.0,0.0,0.0,0.0,False
2007-06-25,7.32,68.83,-0.022023453125001202,-0.00029052876439106257,0.0,0.0,0.0,0.0,0.0,0.0,False
2007-06-26,6.85,67.78,-0.06636167569908635,-0.01537253023136742,0.0,0.0,0.0,0.0,0.0,0.0,False
2007-06-27,6.929,68.98,0.011466850371110393,0.017549441329789417,0.0,0.0,0.0,0.0,0.0,0.0,False
2007-06-28,6.907,69.61,-0.0031801125384083306,0.009091627671880431,0.0,0.0,0.0,0.0,0.0,0.0,False
2007-06-29,6.4,70.47,-0.07623739974120958,0.012278852158355669,0.0,0.0,0.0,0.0,0.0,0.0,False
2007-07-02,6.869,71.11,0.07072054486611834,0.009040886556495487,0.0,0.0,0.0,0.0,0.0,0.0,False
2007-07-03,6.754,71.41,-0.016883613268368736,0.004209941665592076,0.0,0.0,0.0,0.0,0.0,0.0,False
2007-07-05,6.618,71.81,-0.02034171246395533,0.005585826561207874,0.0,0.0,0.0,0.0,0.0,0.0,False
2007-07-06,6.15,72.8,-0.07334112768099388,0.013692213080413573,0.0,0.0,0.0,0.0,0.0,0.0,False
2007-07-09,7.503,72.14,0.19885085874516495,-0.009107279727246897,0.0,0.0,0.0,0.0,0.0,0.0,False
2007-07-10,6.979,72.8,-0.07239730052857696,0.009107279727246897,0.0,0.0,0.0,0.0,0.0,0.0,False
2007-07-11,6.877,72.58,-0.014723129697315596,-0.003026553417715405,0.0,0.0,0.0,0.0,0.0,0.0,False
2007-07-12,6.497,72.55,-0.05684197843930505,-0.00041342245472808514,0.0,0.0,0.0,0.0,0.0,0.0,False
2007-07-13,6.27,73.89,-0.035564177253564644,0.01830152147035946,0.0,0.0,0.0,0.0,0.0,0.0,False
2007-07-16,6.32,74.11,0.007942853513936754,0.002972975162711222,0.0,0.0,0.0,0.0,0.0,0.0,False
2007-07-17,6.307,74.03,-0.0020590804772517846,-0.0010800595082605113,0.0,0.0,0.0,0.0,0.0,0.0,False
2007-07-18,6.771,75.03,0.0709886588219939,0.013417617102630786,0.0,0.0,0.0,0.0,0.0,0.0,False
2007-07-19,7.813,75.9,0.1431402265110988,0.011528650843946942,0.0,0.0,0.0,0.0,0.0,0.0,False
2007-07-20,7.576,75.53,-0.030803657130829887,-0.004886756076228238,0.0,0.0,0.0,0.0,0.0,0.0,False
2007-07-23,7.229,74.65,-0.04688464186561703,-0.011719404340157169,0.0,0.0,0.0,0.0,0.0,0.0,False
2007-07-24,6.128,73.38,-0.1652322815798699,-0.017159105058063062,0.0,0.0,0.0,0.0,0.0,0.0,False
2007-07-25,6.062,75.74,-0.010828653802678723,0.03165500354651307,0.0,0.0,0.0,0.0,0.0,0.0,False
2007-07-26,5.943,74.96,-0.01982572225108803,-0.010351784543482623,0.0,0.0,0.0,0.0,0.0,0.0,False
2007-07-27,6.11,77.03,0.027712716798980574,0.027240318434707866,0.0,0.0,0.0,0.0,0.0,0.0,False
2007-07-30,6.499,76.82,0.061721545728707694,-0.0027299334471155845,0.0,0.0,0.0,0.0,0.0,0.0,False
2007-07-31,7.374,78.2,0.12631198089974105,0.017804624633506627,0.0,0.0,0.0,0.0,0.0,0.0,False
2007-08-01,7.484,76.49,0.014807108599890428,-0.02210963421749046,0.0,0.0,0.0,0.0,0.0,0.0,False
2007-08-02,7.241,76.84,-0.033008090005159474,0.004565324566581097,0.0,0.0,0.0,0.0,0.0,0.0,False
2007-08-03,6.09,75.41,-0.17311123668487816,-0.01878544568580054,0.0,0.0,0.0,0.0,0.0,0.0,False
2007-08-06,6.1,72.03,0.0016406894574598763,-0.045857193313284306,0.0,0.0,0.0,0.0,0.0,0.0,False
2007-08-07,6.201,72.25,0.016421798188475334,0.0030496280912704066,0.0,0.0,0.0,0.0,0.0,0.0,False
2007-08-08,8.206,72.23,0.2801550246522535,-0.000276854929786019,0.0,0.0,0.0,0.0,0.0,0.0,False
2007-08-09,7.656,71.62,-0.06937593986934099,-0.008481107492468887,0.0,0.0,0.0,0.0,0.0,0.0,False
2007-08-10,6.57,71.49,-0.15297582165413415,-0.0018167847915266933,0.0,0.0,0.0,0.0,0.0,0.0,False
2007-08-13,7.849,71.6,0.17787230264815745,0.001537494187839883,0.0,0.0,0.0,0.0,0.0,0.0,False
2007-08-14,6.94,72.4,-0.12308436062596351,0.011111225425071147,0.0,0.0,0.0,0.0,0.0,0.0,False
2007-08-15,7.837,73.36,0.12155433355201439,0.013172528556538055,0.0,0.0,0.0,0.0,0.0,0.0,False
2007-08-16,6.96,70.99,-0.11867663372439918,-0.0328398058969146,0.0,0.0,0.0,0.0,0.0,0.0,False
2007-08-17,7.14,71.9,0.025533302005164682,0.01273724267570664,0.0,0.0,0.0,0.0,0.0,0.0,False
2007-08-20,7.885,71.12,0.09924944406350877,-0.010907673521352024,0.0,0.0,0.0,0.0,0.0,0.0,False
2007-08-21,6.03,69.49,-0.2682152096759076,-0.02318573387941303,0.0,0.0,0.0,0.0,0.0,0.0,False
2007-08-22,6.77,69.3,0.11575407618508948,-0.0027379511303786686,0.0,0.0,0.0,0.0,0.0,0.0,False
2007-08-23,5.845,69.86,-0.14691449200015194,0.008048333182828493,0.0,0.0,0.0,0.0,0.0,0.0,False
2007-08-24,6.704,71.17,0.13711776825575028,0.018578141932493963,0.0,0.0,0.0,0.0,0.0,0.0,False
2007-08-27,7.52,71.98,0.11486177478196624,0.011316921339704855,0.0,0.0,0.0,0.0,0.0,0.0,False
2007-08-28,5.593,71.79,-0.2960503221222972,-0.0026431120624925697,0.0,0.0,0.0,0.0,0.0,0.0,False
2007-08-29,6.561,73.52,0.15962721452328954,0.023812287459039183,0.0,0.0,0.0,0.0,0.0,0.0,False
2007-08-30,7.51,73.37,0.13509243541330296,-0.0020423453215281384,0.0,0.0,0.0,0.0,0.0,0.0,False
2007-08-31,5.49,73.98,-0.3133072102546042,0.008279653678404664,0.0,0.0,0.0,0.0,0.0,0.0,False
2007-09-04,5.3,75.07,-0.035221434963363274,0.014626225180602859,0.0,0.0,0.0,0.0,0.0,0.0,False
2007-09-05,7.52,75.74,0.34985931740367215,0.008885410888738399,0.0,0.0,0.0,0.0,0.0,0.0,False
2007-09-06,6.02,76.34,-0.22247887864101856,0.007890624843434502,0.0,0.0,0.0,0.0,0.0,0.0,False
2007-09-07,6.446,76.7,0.06837252407251637,0.004704661056126547,0.0,0.0,0.0,0.0,0.0,0.0,False
2007-09-10,7.476,77.53,0.14823810620007016,0.010763249857657975,0.0,0.0,0.0,0.0,0.0,0.0,False
2007-09-11,7.504,78.16,0.0037383221106073172,0.008093049503659522,0.0,0.0,0.0,0.0,0.0,0.0,False
2007-09-12,7.919,79.85,0.05382872352435175,0.02139186692649364,0.0,0.0,0.0,0.0,0.0,0.0,False
2007-09-13,7.661,80.05,-0.033122411693591314,0.0025015647817028253,0.0,0.0,0.0,0.0,0.0,0.0,False
2007-09-14,6.23,79.14,-0.2067661907353222,-0.011433003485445958,0.0,0.0,0.0,0.0,0.0,0.0,False
2007-09-17,7.932,80.55,0.24152887785818766,0.017659673665705533,0.0,0.0,0.0,0.0,0.0,0.0,False
2007-09-18,7.858,81.51,-0.009373089521281575,0.01184760248338268,0.0,0.0,0.0,0.0,0.0,0.0,False
2007-09-19,6.18,81.99,-0.24021384966666837,0.005871576501720099,0.0,0.0,0.0,0.0,0.0,0.0,False
2007-09-20,8.143,83.85,0.2758403910153948,0.022432199661131413,0.0,0.0,0.0,0.0,0.0,0.0,False
2007-09-21,6.08,83.38,-0.2921539665069186,-0.005621015816567265,0.0,0.0,0.0,0.0,0.0,0.0,False
2007-09-24,8.263,82.51,0.3067830217409717,-0.010488974336398726,0.0,0.0,0.0,0.0,0.0,0.0,False
2007-09-25,6.54,81.2,-0.2338505522499401,-0.01600425094861979,0.0,0.0,0.0,0.0,0.0,0.0,False
2007-09-26,6.47,80.31,-0.010761056956298143,-0.01102110096726161,0.0,0.0,0.0,0.0,0.0,0.0,False
2007-09-27,8.104,82.86,0.22518165843357307,0.03125829044888562,0.0,0.0,0.0,0.0,0.0,0.0,False
2007-09-28,8.137,81.64,0.004063794768137896,-0.01483309870761218,0.0,0.0,0.0,0.0,0.0,0.0,False
2007-10-01,8.163,80.31,0.0031901867546988427,-0.016425191741273437,0.0,0.0,0.0,0.0,0.0,0.0,False
2007-10-02,7.427,80.0,-0.09448973978205943,-0.0038675115264892312,0.0,0.0,0.0,0.0,0.0,0.0,False
2007-10-03,7.277,79.97,-0.02040331932221018,-0.00037507033008310486,0.0,0.0,0.0,0.0,0.0,0.0,False
2007-10-04,7.412,81.48,0.018381619058163823,0.01870602701480717,0.0,0.0,0.0,0.0,0.0,0.0,False
2007-10-05,6.77,81.2,-0.09059922149892952,-0.0034423441909732233,0.0,0.0,0.0,0.0,0.0,0.0,False
2007-10-08,6.846,78.97,0.011163453183810068,-0.027847213658142245,0.0,0.0,0.0,0.0,0.0,0.0,False
2007-10-09,6.63,80.23,-0.0320597359102226,0.01582947625607467,0.0,0.0,0.0,0.0,0.0,0.0,False
2007-10-10,7.01,81.3,0.05573289684872762,0.013248506788200665,0.0,0.0,0.0,0.0,0.0,0.0,False
2007-10-11,8.041,83.05,0.13721575251951323,0.021296819505538522,0.0,0.0,0.0,0.0,0.0,0.0,False
2007-10-12,7.681,83.73,-0.045803706549467194,0.008154500157036892,0.0,0.0,0.0,0.0,0.0,0.0,False
2007-10-15,7.09,86.19,-0.08006440647250868,0.028956825442967293,0.0,0.0,0.0,0.0,0.0,0.0,False
2007-10-16,7.942,87.58,0.11347979216502369,0.015998499713944625,0.0,0.0,0.0,0.0,0.0,0.0,False
2007-10-17,7.458,87.19,-0.06287785095243059,-0.004463015933528602,0.0,0.0,0.0,0.0,0.0,0.0,False
2007-10-18,8.451,89.48,0.12499749580571606,0.025925491182205107,0.0,0.0,0.0,0.0,0.0,0.0,False
2007-10-19,6.91,88.58,-0.2013151397827666,-0.01010903812687669,0.0,0.0,0.0,0.0,0.0,0.0,False
2007-10-22,7.946,87.6,0.1396990196128287,-0.011125100552706435,0.0,0.0,0.0,0.0,0.0,0.0,False
2007-10-23,7.471,86.45,-0.06163979839874312,-0.013214785813046248,0.0,0.0,0.0,0.0,0.0,0.0,False
2007-10-24,7.657,88.3,0.02459140313732222,0.0211738954806151,0.0,0.0,0.0,0.0,0.0,0.0,False
2007-10-25,8.163,92.09,0.06399148633823248,0.042026252123361196,0.0,0.0,0.0,0.0,0.0,0.0,False
2007-10-26,7.218,91.73,-0.12303384224862213,-0.003916880211711771,0.0,0.0,0.0,0.0,0.0,0.0,False
2007-10-29,7.974,93.45,0.09960834273856656,0.018577054380007674,0.0,0.0,0.0,0.0,0.0,0.0,False
2007-10-30,8.387,90.33,0.05049663904311119,-0.03395690273981966,0.0,0.0,0.0,0.0,0.0,0.0,False
2007-10-31,8.479,94.16,0.010909630319591468,0.0415258317902687,0.0,0.0,0.0,0.0,0.0,0.0,False
2007-11-01,8.804,93.53,0.03761364534234923,-0.006713222505561056,0.0,0.0,0.0,0.0,0.0,0.0,False
2007-11-02,8.418,95.81,-0.04483389331583654,0.024084823216321993,0.0,0.0,0.0,0.0,0.0,0.0,False
2007-11-05,8.276,94.06,-0.01701251046508201,-0.018434187145880188,0.0,0.0,0.0,0.0,0.0,0.0,False
2007-11-06,7.863,96.65,-0.05119154687391747,0.02716332913743802,0.0,0.0,0.0,0.0,0.0,0.0,False
2007-11-07,7.624,96.46,-0.03086704665747808,-0.001967791013513853,0.0,0.0,0.0,0.0,0.0,0.0,False
2007-11-08,8.031,95.51,0.05200788685442426,-0.009897460594179286,0.0,0.0,0.0,0.0,0.0,0.0,False
2007-11-09,8.343,96.36,0.03811381071361186,0.00886022370002415,0.0,0.0,0.0,0.0,0.0,0.0,False
2007-11-12,6.83,94.4,-0.20009819033723852,-0.020550104595215224,0.0,0.0,0.0,0.0,0.0,0.0,False
2007-11-13,8.368,91.18,0.20309023373986834,-0.03470549836615966,0.0,0.0,0.0,0.0,0.0,0.0,False
2007-11-14,7.28,94.02,-0.13928404511397252,0.030671950810688742,0.0,0.0,0.0,0.0,0.0,0.0,False
2007-11-15,7.988,93.37,0.0928095533449742,-0.006937431100149993,0.0,0.0,0.0,0.0,0.0,0.0,False
2007-11-16,8.391,94.81,0.04921928733436376,0.015304794434033653,0.0,0.0,0.0,0.0,0.0,0.0,False
2007-11-19,7.787,95.75,-0.07470402629308337,0.009865739130887619,0.0,0.0,0.0,0.0,0.0,0.0,False
2007-11-20,7.883,99.16,0.012252865482921926,0.034994079106233755,0.0,0.0,0.0,0.0,0.0,0.0,False
2007-11-21,7.55,98.57,-0.04316097881683767,-0.005967751489642126,0.0,0.0,0.0,0.0,0.0,0.0,False
2007-11-23,7.901,98.24,0.04544177047966258,-0.0033534912785153637,0.0,0.0,0.0,0.0,0.0,0.0,False
2007-11-26,8.021,97.66,0.01507376864419152,-0.005921405765318077,0.0,0.0,0.0,0.0,0.0,0.0,False
2007-11-27,7.557,94.39,-0.05958881634620461,-0.03405692329666099,0.0,0.0,0.0,0.0,0.0,0.0,False
2007-11-28,7.466,90.71,-0.01211490554619088,-0.03976753070999983,0.0,0.0,0.0,0.0,0.0,0.0,False
2007-11-29,7.519,90.98,0.007073769903497951,0.0029720975150047124,0.0,0.0,0.0,0.0,0.0,0.0,False
2007-11-30,7.371,88.6,-0.019879768188738156,-0.026507844530822666,0.0,0.0,0.0,0.0,0.0,0.0,False
2007-12-03,7.294,89.29,-0.01050128982066334,0.00775764191809003,0.0,0.0,0.0,0.0,0.0,0.0,False
2007-12-04,7.155,88.31,-0.019240679378074166,-0.01103614804841424,0.0,0.0,0.0,0.0,0.0,0.0,False
2007-12-05,7.201,87.45,0.0064084922583154125,-0.00978615001610006,0.0,0.0,0.0,0.0,0.0,0.0,False
2007-12-06,7.333,90.25,0.018164803844932687,0.03151639574837972,0.0,0.0,0.0,0.0,0.0,0.0,False
2007-12-07,7.04,88.23,-0.040776538941711404,-0.022636555978976958,0.0,0.0,0.0,0.0,0.0,0.0,False
2007-12-10,7.154,87.72,0.01606347066687497,-0.005797117684326558,0.0,0.0,0.0,0.0,0.0,0.0,False
2007-12-11,7.085,90.12,-0.00969176769418234,0.02699219201435632,0.0,0.0,0.0,0.0,0.0,0.0,False
2007-12-12,7.44,94.41,0.04889097570235701,0.0465048841803819,0.0,0.0,0.0,0.0,0.0,0.0,False
2007-12-13,7.193,92.35,-0.03376251795978158,-0.022061293099176815,0.0,0.0,0.0,0.0,0.0,0.0,False
2007-12-14,7.153,91.31,-0.005576481758972296,-0.011325396016999889,0.0,0.0,0.0,0.0,0.0,0.0,False
2007-12-17,7.035,90.69,-0.016634158559894363,-0.006813213168772592,0.0,0.0,0.0,0.0,0.0,0.0,False
2007-12-18,7.16,89.93,0.017612290406201936,-0.008415507533051425,0.0,0.0,0.0,0.0,0.0,0.0,False
2007-12-19,7.179,91.11,0.0026501166217915983,0.013035977799342291,0.0,0.0,0.0,0.0,0.0,0.0,False
2007-12-20,7.237,90.88,0.008046658289644792,-0.0025276127529254566,0.0,0.0,0.0,0.0,0.0,0.0,False
2007-12-21,7.31,93.19,0.010036517877696438,0.025100464824722835,0.0,0.0,0.0,0.0,0.0,0.0,False
2007-12-24,7.145,94.0,-0.02283046237985653,0.008654362472439558,0.0,0.0,0.0,0.0,0.0,0.0,False
2007-12-26,7.046,95.89,-0.013952731462784751,0.019906918895586045,0.0,0.0,0.0,0.0,0.0,0.0,False
2007-12-27,7.272,96.63,0.03157127695613182,0.007687550845627555,0.0,0.0,0.0,0.0,0.0,0.0,False
2007-12-28,7.436,96.03,0.02230171298401995,-0.006228609361335735,0.0,0.0,0.0,0.0,0.0,0.0,False
2007-12-31,7.521,95.95,0.01136603798506819,-0.0008334201961730514,0.0,0.0,0.0,0.0,0.0,0.0,False
2008-01-02,7.927,99.64,0.052575546010753094,0.03773646794027119,0.0,0.0,0.0,0.0,0.0,0.0,False
2008-01-03,7.698,99.17,-0.029314098993464377,-0.004728141195945668,0.0,0.0,0.0,0.0,0.0,0.0,False
2008-01-04,7.841,97.9,0.01840582238723032,-0.012888999661569756,0.0,0.0,0.0,0.0,0.0,0.0,False
2008-01-07,7.885,95.08,0.005595843166216863,-0.029227907044471202,0.0,0.0,0.0,0.0,0.0,0.0,False
2008-01-08,7.992,96.43,0.013478820931250635,0.014098714030299497,0.0,0.0,0.0,0.0,0.0,0.0,False
2008-01-09,7.89,95.64,-0.012844906488469476,-0.008226213932168491,0.0,0.0,0.0,0.0,0.0,0.0,False
2008-01-10,8.128,93.92,0.029718755978342948,-0.01814778651033766,0.0,0.0,0.0,0.0,0.0,0.0,False
2008-01-11,8.21,92.74,0.010038032628211013,-0.012643477116471402,0.0,0.0,0.0,0.0,0.0,0.0,False
2008-01-14,8.246,94.23,0.0043753108203712365,0.015938723255350062,0.0,0.0,0.0,0.0,0.0,0.0,False
2008-01-15,8.131,91.87,-0.01404431705900766,-0.025364067935290002,0.0,0.0,0.0,0.0,0.0,0.0,False
2008-01-16,8.06,90.8,-0.008770360707163416,-0.011715248676127388,0.0,0.0,0.0,0.0,0.0,0.0,False
2008-01-17,8.003,90.11,-0.007097085133628056,-0.007628139360301489,0.0,0.0,0.0,0.0,0.0,0.0,False
2008-01-18,7.993,90.55,-0.0012503127410270487,0.004871038082476353,0.0,0.0,0.0,0.0,0.0,0.0,False
2008-01-22,7.67,89.64,-0.0412495432647173,-0.010100535396696309,0.0,0.0,0.0,0.0,0.0,0.0,False
2008-01-23,7.586,87.65,-0.011012172112457197,-0.02245003756548325,0.0,0.0,0.0,0.0,0.0,0.0,False
2008-01-24,7.82,89.98,0.030380111290512435,0.02623581204578329,0.0,0.0,0.0,0.0,0.0,0.0,False
2008-01-25,7.954,90.37,0.016990392228279028,0.004324930500837709,0.0,0.0,0.0,0.0,0.0,0.0,False
2008-01-28,8.017,90.99,0.007889340275315515,0.006837256454735652,0.0,0.0,0.0,0.0,0.0,0.0,False
2008-01-29,7.933,91.66,-0.010533012740948422,0.007336468712377808,0.0,0.0,0.0,0.0,0.0,0.0,False
2008-01-30,8.174,92.34,0.02992711082221966,0.007391337997865399,0.0,0.0,0.0,0.0,0.0,0.0,False
2008-01-31,8.203,91.67,0.003541555878527003,-0.0072822451051584025,0.0,0.0,0.0,0.0,0.0,0.0,False
2008-02-01,7.775,89.03,-0.053586482955314985,-0.029221780388104968,0.0,0.0,0.0,0.0,0.0,0.0,False
2008-02-04,7.869,90.07,0.012017531487548805,0.011613754210071825,0.0,0.0,0.0,0.0,0.0,0.0,False
2008-02-05,7.8,88.32,-0.008807255857300245,-0.019620563266866675,0.0,0.0,0.0,0.0,0.0,0.0,False
2008-02-06,7.994,87.16,0.02456752659358541,-0.01322107245236559,0.0,0.0,0.0,0.0,0.0,0.0,False
2008-02-07,8.135,88.07,0.01748448038186945,0.010386442740949242,0.0,0.0,0.0,0.0,0.0,0.0,False
2008-02-08,8.46,91.77,0.03917343294713094,0.04115349401355317,0.0,0.0,0.0,0.0,0.0,0.0,False
2008-02-11,8.531,93.56,0.008357414308425515,0.01931749488505652,0.0,0.0,0.0,0.0,0.0,0.0,False
2008-02-12,8.594,92.82,0.007357697426245924,-0.007940807902948599,0.0,0.0,0.0,0.0,0.0,0.0,False
2008-02-13,8.43,93.28,-0.01926751333903942,0.004943588789152464,0.0,0.0,0.0,0.0,0.0,0.0,False
2008-02-14,8.772,95.42,0.03976805854187759,0.022682477485778563,0.0,0.0,0.0,0.0,0.0,0.0,False
2008-02-15,8.68,95.57,-0.010543301883382927,0.001570763190128055,0.0,0.0,0.0,0.0,0.0,0.0,False
2008-02-19,8.987,99.99,0.03475756000397778,0.04521121770966907,0.0,0.0,0.0,0.0,0.0,0.0,False
2008-02-20,8.965,100.86,-0.002450981619140258,0.008663235660821833,0.0,0.0,0.0,0.0,0.0,0.0,False
2008-02-21,8.9,98.57,-0.007276830319002059,-0.022966460971232117,0.0,0.0,0.0,0.0,0.0,0.0,False
2008-02-22,9.193,99.03,0.03239104814352345,0.0046558788558641595,0.0,0.0,0.0,0.0,0.0,0.0,False
2008-02-25,9.218,99.4,0.002715769416699043,0.0037292791293168648,0.0,0.0,0.0,0.0,0.0,0.0,False
2008-02-26,9.21,100.83,-0.0008682440311011952,0.014283816742595157,0.0,0.0,0.0,0.0,0.0,0.0,False
2008-02-27,9.165,99.59,-0.004897968975547062,-0.012374172461575128,0.0,0.0,0.0,0.0,0.0,0.0,False
2008-02-28,9.533,102.6,0.03936758221977277,0.029776174793120447,0.0,0.0,0.0,0.0,0.0,0.0,False
2008-02-29,9.366,101.78,-0.017673352750091187,-0.008024311575982601,0.0,0.0,0.0,0.0,0.0,0.0,False
2008-03-03,9.55,102.42,0.019455043731289035,0.006268384873718169,0.0,0.0,0.0,0.0,0.0,0.0,False
2008-03-04,9.353,99.72,-0.020844007040225154,-0.026715747379046917,0.0,0.0,0.0,0.0,0.0,0.0,False
2008-03-05,9.884,104.45,0.05522014067394965,0.04634222934721688,0.0,0.0,0.0,0.0,0.0,0.0,False
2008-03-06,9.7,105.51,-0.01879140261702661,0.010097247151426458,0.0,0.0,0.0,0.0,0.0,0.0,False
2008-03-07,9.88,105.12,0.01838662625043952,-0.003703180417700125,0.0,0.0,0.0,0.0,0.0,0.0,False
2008-03-10,10.214,107.9,0.03324681646567562,0.02610231752778791,0.0,0.0,0.0,0.0,0.0,0.0,False
2008-03-11,9.85,108.73,-0.03628787304145442,0.007662872745569871,0.0,0.0,0.0,0.0,0.0,0.0,False
2008-03-12,10.15,109.86,0.03000225030379866,0.010339082904815555,0.0,0.0,0.0,0.0,0.0,0.0,False
2008-03-13,10.384,110.21,0.022792454473937962,0.003180808788976641,0.0,0.0,0.0,0.0,0.0,0.0,False
2008-03-14,9.84,110.03,-0.05381044889757236,-0.0016345808216291502,0.0,0.0,0.0,0.0,0.0,0.0,False
2008-03-17,9.1,105.74,-0.07818129754135761,-0.03976980507451788,0.0,0.0,0.0,0.0,0.0,0.0,False
2008-03-18,9.679,109.57,0.06168417664414738,0.0355803636099985,0.0,0.0,0.0,0.0,0.0,0.0,False
2008-03-19,9.112,103.25,-0.06036636402207085,-0.059410382576159826,0.0,0.0,0.0,0.0,0.0,0.0,False
2008-03-20,9.065,102.57,-0.005171381938066322,-0.006607739521823142,0.0,0.0,0.0,0.0,0.0,0.0,False
2008-03-24,9.329,101.7,0.028706983772009753,-0.008518189264805187,0.0,0.0,0.0,0.0,0.0,0.0,False
2008-03-25,9.601,101.78,0.028739431736662713,0.0007863181061722457,0.0,0.0,0.0,0.0,0.0,0.0,False
2008-03-26,9.572,105.83,-0.0030250896693599927,0.03902041194494643,0.0,0.0,0.0,0.0,0.0,0.0,False
2008-03-27,9.687,107.56,0.011942610398120834,0.016214798295031585,0.0,0.0,0.0,0.0,0.0,0.0,False
2008-03-28,10.045,105.59,0.03629021782264985,-0.018485161582241005,0.0,0.0,0.0,0.0,0.0,0.0,False
2008-03-31,9.86,101.54,-0.018588829652353756,-0.03911086029917499,0.0,0.0,0.0,0.0,0.0,0.0,False
2008-04-01,9.937,100.92,0.0077789956346823175,-0.006124685746391023,0.0,0.0,0.0,0.0,0.0,0.0,False
2008-04-02,9.832,104.83,-0.01062279198549243,0.03801186669162426,0.0,0.0,0.0,0.0,0.0,0.0,False
2008-04-03,9.417,103.92,-0.04312580573580771,-0.008718618102137476,0.0,0.0,0.0,0.0,0.0,0.0,False
2008-04-04,9.36,106.09,-0.006071276038425388,0.02066641810883585,0.0,0.0,0.0,0.0,0.0,0.0,False
2008-04-07,10.042,108.91,0.07033100712301321,0.02623406261641481,0.0,0.0,0.0,0.0,0.0,0.0,False
2008-04-08,9.884,108.54,-0.015859009486150377,-0.00340308445233628,0.0,0.0,0.0,0.0,0.0,0.0,False
2008-04-09,10.056,110.89,0.017252183161582835,0.02141995032986621,0.0,0.0,0.0,0.0,0.0,0.0,False
2008-04-10,10.098,110.07,0.0041679131487777354,-0.0074221919298240735,0.0,0.0,0.0,0.0,0.0,0.0,False
2008-04-11,10.083,110.14,-0.00148654702564599,0.0006357567990349366,0.0,0.0,0.0,0.0,0.0,0.0,False
2008-04-14,10.03,111.71,-0.005270235437234039,0.01415394374842105,0.0,0.0,0.0,0.0,0.0,0.0,False
2008-04-15,10.205,113.77,0.017297194287964057,0.01827263896886855,0.0,0.0,0.0,0.0,0.0,0.0,False
2008-04-16,10.698,114.8,0.04717901184725015,0.009012617333841177,0.0,0.0,0.0,0.0,0.0,0.0,False
2008-04-17,10.606,114.8,-0.008636929394119974,0.0,0.0,0.0,0.0,0.0,0.0,0.0,False
2008-04-18,10.587,116.56,-0.0017930453536956215,0.015214678001482795,0.0,0.0,0.0,0.0,0.0,0.0,False
2008-04-21,11.087,117.48,0.046146417428972075,0.007861944443470215,0.0,0.0,0.0,0.0,0.0,0.0,False
2008-04-22,10.763,119.17,-0.02965892450805363,0.01428293877229514,0.0,0.0,0.0,0.0,0.0,0.0,False
2008-04-23,10.33,119.28,-0.0410620431506139,0.0009226253537688578,0.0,0.0,0.0,0.0,0.0,0.0,False
2008-04-24,10.58,117.1,0.023913143298606165,-0.018445399852812017,0.0,0.0,0.0,0.0,0.0,0.0,False
2008-04-25,11.24,119.64,0.06051341803539145,0.02145896315807594,0.0,0.0,0.0,0.0,0.0,0.0,False
2008-04-28,11.502,118.78,0.02304208882601788,-0.007214191174033324,0.0,0.0,0.0,0.0,0.0,0.0,False
2008-04-29,10.98,115.67,-0.04644549721017821,-0.026531733280403813,0.0,0.0,0.0,0.0,0.0,0.0,False
2008-04-30,10.843,113.7,-0.012555725591339773,-0.017177908550819687,0.0,0.0,0.0,0.0,0.0,0.0,False
2008-05-01,10.702,112.6,-0.013089070600931674,-0.00972168505090032,0.0,0.0,0.0,0.0,0.0,0.0,False
2008-05-02,10.92,116.36,0.020165330427646122,0.03284711792141071,0.0,0.0,0.0,0.0,0.0,0.0,False
2008-05-05,11.423,119.94,0.04503289643505104,0.030302784113362513,0.0,0.0,0.0,0.0,0.0,0.0,False
2008-05-06,11.388,121.82,-0.0030686973360189995,0.015552927667974892,0.0,0.0,0.0,0.0,0.0,0.0,False
2008-05-07,11.327,123.56,-0.005370913197214833,0.014182322642042777,0.0,0.0,0.0,0.0,0.0,0.0,False
2008-05-08,11.465,123.77,0.012109660091291552,0.0016981365015498184,0.0,0.0,0.0,0.0,0.0,0.0,False
2008-05-09,11.29,125.94,-0.015381538148297569,0.017380598508665912,0.0,0.0,0.0,0.0,0.0,0.0,False
2008-05-12,11.431,124.02,0.012411584882070947,-0.015362760138865283,0.0,0.0,0.0,0.0,0.0,0.0,False
2008-05-13,11.422,125.83,-0.0007876428009701009,0.014488946682145176,0.0,0.0,0.0,0.0,0.0,0.0,False
2008-05-14,11.598,124.21,0.01529134921157782,-0.01295810804777453,0.0,0.0,0.0,0.0,0.0,0.0,False
2008-05-15,11.41,124.25,-0.01634250558026462,0.0003219834206360517,0.0,0.0,0.0,0.0,0.0,0.0,False
2008-05-16,11.259,126.5,-0.013322355052991064,0.01794664319083683,0.0,0.0,0.0,0.0,0.0,0.0,False
2008-05-19,11.112,127.15,-0.013142203368950778,0.005125183700553926,0.0,0.0,0.0,0.0,0.0,0.0,False
2008-05-20,11.365,128.93,0.02251285185246399,0.01390212955461756,0.0,0.0,0.0,0.0,0.0,0.0,False
2008-05-21,11.64,132.99,0.023908984998785243,0.031004316002325893,0.0,0.0,0.0,0.0,0.0,0.0,False
2008-05-22,11.916,130.04,0.02343459254774416,-0.022431841989368095,0.0,0.0,0.0,0.0,0.0,0.0,False
2008-05-23,12.061,131.58,0.012095071750069852,0.011772936222147479,0.0,0.0,0.0,0.0,0.0,0.0,False
2008-05-27,11.801,128.81,-0.021792832957494124,-0.021276581249854765,0.0,0.0,0.0,0.0,0.0,0.0,False
2008-05-28,12.079,131.0,0.023284133979529553,0.016858872793154234,0.0,0.0,0.0,0.0,0.0,0.0,False
2008-05-29,11.474,126.7,-0.051384801443461914,-0.03337523587405755,0.0,0.0,0.0,0.0,0.0,0.0,False
2008-05-30,11.81,127.35,0.02886302402959151,0.0051171140983719,0.0,0.0,0.0,0.0,0.0,0.0,False
2008-06-02,12.144,127.75,0.02788859044400338,0.003136027658348084,0.0,0.0,0.0,0.0,0.0,0.0,False
2008-06-03,12.221,124.33,0.00632056280258908,-0.027135908118967045,0.0,0.0,0.0,0.0,0.0,0.0,False
2008-06-04,12.442,122.3,0.01792206263696494,-0.016462278271720088,0.0,0.0,0.0,0.0,0.0,0.0,False
2008-06-05,12.577,127.93,0.010791902972190126,0.04500619663581684,0.0,0.0,0.0,0.0,0.0,0.0,False
2008-06-06,12.765,138.51,0.01483730162842889,0.07945928585806428,0.0,0.0,0.0,0.0,0.0,0.0,False
2008-06-09,12.704,134.44,-0.004790146188667244,-0.029824522330102354,0.0,0.0,0.0,0.0,0.0,0.0,False
2008-06-10,12.435,131.38,-0.021401827249412086,-0.023024115392578537,0.0,0.0,0.0,0.0,0.0,0.0,False
2008-06-11,12.779,136.43,0.027288121371198404,0.037717775110456486,0.0,0.0,0.0,0.0,0.0,0.0,False
2008-06-12,12.798,136.91,0.001485710090701975,0.003512113070881284,0.0,0.0,0.0,0.0,0.0,0.0,False
2008-06-13,12.765,134.84,-0.0025818580238210487,-0.015234885279804544,0.0,0.0,0.0,0.0,0.0,0.0,False
2008-06-16,13.071,134.52,0.02368898510996731,-0.002376003493790968,0.0,0.0,0.0,0.0,0.0,0.0,False
2008-06-17,12.87,133.99,-0.01549701419537941,-0.003947716571552462,0.0,0.0,0.0,0.0,0.0,0.0,False
2008-06-18,13.21,136.54,0.026075096926198693,0.018852441689618082,0.0,0.0,0.0,0.0,0.0,0.0,False
2008-06-19,12.861,131.88,-0.026774642250284142,-0.034725193786604436,0.0,0.0,0.0,0.0,0.0,0.0,False
2008-06-20,12.994,134.78,0.010288236174389453,0.021751401314540786,0.0,0.0,0.0,0.0,0.0,0.0,False
2008-06-23,13.203,135.98,0.015956364038725024,0.008863996580242173,0.0,0.0,0.0,0.0,0.0,0.0,False
2008-06-24,13.126,136.49,-0.005849080445533339,0.003743535769791251,0.0,0.0,0.0,0.0,0.0,0.0,False
2008-06-25,13.01,133.92,-0.008876703527116891,-0.019008745126939175,0.0,0.0,0.0,0.0,0.0,0.0,False
2008-06-26,13.366,138.91,0.02699587656446445,0.036583634668132525,0.0,0.0,0.0,0.0,0.0,0.0,False
2008-06-27,13.598,139.69,0.017208554015389677,0.005599440330161798,0.0,0.0,0.0,0.0,0.0,0.0,False
2008-06-30,13.353,139.96,-0.018181644402440966,0.0019309857600280367,0.0,0.0,0.0,0.0,0.0,0.0,False
2008-07-01,13.57,141.06,0.01612039514495045,0.007828664280545183,0.0,0.0,0.0,0.0,0.0,0.0,False
2008-07-02,13.452,143.74,-0.008733679968754515,0.018820780260264236,0.0,0.0,0.0,0.0,0.0,0.0,False
2008-07-03,13.0,145.31,-0.034178436416486324,0.010863279292307126,0.0,0.0,0.0,0.0,0.0,0.0,False
2008-07-07,12.96,141.38,-0.0030816665374078234,-0.02741809058979605,0.0,0.0,0.0,0.0,0.0,0.0,False
2008-07-08,12.47,136.06,-0.038541931232183746,-0.038355335825893455,0.0,0.0,0.0,0.0,0.0,0.0,False
2008-07-09,12.1,135.88,-0.03012030708924973,-0.0013238216245312628,0.0,0.0,0.0,0.0,0.0,0.0,False
2008-07-10,12.81,141.47,0.05702066330594757,0.04031553717845959,0.0,0.0,0.0,0.0,0.0,0.0,False
2008-07-11,11.904,144.96,-0.0733516378179071,0.024370161823826564,0.0,0.0,0.0,0.0,0.0,0.0,False
2008-07-14,12.171,145.16,0.02218159480168369,0.0013787400501996672,0.0,0.0,0.0,0.0,0.0,0.0,False
2008-07-15,11.477,138.68,-0.0587110401938884,-0.04566746152804679,0.0,0.0,0.0,0.0,0.0,0.0,False
2008-07-16,11.568,134.63,0.007897632717877467,-0.029638845825679105,0.0,0.0,0.0,0.0,0.0,0.0,False
2008-07-17,10.702,129.43,-0.0778120255272956,-0.03939008053679682,0.0,0.0,0.0,0.0,0.0,0.0,False
2008-07-18,11.064,128.94,0.03326595447334402,-0.0037930145718725328,0.0,0.0,0.0,0.0,0.0,0.0,False
2008-07-21,11.045,131.43,-0.0017187574903765324,0.01912721061144307,0.0,0.0,0.0,0.0,0.0,0.0,False
2008-07-22,10.07,127.25,-0.09241713014160968,-0.032320735063285255,0.0,0.0,0.0,0.0,0.0,0.0,False
2008-07-23,10.28,123.73,0.020639553296548208,-0.028051883204747163,0.0,0.0,0.0,0.0,0.0,0.0,False
2008-07-24,9.83,124.62,-0.04476132586794401,0.007167334890191057,0.0,0.0,0.0,0.0,0.0,0.0,False
2008-07-25,9.59,122.59,-0.02471804526372834,-0.01642365300917259,0.0,0.0,0.0,0.0,0.0,0.0,False
2008-07-28,9.26,124.72,-0.035016840237258595,0.017225770642617988,0.0,0.0,0.0,0.0,0.0,0.0,False
2008-07-29,9.13,122.21,-0.014138354051211,-0.020330348299611778,0.0,0.0,0.0,0.0,0.0,0.0,False
2008-07-30,9.69,126.74,0.0595287312957975,0.036396867445462,0.0,0.0,0.0,0.0,0.0,0.0,False
2008-07-31,9.22,124.17,-0.049719388334172,-0.020486149466620418,0.0,0.0,0.0,0.0,0.0,0.0,False
2008-08-01,9.49,125.03,0.0288635750533337,0.006902114078157773,0.0,0.0,0.0,0.0,0.0,0.0,False
2008-08-04,9.2,121.45,-0.031035128566841763,-0.029051053058727128,0.0,0.0,0.0,0.0,0.0,0.0,False
2008-08-05,8.73,118.71,-0.05243811420348354,-0.022819111382738733,0.0,0.0,0.0,0.0,0.0,0.0,False
2008-08-06,9.23,118.57,0.05569367866324981,-0.0011800405954636162,0.0,0.0,0.0,0.0,0.0,0.0,False
2008-08-07,8.57,119.84,-0.07419131590507222,0.010654016298929925,0.0,0.0,0.0,0.0,0.0,0.0,False
2008-08-08,8.22,115.42,-0.041697523541599946,-0.037579870486088574,0.0,0.0,0.0,0.0,0.0,0.0,False
2008-08-11,8.18,114.44,-0.004878058453432921,-0.008526981100910547,0.0,0.0,0.0,0.0,0.0,0.0,False
2008-08-12,8.23,113.1,0.0060938640743226635,-0.011778285059834914,0.0,0.0,0.0,0.0,0.0,0.0,False
2008-08-13,8.91,115.96,0.07938822679373958,0.024972920931380038,0.0,0.0,0.0,0.0,0.0,0.0,False
2008-08-14,8.24,115.05,-0.07817389756133775,-0.007878487572080317,0.0,0.0,0.0,0.0,0.0,0.0,False
2008-08-15,8.09,113.46,-0.01837161285097988,-0.01391646458295348,0.0,0.0,0.0,0.0,0.0,0.0,False
2008-08-18,7.74,112.92,-0.04422704346876438,-0.004770748513132972,0.0,0.0,0.0,0.0,0.0,0.0,False
2008-08-19,8.44,114.39,0.08658062100622965,0.012934059152294175,0.0,0.0,0.0,0.0,0.0,0.0,False
2008-08-20,8.08,115.48,-0.04359043607486157,0.00948369225715151,0.0,0.0,0.0,0.0,0.0,0.0,False
2008-08-21,8.25,121.23,0.020821327813585366,0.04859221296375793,0.0,0.0,0.0,0.0,0.0,0.0,False
2008-08-22,7.98,114.48,-0.03327478888487212,-0.057289432510295946,0.0,0.0,0.0,0.0,0.0,0.0,False
2008-08-25,7.63,114.85,-0.04485056616535177,0.0032267938869114943,0.0,0.0,0.0,0.0,0.0,0.0,False
2008-08-26,9.1,116.31,0.17618656822643874,0.01263211121584007,0.0,0.0,0.0,0.0,0.0,0.0,False
2008-08-27,8.97,118.17,-0.014388737452099676,0.015865225299976693,0.0,0.0,0.0,0.0,0.0,0.0,False
2008-08-28,8.36,115.58,-0.07042724897409425,-0.022161334761292117,0.0,0.0,0.0,0.0,0.0,0.0,False
2008-08-29,8.79,115.55,0.050156284600475054,-0.000259594169242483,0.0,0.0,0.0,0.0,0.0,0.0,False
2008-09-02,7.26,109.63,-0.1912348828603807,-0.052592277033941315,0.0,0.0,0.0,0.0,0.0,0.0,False
2008-09-03,7.26,109.38,0.0,-0.002283001767821702,0.0,0.0,0.0,0.0,0.0,0.0,False
2008-09-04,7.76,107.99,0.06660250535842249,-0.012789427673958187,0.0,0.0,0.0,0.0,0.0,0.0,False
2008-09-05,7.88,106.47,0.01534556967466072,-0.014175374918153238,0.0,0.0,0.0,0.0,0.0,0.0,False
2008-09-08,7.53,106.35,-0.0454328620579858,-0.0011277136802689824,0.0,0.0,0.0,0.0,0.0,0.0,False
2008-09-09,8.25,103.23,0.09131815853478731,-0.029776033168747773,0.0,0.0,0.0,0.0,0.0,0.0,False
2008-09-10,7.68,102.66,-0.0715936531870085,-0.005536951345341379,0.0,0.0,0.0,0.0,0.0,0.0,False
2008-09-11,8.17,100.95,0.06184936171233035,-0.016797212373310444,0.0,0.0,0.0,0.0,0.0,0.0,False
2008-09-12,7.37,101.19,-0.10305120267066603,0.0023745929828216106,0.0,0.0,0.0,0.0,0.0,0.0,False
2008-09-15,8.0,95.52,0.08202383547859049,-0.057664288097376115,0.0,0.0,0.0,0.0,0.0,0.0,False
2008-09-16,8.12,91.49,0.014888612493750841,-0.04310597295284779,0.0,0.0,0.0,0.0,0.0,0.0,False
2008-09-17,8.67,97.39,0.06553863661886394,0.06249385928166351,0.0,0.0,0.0,0.0,0.0,0.0,False
2008-09-18,7.93,97.5,-0.0892157551456938,0.001128842030693633,0.0,0.0,0.0,0.0,0.0,0.0,False
2008-09-19,8.47,104.05,0.06587747301720626,0.06501917483584219,0.0,0.0,0.0,0.0,0.0,0.0,False
2008-09-22,8.31,122.61,-0.019070899796606255,0.1641370334046517,0.0,0.0,0.0,0.0,0.0,0.0,False
2008-09-23,8.14,107.85,-0.02066942885290768,-0.1282672134091296,0.0,0.0,0.0,0.0,0.0,0.0,False
2008-09-24,7.91,106.84,-0.028662398234886588,-0.009408984593405556,0.0,0.0,0.0,0.0,0.0,0.0,False
2008-09-25,7.72,111.54,-0.024313417742877874,0.04305088271964763,0.0,0.0,0.0,0.0,0.0,0.0,False
2008-09-26,8.24,106.77,0.06518597988469566,-0.043706282771196925,0.0,0.0,0.0,0.0,0.0,0.0,False
2008-09-29,7.84,96.29,-0.049761509559064,-0.10331251693801846,0.0,0.0,0.0,0.0,0.0,0.0,False
2008-09-30,7.44,100.7,-0.052367985517315585,0.04478132847232441,0.0,0.0,0.0,0.0,0.0,0.0,False
2008-10-01,8.02,98.23,0.07506757303342226,-0.02483413203773832,0.0,0.0,0.0,0.0,0.0,0.0,False
2008-10-02,7.64,93.84,-0.04854081869999405,-0.045720463341558215,0.0,0.0,0.0,0.0,0.0,0.0,False
2008-10-03,7.16,93.91,-0.06488762220587452,0.0007456724713019725,0.0,0.0,0.0,0.0,0.0,0.0,False
2008-10-06,6.84,88.15,-0.04572224933809532,-0.06329696797264273,0.0,0.0,0.0,0.0,0.0,0.0,False
2008-10-07,6.74,90.18,-0.01472780671024343,0.022767764149058678,0.0,0.0,0.0,0.0,0.0,0.0,False
2008-10-08,7.07,88.94,0.04780055498426572,-0.013845687910388094,0.0,0.0,0.0,0.0,0.0,0.0,False
2008-10-09,6.83,86.5,-0.03453580632578257,-0.02781757114471617,0.0,0.0,0.0,0.0,0.0,0.0,False
2008-10-10,6.88,77.44,0.0072939783625534105,-0.11064097096951198,0.0,0.0,0.0,0.0,0.0,0.0,False
2008-10-13,7.33,81.17,0.06335686395330797,0.047042277804762556,0.0,0.0,0.0,0.0,0.0,0.0,False
2008-10-14,6.73,78.69,-0.08540037224192365,-0.03102963822619209,0.0,0.0,0.0,0.0,0.0,0.0,False
2008-10-15,6.59,74.38,-0.02102179514222069,-0.05632899404996827,0.0,0.0,0.0,0.0,0.0,0.0,False
2008-10-16,6.7,69.81,0.016554177882504684,-0.0634098225146138,0.0,0.0,0.0,0.0,0.0,0.0,False
2008-10-17,7.31,71.9,0.0871357473647667,0.029498998744690752,0.0,0.0,0.0,0.0,0.0,0.0,False
2008-10-20,6.98,74.08,-0.04619435698740593,0.029869325610922814,0.0,0.0,0.0,0.0,0.0,0.0,False
2008-10-21,7.37,71.29,0.05436878942696399,-0.038389525208386566,0.0,0.0,0.0,0.0,0.0,0.0,False
2008-10-22,6.98,66.92,-0.05436878942696399,-0.06325818901091385,0.0,0.0,0.0,0.0,0.0,0.0,False
2008-10-23,6.89,67.17,-0.012977831748714141,0.003728843160149431,0.0,0.0,0.0,0.0,0.0,0.0,False
2008-10-24,6.75,63.34,-0.020528580141128572,-0.05870967816827921,0.0,0.0,0.0,0.0,0.0,0.0,False
2008-10-27,6.34,61.92,-0.06266373643530398,-0.02267381182902195,0.0,0.0,0.0,0.0,0.0,0.0,False
2008-10-28,6.7,62.8,0.05522875794778592,0.014111844192680856,0.0,0.0,0.0,0.0,0.0,0.0,False
2008-10-29,7.11,67.45,0.05939471741822899,0.07143150917961272,0.0,0.0,0.0,0.0,0.0,0.0,False
2008-10-30,6.43,65.79,-0.10052770556562152,-0.024918731555858997,0.0,0.0,0.0,0.0,0.0,0.0,False
2008-10-31,7.11,68.1,0.10052770556562152,0.03450936205756072,0.0,0.0,0.0,0.0,0.0,0.0,False
2008-11-03,7.09,63.93,-0.0028169032711133912,-0.06318847837683172,0.0,0.0,0.0,0.0,0.0,0.0,False
2008-11-04,6.79,70.41,-0.0432343989734314,0.09654656375240656,0.0,0.0,0.0,0.0,0.0,0.0,False
2008-11-05,6.94,65.41,0.021850832948108412,-0.07366014655792075,0.0,0.0,0.0,0.0,0.0,0.0,False
2008-11-06,6.98,60.72,0.005747142255568161,-0.07440201888574638,0.0,0.0,0.0,0.0,0.0,0.0,False
2008-11-07,7.02,61.06,0.005714301263438415,0.005583854219357143,0.0,0.0,0.0,0.0,0.0,0.0,False
2008-11-10,7.42,62.19,0.055415839141569334,0.01833722780906566,0.0,0.0,0.0,0.0,0.0,0.0,False
2008-11-11,6.71,59.38,-0.10058010619569857,-0.046236745780183774,0.0,0.0,0.0,0.0,0.0,0.0,False
2008-11-12,6.41,55.95,-0.0457396800510117,-0.05949903457767913,0.0,0.0,0.0,0.0,0.0,0.0,False
2008-11-13,6.32,58.31,-0.014140062773812634,0.04131517047613009,0.0,0.0,0.0,0.0,0.0,0.0,False
2008-11-14,6.33,57.18,0.0015810279973187402,-0.019569418339899336,0.0,0.0,0.0,0.0,0.0,0.0,False
2008-11-17,6.53,55.14,0.03110670713225483,-0.03632878129851491,0.0,0.0,0.0,0.0,0.0,0.0,False
2008-11-18,6.6,54.42,0.010662705744040046,-0.013143672240550242,0.0,0.0,0.0,0.0,0.0,0.0,False
2008-11-19,6.85,53.64,0.03717900324175405,-0.014436674941622485,0.0,0.0,0.0,0.0,0.0,0.0,False
2008-11-20,6.76,48.86,-0.013225762219261084,-0.09333599258388325,0.0,0.0,0.0,0.0,0.0,0.0,False
2008-11-21,6.5,49.22,-0.03922071315328135,0.0073409791333154395,0.0,0.0,0.0,0.0,0.0,0.0,False
2008-11-24,6.85,53.63,0.052446475372542434,0.08580856803192383,0.0,0.0,0.0,0.0,0.0,0.0,False
2008-11-25,6.71,50.02,-0.020649701290543332,-0.06968568754536086,0.0,0.0,0.0,0.0,0.0,0.0,False
2008-11-26,6.84,54.2,0.019188780650868598,0.08025798299612763,0.0,0.0,0.0,0.0,0.0,0.0,False
2008-11-28,6.53,55.21,-0.04638078834611936,0.018463187850352725,0.0,0.0,0.0,0.0,0.0,0.0,False
2008-12-01,6.6,49.34,0.010662705744040046,-0.11240898519474252,0.0,0.0,0.0,0.0,0.0,0.0,False
2008-12-02,6.68,47.05,0.012048338516174484,-0.047524245069822335,0.0,0.0,0.0,0.0,0.0,0.0,False
2008-12-03,6.37,46.79,-0.04751851796448214,-0.005541361153263313,0.0,0.0,0.0,0.0,0.0,0.0,False
2008-12-04,6.09,43.8,-0.04495138786226649,-0.06603568749572464,0.0,0.0,0.0,0.0,0.0,0.0,False
2008-12-05,5.77,41.01,-0.05397600120179735,-0.06581787797843264,0.0,0.0,0.0,0.0,0.0,0.0,False
2008-12-08,5.63,43.69,-0.024562638368409218,0.06330330355937663,0.0,0.0,0.0,0.0,0.0,0.0,False
2008-12-09,5.58,42.0,-0.008920665758379354,-0.039449624679976036,0.0,0.0,0.0,0.0,0.0,0.0,False
2008-12-10,5.75,43.1,0.03001107841603945,0.02585337882633354,0.0,0.0,0.0,0.0,0.0,0.0,False
2008-12-11,5.6,47.77,-0.02643325706815558,0.1028748302921687,0.0,0.0,0.0,0.0,0.0,0.0,False
2008-12-12,5.56,46.27,-0.007168489478612594,-0.03190402448296226,0.0,0.0,0.0,0.0,0.0,0.0,False
2008-12-15,5.68,44.61,0.02135312447056892,-0.03653575377873519,0.0,0.0,0.0,0.0,0.0,0.0,False
2008-12-16,5.83,43.84,0.026065767629341208,-0.01741140650041295,0.0,0.0,0.0,0.0,0.0,0.0,False
2008-12-17,5.78,40.17,-0.008613317678114907,-0.08742619426856946,0.0,0.0,0.0,0.0,0.0,0.0,False
2008-12-18,5.63,36.73,-0.02629424053268714,-0.08952658853961504,0.0,0.0,0.0,0.0,0.0,0.0,False
2008-12-19,5.52,33.17,-0.01973158186259516,-0.10194800687261463,0.0,0.0,0.0,0.0,0.0,0.0,False
2008-12-22,5.33,31.1,-0.03502662211125074,-0.06443803377377266,0.0,0.0,0.0,0.0,0.0,0.0,False
2008-12-23,5.81,30.28,0.08622933268606658,-0.02672039061594056,0.0,0.0,0.0,0.0,0.0,0.0,False
2008-12-24,5.98,32.94,0.02883999709872076,0.08420029618024616,0.0,0.0,0.0,0.0,0.0,0.0,False
2008-12-26,5.85,37.58,-0.02197890671877545,0.1317842692358253,0.0,0.0,0.0,0.0,0.0,0.0,False
2008-12-29,6.08,39.89,0.038563034734310664,0.05965367193199578,0.0,0.0,0.0,0.0,0.0,0.0,False
2008-12-30,5.89,38.95,-0.03174869831458049,-0.023846893600557806,0.0,0.0,0.0,0.0,0.0,0.0,False
2008-12-31,5.66,44.6,-0.039832105448403654,0.13545508670926099,0.0,0.0,0.0,0.0,0.0,0.0,False
2009-01-02,6.03,46.17,0.06332311852400263,0.03459637749287925,0.0,0.0,0.0,0.0,0.0,0.0,False
2009-01-05,6.09,48.61,0.009901070982711424,0.05149903453846649,0.0,0.0,0.0,0.0,0.0,0.0,False
2009-01-06,6.04,48.56,-0.008244069775082075,-0.0010291243061213429,0.0,0.0,0.0,0.0,0.0,0.0,False
2009-01-07,5.99,42.75,-0.008312599819365385,-0.1274309513684737,0.0,0.0,0.0,0.0,0.0,0.0,False
2009-01-08,5.56,41.68,-0.07449330386486719,-0.025347797937657734,0.0,0.0,0.0,0.0,0.0,0.0,False
2009-01-09,5.62,40.69,0.010733555643108739,-0.02403903543151298,0.0,0.0,0.0,0.0,0.0,0.0,False
2009-01-12,5.59,37.65,-0.005352376738591902,-0.07764940776769569,0.0,0.0,0.0,0.0,0.0,0.0,False
2009-01-13,5.7,37.77,0.019486887673496822,0.0031821824784628028,0.0,0.0,0.0,0.0,0.0,0.0,False
2009-01-14,5.05,37.43,-0.1210779315532362,-0.009042614808028038,0.0,0.0,0.0,0.0,0.0,0.0,False
2009-01-15,5.0,35.41,-0.009950330853168099,-0.0554782557925253,0.0,0.0,0.0,0.0,0.0,0.0,False
2009-01-16,4.89,35.38,-0.02224560894731975,-0.0008475773921730045,0.0,0.0,0.0,0.0,0.0,0.0,False
2009-01-20,4.7,38.57,-0.03962979477076756,0.08632808348849741,0.0,0.0,0.0,0.0,0.0,0.0,False
2009-01-21,4.75,42.56,0.010582109330536937,0.0984400728132524,0.0,0.0,0.0,0.0,0.0,0.0,False
2009-01-22,4.66,42.33,-0.01912916990899527,-0.005418790500556714,0.0,0.0,0.0,0.0,0.0,0.0,False
2009-01-23,4.57,45.12,-0.01950224323144134,0.06382955265697143,0.0,0.0,0.0,0.0,0.0,0.0,False
2009-01-26,4.49,46.5,-0.017660503151950335,0.030126705403506815,0.0,0.0,0.0,0.0,0.0,0.0,False
2009-01-27,4.76,41.67,0.058394966489165645,-0.10967086715894814,0.0,0.0,0.0,0.0,0.0,0.0,False
2009-01-28,4.49,42.04,-0.058394966489165645,0.00884010057438811,0.0,0.0,0.0,0.0,0.0,0.0,False
2009-01-29,4.72,41.58,0.049956097843300906,-0.011002263578883564,0.0,0.0,0.0,0.0,0.0,0.0,False
2009-01-30,4.49,41.73,-0.049956097843300906,0.00360101217359432,0.0,0.0,0.0,0.0,0.0,0.0,False
2009-02-02,4.8,41.35,0.06676321615968228,-0.009147873133760864,0.0,0.0,0.0,0.0,0.0,0.0,False
2009-02-03,5.04,40.87,0.04879016416943194,-0.011676123893514578,0.0,0.0,0.0,0.0,0.0,0.0,False
2009-02-04,5.01,40.27,-0.0059701669865037665,-0.014789522712822745,0.0,0.0,0.0,0.0,0.0,0.0,False
2009-02-05,4.64,41.15,-0.07672154885860949,0.021617152259715944,0.0,0.0,0.0,0.0,0.0,0.0,False
2009-02-06,4.67,40.24,0.006444705442641974,-0.022362401331595283,0.0,0.0,0.0,0.0,0.0,0.0,False
2009-02-09,4.86,39.58,0.0398793662315966,-0.0165375856170642,0.0,0.0,0.0,0.0,0.0,0.0,False
2009-02-10,4.84,37.54,-0.0041237171838621745,-0.052916909016056835,0.0,0.0,0.0,0.0,0.0,0.0,False
2009-02-11,4.81,35.93,-0.006217636610870603,-0.04383443003293541,0.0,0.0,0.0,0.0,0.0,0.0,False
2009-02-12,4.74,34.03,-0.014659948410684631,-0.05433011261261278,0.0,0.0,0.0,0.0,0.0,0.0,False
2009-02-13,4.46,37.63,-0.06088836967501243,0.10055911609253165,0.0,0.0,0.0,0.0,0.0,0.0,False
2009-02-17,4.44,34.96,-0.004494389587839098,-0.0735970538180113,0.0,0.0,0.0,0.0,0.0,0.0,False
2009-02-18,4.24,34.67,-0.04609110720026721,-0.008329791090402772,0.0,0.0,0.0,0.0,0.0,0.0,False
2009-02-19,4.08,39.6,-0.03846628082779602,0.13295435856350268,0.0,0.0,0.0,0.0,0.0,0.0,False
2009-02-20,4.01,39.35,-0.017305747097592583,-0.0063331433970224005,0.0,0.0,0.0,0.0,0.0,0.0,False
2009-02-23,4.1,37.66,0.022195732391784295,-0.04389745163440617,0.0,0.0,0.0,0.0,0.0,0.0,False
2009-02-24,4.28,38.86,0.04296603588344339,0.031366920720287794,0.0,0.0,0.0,0.0,0.0,0.0,False
2009-02-25,4.06,41.64,-0.052770035980064245,0.06909579979747438,0.0,0.0,0.0,0.0,0.0,0.0,False
2009-02-26,4.08,43.18,0.004914014802429145,0.03631618133989312,0.0,0.0,0.0,0.0,0.0,0.0,False
2009-02-27,4.198,44.15,0.028511232982370904,0.02221550196330746,0.0,0.0,0.0,0.0,0.0,0.0,False
2009-03-02,4.23,40.07,0.007593771659745396,-0.09696500240191552,0.0,0.0,0.0,0.0,0.0,0.0,False
2009-03-03,4.6,41.57,0.08385431043686253,0.036750828616492814,0.0,0.0,0.0,0.0,0.0,0.0,False
2009-03-04,4.34,45.28,-0.05818195538273563,0.08548668063038134,0.0,0.0,0.0,0.0,0.0,0.0,False
2009-03-05,4.09,43.54,-0.05932937805760319,-0.03918537808852607,0.0,0.0,0.0,0.0,0.0,0.0,False
2009-03-06,4.02,45.43,-0.01726306742378081,0.0424926239649106,0.0,0.0,0.0,0.0,0.0,0.0,False
2009-03-09,3.93,47.01,-0.02264247674975972,0.03418766526472705,0.0,0.0,0.0,0.0,0.0,0.0,False
2009-03-10,4.18,45.68,0.061671820655495146,-0.028699779688284188,0.0,0.0,0.0,0.0,0.0,0.0,False
2009-03-11,3.98,42.46,-0.04902942724031867,-0.07309810907264502,0.0,0.0,0.0,0.0,0.0,0.0,False
2009-03-12,3.87,46.91,-0.028027312254655934,0.09966841606525678,0.0,0.0,0.0,0.0,0.0,0.0,False
2009-03-13,4.26,46.22,0.09601465323958869,-0.014818267494132176,0.0,0.0,0.0,0.0,0.0,0.0,False
2009-03-16,3.92,47.33,-0.08317750647890798,0.023731739071922053,0.0,0.0,0.0,0.0,0.0,0.0,False
2009-03-17,3.78,48.97,-0.0363676441708749,0.03406352179606964,0.0,0.0,0.0,0.0,0.0,0.0,False
2009-03-18,3.75,48.12,-0.007968169649176682,-0.01750997460774828,0.0,0.0,0.0,0.0,0.0,0.0,False
2009-03-19,4.36,51.46,0.15071621737862362,0.06710691574712024,0.0,0.0,0.0,0.0,0.0,0.0,False
2009-03-20,4.43,51.55,0.015927526696101202,0.0017474036093707568,0.0,0.0,0.0,0.0,0.0,0.0,False
2009-03-23,4.29,53.05,-0.0321128511171187,0.028682654597023127,0.0,0.0,0.0,0.0,0.0,0.0,False
2009-03-24,4.13,53.36,-0.03800932596698425,0.005826536547376193,0.0,0.0,0.0,0.0,0.0,0.0,False
2009-03-25,4.54,52.24,0.09464960508031517,-0.021212916639192336,0.0,0.0,0.0,0.0,0.0,0.0,False
2009-03-26,4.17,53.87,-0.08501097624254639,0.030725251724266656,0.0,0.0,0.0,0.0,0.0,0.0,False
2009-03-27,3.63,52.41,-0.13868338753395082,-0.027476323878367737,0.0,0.0,0.0,0.0,0.0,0.0,False
2009-03-30,4.12,48.49,0.12662051508467576,-0.07773982169681393,0.0,0.0,0.0,0.0,0.0,0.0,False
2009-03-31,3.58,49.64,-0.1404903629488261,0.02343936921914569,0.0,0.0,0.0,0.0,0.0,0.0,False
2009-04-01,3.83,48.46,0.06750200277994578,-0.024058244948026886,0.0,0.0,0.0,0.0,0.0,0.0,False
2009-04-02,3.78,52.61,-0.013140793561058572,0.08216750035433629,0.0,0.0,0.0,0.0,0.0,0.0,False
2009-04-03,4.07,52.52,0.07391898982300749,-0.001712166308120544,0.0,0.0,0.0,0.0,0.0,0.0,False
2009-04-06,4.11,51.1,0.009780029053639616,-0.027409552224936462,0.0,0.0,0.0,0.0,0.0,0.0,False
2009-04-07,3.6,49.13,-0.13248918304607904,-0.03931465102910181,0.0,0.0,0.0,0.0,0.0,0.0,False
2009-04-08,3.63,49.37,0.008298802814695083,0.004873106090214296,0.0,0.0,0.0,0.0,0.0,0.0,False
2009-04-09,3.59,52.24,-0.011080445776571857,0.05650553269740444,0.0,0.0,0.0,0.0,0.0,0.0,False
2009-04-13,3.46,50.22,-0.036883613430554574,-0.039435131238736876,0.0,0.0,0.0,0.0,0.0,0.0,False
2009-04-14,3.69,49.51,0.06435786898280282,-0.014238684356107534,0.0,0.0,0.0,0.0,0.0,0.0,False
2009-04-15,3.83,49.26,0.037238345140119034,-0.005062276680939615,0.0,0.0,0.0,0.0,0.0,0.0,False
2009-04-16,3.89,49.97,0.015544354437800223,0.014310432663721784,0.0,0.0,0.0,0.0,0.0,0.0,False
2009-04-17,3.86,50.36,-0.0077419741536155495,0.007774383820032593,0.0,0.0,0.0,0.0,0.0,0.0,False
2009-04-20,3.95,45.82,0.023048395436291225,-0.09447653215079654,0.0,0.0,0.0,0.0,0.0,0.0,False
2009-04-21,3.79,46.65,-0.0413495598186957,0.017952250268002956,0.0,0.0,0.0,0.0,0.0,0.0,False
2009-04-22,3.79,47.41,0.0,0.016160249620674083,0.0,0.0,0.0,0.0,0.0,0.0,False
2009-04-23,3.46,48.46,-0.09109743002470205,0.021905538474352948,0.0,0.0,0.0,0.0,0.0,0.0,False
2009-04-24,3.55,50.65,0.025679014417691493,0.04420051530631275,0.0,0.0,0.0,0.0,0.0,0.0,False
2009-04-27,3.36,49.29,-0.05500662951221158,-0.027218009977405977,0.0,0.0,0.0,0.0,0.0,0.0,False
2009-04-28,3.58,49.01,0.06342182643749616,-0.005696861795830177,0.0,0.0,0.0,0.0,0.0,0.0,False
2009-04-29,3.74,50.19,0.043722811013831686,0.02379144474538597,0.0,0.0,0.0,0.0,0.0,0.0,False
2009-04-30,3.25,50.35,-0.14043061508479449,0.003182815497729141,0.0,0.0,0.0,0.0,0.0,0.0,False
2009-05-01,3.3,52.18,0.015267472130788384,0.03570066054401089,0.0,0.0,0.0,0.0,0.0,0.0,False
2009-05-04,3.47,54.45,0.05023212548633338,0.042583569670387345,0.0,0.0,0.0,0.0,0.0,0.0,False
2009-05-05,3.62,53.81,0.04231943187891174,-0.011823525877641128,0.0,0.0,0.0,0.0,0.0,0.0,False
2009-05-06,4.01,56.29,0.10231721548079808,0.04505757597460658,0.0,0.0,0.0,0.0,0.0,0.0,False
2009-05-07,4.08,56.67,0.017305747097592583,0.006728070705593225,0.0,0.0,0.0,0.0,0.0,0.0,False
2009-05-08,4.31,58.58,0.054840915699585935,0.03314837121805869,0.0,0.0,0.0,0.0,0.0,0.0,False
2009-05-11,4.52,57.79,0.04757408972848354,-0.013577591069900308,0.0,0.0,0.0,0.0,0.0,0.0,False
2009-05-12,4.56,58.81,0.008810629682154847,0.017496158142177975,0.0,0.0,0.0,0.0,0.0,0.0,False
2009-05-13,4.64,58.0,0.017391742711869274,-0.013868897925445545,0.0,0.0,0.0,0.0,0.0,0.0,False
2009-05-14,4.29,58.58,-0.07842763329823832,0.009950330853167877,0.0,0.0,0.0,0.0,0.0,0.0,False
2009-05-15,4.42,56.52,0.02985296314968111,-0.035798783583260274,0.0,0.0,0.0,0.0,0.0,0.0,False
2009-05-18,4.14,58.99,-0.06544390825238389,0.04277338019865695,0.0,0.0,0.0,0.0,0.0,0.0,False
2009-05-19,4.03,59.52,-0.026929411878631182,0.008944452509853207,0.0,0.0,0.0,0.0,0.0,0.0,False
2009-05-20,4.22,61.45,0.04606875208932881,0.031911445487207146,0.0,0.0,0.0,0.0,0.0,0.0,False
2009-05-21,3.77,60.49,-0.11276012658800116,-0.015745773893221404,0.0,0.0,0.0,0.0,0.0,0.0,False
2009-05-22,3.52,61.15,-0.06861401184991367,0.010851800014358481,0.0,0.0,0.0,0.0,0.0,0.0,False
2009-05-26,3.54,62.48,0.005665737535677451,0.021516643398249435,0.0,0.0,0.0,0.0,0.0,0.0,False
2009-05-27,3.54,63.41,0.0,0.014775072180509774,0.0,0.0,0.0,0.0,0.0,0.0,False
2009-05-28,4.08,65.09,0.14197026127038725,0.026149349872355288,0.0,0.0,0.0,0.0,0.0,0.0,False
2009-05-29,3.84,66.31,-0.0606246218164348,0.018569787796480774,0.0,0.0,0.0,0.0,0.0,0.0,False
2009-06-01,4.47,68.59,0.15191604202584186,0.03380603613045352,0.0,0.0,0.0,0.0,0.0,0.0,False
2009-06-02,4.12,68.58,-0.08153524526404232,-0.0001458044764559574,0.0,0.0,0.0,0.0,0.0,0.0,False
2009-06-03,3.81,66.14,-0.07822397422282545,-0.036227239481127604,0.0,0.0,0.0,0.0,0.0,0.0,False
2009-06-04,3.58,68.8,-0.062266388726000654,0.03943003738565132,0.0,0.0,0.0,0.0,0.0,0.0,False
2009-06-05,4.04,68.43,0.1208818915604497,-0.005392419974890927,0.0,0.0,0.0,0.0,0.0,0.0,False
2009-06-08,4.1,68.05,0.014742281737203378,-0.005568595866932036,0.0,0.0,0.0,0.0,0.0,0.0,False
2009-06-09,4.11,70.02,0.0024360547978812264,0.02853818642904482,0.0,0.0,0.0,0.0,0.0,0.0,False
2009-06-10,4.31,71.38,0.047514875607512996,0.019236802535494313,0.0,0.0,0.0,0.0,0.0,0.0,False
2009-06-11,4.32,72.69,0.0023174981403626393,0.018186105434530475,0.0,0.0,0.0,0.0,0.0,0.0,False
2009-06-12,4.49,72.13,0.038597299498144055,-0.007733776980963114,0.0,0.0,0.0,0.0,0.0,0.0,False
2009-06-15,4.18,70.54,-0.071541455217498,-0.02229012170767497,0.0,0.0,0.0,0.0,0.0,0.0,False
2009-06-16,4.63,70.47,0.10224562156147776,-0.0009928374689751607,0.0,0.0,0.0,0.0,0.0,0.0,False
2009-06-17,4.42,71.07,-0.04641717200853601,0.008478219499872708,0.0,0.0,0.0,0.0,0.0,0.0,False
2009-06-18,4.41,71.42,-0.002265006630852051,0.004912635327499082,0.0,0.0,0.0,0.0,0.0,0.0,False
2009-06-19,4.19,69.6,-0.05117395552470816,-0.025813374825928825,0.0,0.0,0.0,0.0,0.0,0.0,False
2009-06-22,4.38,67.09,0.04434799045430826,-0.036729565765576844,0.0,0.0,0.0,0.0,0.0,0.0,False
2009-06-23,3.88,68.81,-0.12121357075317274,0.025314081639591812,0.0,0.0,0.0,0.0,0.0,0.0,False
2009-06-24,3.91,68.14,0.007702220362092449,-0.009784670981568766,0.0,0.0,0.0,0.0,0.0,0.0,False
2009-06-25,3.82,69.7,-0.023286951378790777,0.02263590553365802,0.0,0.0,0.0,0.0,0.0,0.0,False
2009-06-26,4.24,69.16,0.10431284662538265,-0.007777656951388323,0.0,0.0,0.0,0.0,0.0,0.0,False
2009-06-29,4.33,71.47,0.021004272770532184,0.032855120416797945,0.0,0.0,0.0,0.0,0.0,0.0,False
2009-06-30,3.84,69.82,-0.120095175414763,-0.023357279554997668,0.0,0.0,0.0,0.0,0.0,0.0,False
2009-07-01,4.18,69.32,0.08483887993702943,-0.007187036829485294,0.0,0.0,0.0,0.0,0.0,0.0,False
2009-07-02,4.0,66.68,-0.0440168854167744,-0.03882840696481171,0.0,0.0,0.0,0.0,0.0,0.0,False
2009-07-06,3.24,64.06,-0.21072103131565245,-0.04008491370158129,0.0,0.0,0.0,0.0,0.0,0.0,False
2009-07-07,3.78,62.88,0.15415067982725805,-0.0185919960600609,0.0,0.0,0.0,0.0,0.0,0.0,False
2009-07-08,3.48,60.15,-0.08269171584511326,-0.04438670570026293,0.0,0.0,0.0,0.0,0.0,0.0,False
2009-07-09,3.41,60.36,-0.020320002490957556,0.0034851914789602034,0.0,0.0,0.0,0.0,0.0,0.0,False
2009-07-10,3.37,59.93,-0.011799546931154925,-0.007149419429554271,0.0,0.0,0.0,0.0,0.0,0.0,False
2009-07-13,3.26,59.69,-0.03318554898565429,-0.0040127122895352585,0.0,0.0,0.0,0.0,0.0,0.0,False
2009-07-14,3.79,59.62,0.1506388237157188,-0.0011734139306334157,0.0,0.0,0.0,0.0,0.0,0.0,False
2009-07-15,3.28,61.49,-0.1445225966982826,0.030883471715452693,0.0,0.0,0.0,0.0,0.0,0.0,False
2009-07-16,3.67,62.07,0.11234823967042651,0.00938822046018295,0.0,0.0,0.0,0.0,0.0,0.0,False
2009-07-17,4.03,63.56,0.0935747138921128,0.023721561242954436,0.0,0.0,0.0,0.0,0.0,0.0,False
2009-07-20,4.05,63.93,0.004950505159856178,0.005804393110119932,0.0,0.0,0.0,0.0,0.0,0.0,False
2009-07-21,4.72,64.81,0.15309191847901604,0.013671177660989464,0.0,0.0,0.0,0.0,0.0,0.0,False
2009-07-22,4.8,64.58,0.016807118316381375,-0.003555147109495671,0.0,0.0,0.0,0.0,0.0,0.0,False
2009-07-23,3.66,66.1,-0.2711527705005703,0.023263981527511746,0.0,0.0,0.0,0.0,0.0,0.0,False
2009-07-24,4.76,66.96,0.26278452083005366,0.012926679323578938,0.0,0.0,0.0,0.0,0.0,0.0,False
2009-07-27,4.01,68.34,-0.17145642692485086,0.020399820505925703,0.0,0.0,0.0,0.0,0.0,0.0,False
2009-07-28,3.69,67.24,-0.08316478326604204,-0.016226938146730596,0.0,0.0,0.0,0.0,0.0,0.0,False
2009-07-29,3.38,63.42,-0.08775074855750842,-0.05848903943021355,0.0,0.0,0.0,0.0,0.0,0.0,False
2009-07-30,3.74,66.9,0.10120990193151336,0.05341969802398161,0.0,0.0,0.0,0.0,0.0,0.0,False
2009-07-31,5.36,69.26,0.35987836365627013,0.03466857184009342,0.0,0.0,0.0,0.0,0.0,0.0,False
2009-08-03,5.7,71.59,0.06150219975779381,0.03308786043381762,0.0,0.0,0.0,0.0,0.0,0.0,False
2009-08-04,4.28,71.4,-0.28651316524679915,-0.0026575300625548692,0.0,0.0,0.0,0.0,0.0,0.0,False
2009-08-05,4.04,71.97,-0.057708317620646765,0.007951496174174011,0.0,0.0,0.0,0.0,0.0,0.0,False
2009-08-06,4.01,71.96,-0.007453450654580918,-0.0001389564373805996,0.0,0.0,0.0,0.0,0.0,0.0,False
2009-08-07,3.94,70.97,-0.017610518008635223,-0.013853156545440726,0.0,0.0,0.0,0.0,0.0,0.0,False
2009-08-10,4.73,70.59,0.18274447919399917,-0.005368761129511235,0.0,0.0,0.0,0.0,0.0,0.0,False
2009-08-11,3.54,69.46,-0.2897984753581586,-0.016137444091453013,0.0,0.0,0.0,0.0,0.0,0.0,False
2009-08-12,3.48,70.08,-0.017094433359300165,0.008886399312208582,0.0,0.0,0.0,0.0,0.0,0.0,False
2009-08-13,5.34,70.57,0.42819335918572055,0.006967678384602216,0.0,0.0,0.0,0.0,0.0,0.0,False
2009-08-14,3.24,67.51,-0.49965232316786534,-0.04432938995895874,0.0,0.0,0.0,0.0,0.0,0.0,False
2009-08-17,3.16,66.72,-0.02500130220541741,-0.01177097700328833,0.0,0.0,0.0,0.0,0.0,0.0,False
2009-08-18,5.11,69.22,0.48062737661679233,0.03678508015670712,0.0,0.0,0.0,0.0,0.0,0.0,False
2009-08-19,3.12,72.54,-0.4933664023942219,0.04684829564755777,0.0,0.0,0.0,0.0,0.0,0.0,False
2009-08-20,5.05,72.4,0.48155524146587725,-0.0019318344630852025,0.0,0.0,0.0,0.0,0.0,0.0,False
2009-08-21,2.78,73.12,-0.5969373155847228,0.009895627754223923,0.0,0.0,0.0,0.0,0.0,0.0,False
2009-08-24,3.34,73.68,0.1835198792860635,0.007629464801156338,0.0,0.0,0.0,0.0,0.0,0.0,False
2009-08-25,4.26,71.6,0.24329835329267002,-0.02863631798045141,0.0,0.0,0.0,0.0,0.0,0.0,False
2009-08-26,5.1,71.38,0.179971379449001,-0.003077355904586021,0.0,0.0,0.0,0.0,0.0,0.0,False
2009-08-27,2.84,72.49,-0.5854364875571654,0.015430903250772232,0.0,0.0,0.0,0.0,0.0,0.0,False
2009-08-28,5.21,72.72,0.6067758035921609,0.0031678285564371578,0.0,0.0,0.0,0.0,0.0,0.0,False
2009-08-31,2.42,69.97,-0.7668123155966805,-0.03854987111141828,0.0,0.0,0.0,0.0,0.0,0.0,False
2009-09-01,2.82,68.11,0.1529693447814272,-0.026942533504578314,0.0,0.0,0.0,0.0,0.0,0.0,False
2009-09-02,4.69,68.03,0.5086956975081658,-0.001175260896257413,0.0,0.0,0.0,0.0,0.0,0.0,False
2009-09-03,3.66,67.9,-0.2479694350449131,-0.001912749792318813,0.0,0.0,0.0,0.0,0.0,0.0,False
2009-09-04,4.5,67.95,0.2066142493629992,0.0007361060325026259,0.0,0.0,0.0,0.0,0.0,0.0,False
2009-09-08,3.86,71.08,-0.15341021329953475,0.04503386268929788,0.0,0.0,0.0,0.0,0.0,0.0,False
2009-09-09,4.61,71.27,0.17756067353181781,0.0026694782273279927,0.0,0.0,0.0,0.0,0.0,0.0,False
2009-09-10,4.25,71.95,-0.08130887407223186,0.009495951819597614,0.0,0.0,0.0,0.0,0.0,0.0,False
2009-09-11,4.01,69.34,-0.05812774161784762,-0.03694949307649864,0.0,0.0,0.0,0.0,0.0,0.0,False
2009-09-14,5.27,68.86,0.2732391212347931,-0.006946482346499749,0.0,0.0,0.0,0.0,0.0,0.0,False
2009-09-15,3.32,70.81,-0.4620655796248738,0.027924775753304765,0.0,0.0,0.0,0.0,0.0,0.0,False
2009-09-16,4.72,72.5,0.35184401666906684,0.02358632819694595,0.0,0.0,0.0,0.0,0.0,0.0,False
2009-09-17,3.46,72.48,-0.310540210527831,-0.0002759001259047267,0.0,0.0,0.0,0.0,0.0,0.0,False
2009-09-18,4.66,71.95,0.29774685906792175,-0.007339228401347597,0.0,0.0,0.0,0.0,0.0,0.0,False
2009-09-21,3.58,69.74,-0.2636526477249457,-0.031197392085871023,0.0,0.0,0.0,0.0,0.0,0.0,False
2009-09-22,5.22,71.5,0.37713460148193834,0.02492340845245611,0.0,0.0,0.0,0.0,0.0,0.0,False
2009-09-23,3.86,68.74,-0.3018302184178079,-0.039366178278274155,0.0,0.0,0.0,0.0,0.0,0.0,False
2009-09-24,5.59,65.74,0.37031210369026835,-0.04462370318561426,0.0,0.0,0.0,0.0,0.0,0.0,False
2009-09-25,4.95,65.91,-0.12159171058640883,0.0025826068285557113,0.0,0.0,0.0,0.0,0.0,0.0,False
2009-09-28,3.73,66.69,-0.2829793429248748,0.011764841579585905,0.0,0.0,0.0,0.0,0.0,0.0,False
2009-09-29,5.98,66.56,0.47201233430681633,-0.0019512201312616995,0.0,0.0,0.0,0.0,0.0,0.0,False
2009-09-30,4.84,70.46,-0.21150584723400012,0.05694137640013874,0.0,0.0,0.0,0.0,0.0,0.0,False
2009-10-01,4.47,70.67,-0.07952631210306293,0.002975981789671067,0.0,0.0,0.0,0.0,0.0,0.0,False
2009-10-02,5.82,69.8,0.263911853117869,-0.012387144934436378,0.0,0.0,0.0,0.0,0.0,0.0,False
2009-10-05,5.72,70.26,-0.017331456351640018,0.006568637069354288,0.0,0.0,0.0,0.0,0.0,0.0,False
2009-10-06,5.96,70.71,0.04110167568555201,0.006384358778468879,0.0,0.0,0.0,0.0,0.0,0.0,False
2009-10-07,5.68,69.6,-0.04811924834419856,-0.015822438275775674,0.0,0.0,0.0,0.0,0.0,0.0,False
2009-10-08,6.05,71.69,0.0631070393096902,0.029586700524406595,0.0,0.0,0.0,0.0,0.0,0.0,False
2009-10-09,5.91,71.75,-0.023412440624743125,0.0008365867749500211,0.0,0.0,0.0,0.0,0.0,0.0,False
2009-10-12,3.96,73.24,-0.4004018061516177,0.020553865166578866,0.0,0.0,0.0,0.0,0.0,0.0,False
2009-10-13,5.82,74.1,0.3850562364769572,0.011673812495732072,0.0,0.0,0.0,0.0,0.0,0.0,False
2009-10-14,5.68,75.2,-0.02434902901028657,0.014735698653752571,0.0,0.0,0.0,0.0,0.0,0.0,False
2009-10-15,4.48,77.55,-0.23732818630616603,0.030771658666753687,0.0,0.0,0.0,0.0,0.0,0.0,False
2009-10-16,6.02,78.54,0.29546421289383584,0.012685159527316081,0.0,0.0,0.0,0.0,0.0,0.0,False
2009-10-19,5.76,79.47,-0.04414978461292973,0.011771542802224033,0.0,0.0,0.0,0.0,0.0,0.0,False
2009-10-20,5.94,78.87,0.030771658666753687,-0.007578664542188029,0.0,0.0,0.0,0.0,0.0,0.0,False
2009-10-21,6.08,81.03,0.023295562603522058,0.027018529062734054,0.0,0.0,0.0,0.0,0.0,0.0,False
2009-10-22,4.98,80.82,-0.19957480494151403,-0.0025949968223066833,0.0,0.0,0.0,0.0,0.0,0.0,False
2009-10-23,5.87,80.11,0.16442474280344355,-0.008823769423301542,0.0,0.0,0.0,0.0,0.0,0.0,False
2009-10-26,5.21,78.61,-0.11927477807472964,-0.018901772421360263,0.0,0.0,0.0,0.0,0.0,0.0,False
2009-10-27,5.28,79.45,0.013346241952894689,0.01062897517705963,0.0,0.0,0.0,0.0,0.0,0.0,False
2009-10-28,5.07,77.39,-0.04058528011507834,-0.026270319700357092,0.0,0.0,0.0,0.0,0.0,0.0,False
2009-10-29,5.43,79.84,0.06859831634275215,0.03116705872084058,0.0,0.0,0.0,0.0,0.0,0.0,False
2009-10-30,5.43,77.04,0.0,-0.0356998645133384,0.0,0.0,0.0,0.0,0.0,0.0,False
2009-11-02,4.32,78.08,-0.22868373168982514,0.013409174614967156,0.0,0.0,0.0,0.0,0.0,0.0,False
2009-11-03,4.92,79.58,0.1300531282481978,0.01902886289394523,0.0,0.0,0.0,0.0,0.0,0.0,False
2009-11-04,5.07,80.3,0.030032287098875177,0.009006815953933156,0.0,0.0,0.0,0.0,0.0,0.0,False
2009-11-05,5.18,79.64,0.021464238668299718,-0.008253141756719984,0.0,0.0,0.0,0.0,0.0,0.0,False
2009-11-06,4.96,77.4,-0.04339931553455556,-0.02852969860031429,0.0,0.0,0.0,0.0,0.0,0.0,False
2009-11-09,5.1,79.44,0.027834798993443988,0.026015239141235824,0.0,0.0,0.0,0.0,0.0,0.0,False
2009-11-10,4.95,79.01,-0.02985296314968111,-0.005427593002274911,0.0,0.0,0.0,0.0,0.0,0.0,False
2009-11-11,4.97,79.16,0.004032263527938396,0.0018966939997229204,0.0,0.0,0.0,0.0,0.0,0.0,False
2009-11-12,4.37,77.25,-0.12865683100103853,-0.02442420495651021,0.0,0.0,0.0,0.0,0.0,0.0,False
2009-11-13,4.88,76.34,0.11038221075755694,-0.011849868460771518,0.0,0.0,0.0,0.0,0.0,0.0,False
2009-11-16,5.08,78.91,0.04016604172533489,0.03311091521586018,0.0,0.0,0.0,0.0,0.0,0.0,False
2009-11-17,4.53,79.08,-0.11458932209544792,0.002152035769472427,0.0,0.0,0.0,0.0,0.0,0.0,False
2009-11-18,4.66,79.55,0.02829350864261193,0.005925756481379274,0.0,0.0,0.0,0.0,0.0,0.0,False
2009-11-19,4.81,77.47,0.031681635980115086,-0.026494990139984687,0.0,0.0,0.0,0.0,0.0,0.0,False
2009-11-20,3.09,76.83,-0.44252599320801567,-0.008295575764266871,0.0,0.0,0.0,0.0,0.0,0.0,False
2009-11-23,4.79,76.49,0.4383593205131697,-0.004435175545768999,0.0,0.0,0.0,0.0,0.0,0.0,False
2009-11-24,4.86,74.88,0.014508026489578718,-0.021273181164437993,0.0,0.0,0.0,0.0,0.0,0.0,False
2009-11-25,5.29,77.25,0.08477980795780549,0.031160083608518185,0.0,0.0,0.0,0.0,0.0,0.0,False
2009-11-27,5.26,75.95,-0.0056872191205894485,-0.016971686736073188,0.0,0.0,0.0,0.0,0.0,0.0,False
2009-11-30,4.41,77.19,-0.17625633729086387,0.016194685919980856,0.0,0.0,0.0,0.0,0.0,0.0,False
2009-12-01,4.85,78.39,0.09510401549063707,0.015426453238868376,0.0,0.0,0.0,0.0,0.0,0.0,False
2009-12-02,4.67,76.62,-0.03781963326858584,-0.022838228928128146,0.0,0.0,0.0,0.0,0.0,0.0,False
2009-12-03,4.46,76.42,-0.04601030564883324,-0.0026136972537491587,0.0,0.0,0.0,0.0,0.0,0.0,False
2009-12-04,4.67,75.41,0.04601030564883324,-0.013304549804198373,0.0,0.0,0.0,0.0,0.0,0.0,False
2009-12-07,5.13,73.89,0.09394658750187235,-0.020362391413999426,0.0,0.0,0.0,0.0,0.0,0.0,False
2009-12-08,5.17,72.59,0.007767029337659492,-0.01775032950380684,0.0,0.0,0.0,0.0,0.0,0.0,False
2009-12-09,4.9,70.67,-0.053637483403756736,-0.026806016593986293,0.0,0.0,0.0,0.0,0.0,0.0,False
2009-12-10,5.38,70.54,0.0934531690571121,-0.0018412298948566885,0.0,0.0,0.0,0.0,0.0,0.0,False
2009-12-11,5.21,69.86,-0.03210851840841755,-0.009686685429220354,0.0,0.0,0.0,0.0,0.0,0.0,False
2009-12-14,5.4,69.48,0.03581909780495329,-0.005454298005781233,0.0,0.0,0.0,0.0,0.0,0.0,False
2009-12-15,5.58,70.62,0.03278982282299081,0.016274449127335444,0.0,0.0,0.0,0.0,0.0,0.0,False
2009-12-16,5.51,72.64,-0.012624153228396606,0.028202343792798068,0.0,0.0,0.0,0.0,0.0,0.0,False
2009-12-17,5.77,72.58,0.04610745735518518,-0.0008263325081134809,0.0,0.0,0.0,0.0,0.0,0.0,False
2009-12-18,5.83,73.3,0.01034491984239283,0.009871207107680746,0.0,0.0,0.0,0.0,0.0,0.0,False
2009-12-21,5.67,72.71,-0.027827882622740274,-0.008081682230639764,0.0,0.0,0.0,0.0,0.0,0.0,False
2009-12-22,5.7,73.48,0.005277057100843807,0.010534333684959485,0.0,0.0,0.0,0.0,0.0,0.0,False
2009-12-23,5.82,76.03,0.02083408690284183,0.03411473889341998,0.0,0.0,0.0,0.0,0.0,0.0,False
2009-12-24,5.69,76.83,-0.022590013605106707,0.010467189639198793,0.0,0.0,0.0,0.0,0.0,0.0,False
2009-12-28,5.92,78.67,0.039626200757674646,0.023666699461607266,0.0,0.0,0.0,0.0,0.0,0.0,False
2009-12-29,5.81,78.87,-0.018755878032094664,0.0025390390687487496,0.0,0.0,0.0,0.0,0.0,0.0,False
2009-12-30,5.71,79.35,-0.017361547195900773,0.006067519562518164,0.0,0.0,0.0,0.0,0.0,0.0,False
2009-12-31,5.53,79.39,-0.03203120813367555,0.0005039687646037905,0.0,0.0,0.0,0.0,0.0,0.0,False
2010-01-04,6.09,81.52,0.0964602661875622,0.026475973177447543,0.0,0.0,0.0,0.0,0.0,0.0,False
2010-01-05,6.19,81.74,0.01628700497469926,0.0026950892216621725,0.0,0.0,0.0,0.0,0.0,0.0,False
2010-01-06,5.94,83.12,-0.041225953321951225,0.016741868654840175,0.0,0.0,0.0,0.0,0.0,0.0,False
2010-01-07,5.7,82.6,-0.04124295853404902,-0.0062756662640390815,0.0,0.0,0.0,0.0,0.0,0.0,False
2010-01-08,5.75,82.74,0.008733679968754515,0.0016934805063328895,0.0,0.0,0.0,0.0,0.0,0.0,False
2010-01-11,5.43,82.54,-0.05726072086341505,-0.002420136708829901,0.0,0.0,0.0,0.0,0.0,0.0,False
2010-01-12,5.57,80.79,0.02545591999334862,-0.021429828832818743,0.0,0.0,0.0,0.0,0.0,0.0,False
2010-01-13,5.71,79.66,0.024823969728726247,-0.014085617738119005,0.0,0.0,0.0,0.0,0.0,0.0,False
2010-01-14,5.59,79.35,-0.021239736500911155,-0.0038991307810798403,0.0,0.0,0.0,0.0,0.0,0.0,False
2010-01-15,5.67,77.96,0.014209830572653015,-0.01767257233305841,0.0,0.0,0.0,0.0,0.0,0.0,False
2010-01-19,5.56,78.98,-0.019591009477169852,0.012998781219144107,0.0,0.0,0.0,0.0,0.0,0.0,False
2010-01-20,5.5,77.42,-0.010850016024065656,-0.01994951070900175,0.0,0.0,0.0,0.0,0.0,0.0,False
2010-01-21,5.58,75.84,0.014440684154794381,-0.020619287202735315,0.0,0.0,0.0,0.0,0.0,0.0,False
2010-01-22,5.67,74.25,0.016000341346441127,-0.021188080263957687,0.0,0.0,0.0,0.0,0.0,0.0,False
2010-01-25,5.65,74.9,-0.0035335725813110397,0.00871611284036522,0.0,0.0,0.0,0.0,0.0,0.0,False
2010-01-26,5.41,74.67,-0.04340645229995954,-0.0030754854755636885,0.0,0.0,0.0,0.0,0.0,0.0,False
2010-01-27,5.27,73.64,-0.026218730305119342,-0.013890048682733358,0.0,0.0,0.0,0.0,0.0,0.0,False
2010-01-28,5.14,73.62,-0.024977283086197177,-0.00027162841400230064,0.0,0.0,0.0,0.0,0.0,0.0,False
2010-01-29,5.24,72.85,0.019268418865877157,-0.010514195309661467,0.0,0.0,0.0,0.0,0.0,0.0,False
2010-02-01,5.3,74.41,0.011385322225125227,0.021187808767956007,0.0,0.0,0.0,0.0,0.0,0.0,False
2010-02-02,5.55,77.21,0.04609110720026699,0.036938640911555076,0.0,0.0,0.0,0.0,0.0,0.0,False
2010-02-03,5.51,76.96,-0.007233304593520007,-0.0032431759632736146,0.0,0.0,0.0,0.0,0.0,0.0,False
2010-02-04,5.5,73.13,-0.0018165309263977747,-0.05104712707459136,0.0,0.0,0.0,0.0,0.0,0.0,False
2010-02-05,5.54,71.15,0.007246408520767078,-0.027448354746997694,0.0,0.0,0.0,0.0,0.0,0.0,False
2010-02-08,5.4,71.87,-0.025595547188963508,0.010068606944489744,0.0,0.0,0.0,0.0,0.0,0.0,False
2010-02-09,5.27,73.71,-0.024368591016957986,0.02527954372084551,0.0,0.0,0.0,0.0,0.0,0.0,False
2010-02-10,5.29,74.48,0.003787883316937135,0.010392157767614485,0.0,0.0,0.0,0.0,0.0,0.0,False
2010-02-11,5.38,75.23,0.01687012830348511,0.010019454603318323,0.0,0.0,0.0,0.0,0.0,0.0,False
2010-02-12,5.56,74.11,0.032909734088797826,-0.01499961160886265,0.0,0.0,0.0,0.0,0.0,0.0,False
2010-02-16,5.31,76.98,-0.04600627300864346,0.03799517189233281,0.0,0.0,0.0,0.0,0.0,0.0,False
2010-02-17,5.36,77.27,0.009372139828863313,0.0037601340898927305,0.0,0.0,0.0,0.0,0.0,0.0,False
2010-02-18,5.16,78.97,-0.0380273955892394,0.021762251563997026,0.0,0.0,0.0,0.0,0.0,0.0,False
2010-02-19,5.19,79.77,0.005797117684325892,0.010079460413548347,0.0,0.0,0.0,0.0,0.0,0.0,False
2010-02-22,4.9,80.04,-0.057498492061216266,0.003379015792494222,0.0,0.0,0.0,0.0,0.0,0.0,False
2010-02-23,4.91,78.61,0.0020387366898482195,-0.018027591909866914,0.0,0.0,0.0,0.0,0.0,0.0,False
2010-02-24,4.86,79.75,-0.01023550389402672,0.014397823859288117,0.0,0.0,0.0,0.0,0.0,0.0,False
2010-02-25,4.83,77.99,-0.006191970247921175,-0.022316128322547257,0.0,0.0,0.0,0.0,0.0,0.0,False
2010-02-26,5.04,79.72,0.042559614418795855,0.02193988200218744,0.0,0.0,0.0,0.0,0.0,0.0,False
2010-03-01,4.91,78.71,-0.02613214027684796,-0.012750283190235301,0.0,0.0,0.0,0.0,0.0,0.0,False
2010-03-02,4.71,79.62,-0.04158603377810288,0.011495105417813178,0.0,0.0,0.0,0.0,0.0,0.0,False
2010-03-03,4.76,80.91,0.010559760215002267,0.016072108247576544,0.0,0.0,0.0,0.0,0.0,0.0,False
2010-03-04,4.64,80.21,-0.025533302005164682,-0.008689230440914741,0.0,0.0,0.0,0.0,0.0,0.0,False
2010-03-05,4.56,81.5,-0.017391742711869274,0.015954824867983497,0.0,0.0,0.0,0.0,0.0,0.0,False
2010-03-08,4.53,81.85,-0.006600684031351944,0.004285283570326648,0.0,0.0,0.0,0.0,0.0,0.0,False
2010-03-09,4.58,81.5,0.010977058631150838,-0.004285283570326648,0.0,0.0,0.0,0.0,0.0,0.0,False
2010-03-10,4.62,82.07,0.008695706967553951,0.006969521394803557,0.0,0.0,0.0,0.0,0.0,0.0,False
2010-03-11,4.51,82.1,-0.02409755157906046,0.0003654748167623012,0.0,0.0,0.0,0.0,0.0,0.0,False
2010-03-12,4.63,81.26,0.026259714583555693,-0.01028412589880201,0.0,0.0,0.0,0.0,0.0,0.0,False
2010-03-15,4.29,79.79,-0.07627013515821712,-0.018255707239391405,0.0,0.0,0.0,0.0,0.0,0.0,False
2010-03-16,4.35,81.75,0.013889112160667016,0.024267626457173286,0.0,0.0,0.0,0.0,0.0,0.0,False
2010-03-17,4.44,82.93,0.02047853134354094,0.014331068685749848,0.0,0.0,0.0,0.0,0.0,0.0,False
2010-03-18,4.09,82.16,-0.08210940638942321,-0.009328312842809439,0.0,0.0,0.0,0.0,0.0,0.0,False
2010-03-19,4.3,80.58,0.05007005264480635,-0.019418085857101808,0.0,0.0,0.0,0.0,0.0,0.0,False
2010-03-22,4.21,81.26,-0.02115237500522671,0.008403410796379518,0.0,0.0,0.0,0.0,0.0,0.0,False
2010-03-23,4.13,81.68,-0.01918524072134864,0.0051552832968297935,0.0,0.0,0.0,0.0,0.0,0.0,False
2010-03-24,4.02,80.29,-0.02699550434201181,-0.01716409365981786,0.0,0.0,0.0,0.0,0.0,0.0,False
2010-03-25,4.03,80.25,0.0024844733276621067,-0.0004983181864677277,0.0,0.0,0.0,0.0,0.0,0.0,False
2010-03-26,4.1,79.75,0.017220597751670397,-0.006250020345171414,0.0,0.0,0.0,0.0,0.0,0.0,False
2010-03-29,3.84,81.92,-0.06551460711062651,0.0268464196262439,0.0,0.0,0.0,0.0,0.0,0.0,False
2010-03-30,3.97,82.14,0.033293728099463626,0.002681947237214821,0.0,0.0,0.0,0.0,0.0,0.0,False
2010-03-31,4.16,83.45,0.04674897957407276,0.01582254157943197,0.0,0.0,0.0,0.0,0.0,0.0,False
2010-04-01,4.09,84.53,-0.016970104218461568,0.012858850832992097,0.0,0.0,0.0,0.0,0.0,0.0,False
2010-04-05,4.49,86.36,0.09330773169945261,0.02141810470576999,0.0,0.0,0.0,0.0,0.0,0.0,False
2010-04-06,4.15,86.54,-0.078744367511556,0.0020821291501320616,0.0,0.0,0.0,0.0,0.0,0.0,False
2010-04-07,4.08,85.64,-0.017011345826536628,-0.01045427107525665,0.0,0.0,0.0,0.0,0.0,0.0,False
2010-04-08,4.01,85.17,-0.017305747097592583,-0.0055032045684919595,0.0,0.0,0.0,0.0,0.0,0.0,False
2010-04-09,4.41,84.6,0.09508344814027692,-0.0067149925408118705,0.0,0.0,0.0,0.0,0.0,0.0,False
2010-04-12,4.04,84.07,-0.087629997485696,-0.006284481464972735,0.0,0.0,0.0,0.0,0.0,0.0,False
2010-04-13,4.38,83.8,0.0808040324152961,-0.0032167776591682795,0.0,0.0,0.0,0.0,0.0,0.0,False
2010-04-14,4.5,85.62,0.027028672387919395,0.021485893228763153,0.0,0.0,0.0,0.0,0.0,0.0,False
2010-04-15,4.07,85.25,-0.10043439732177051,-0.0043307845531739275,0.0,0.0,0.0,0.0,0.0,0.0,False
2010-04-16,4.04,82.97,-0.007398307481444988,-0.027109019487432384,0.0,0.0,0.0,0.0,0.0,0.0,False
2010-04-19,4.24,81.52,0.04831857727080768,-0.017630707761724373,0.0,0.0,0.0,0.0,0.0,0.0,False
2010-04-20,4.19,82.98,-0.011862535309819844,0.017751225990252806,0.0,0.0,0.0,0.0,0.0,0.0,False
2010-04-21,4.27,82.78,0.018913093306486495,-0.002413128584136004,0.0,0.0,0.0,0.0,0.0,0.0,False
2010-04-22,4.43,82.89,0.036785756816511306,0.0013279412828488546,0.0,0.0,0.0,0.0,0.0,0.0,False
2010-04-23,4.26,84.34,-0.039130423775765255,0.017341820714978695,0.0,0.0,0.0,0.0,0.0,0.0,False
2010-04-26,4.23,84.2,-0.007067167223092419,-0.0016613270701322236,0.0,0.0,0.0,0.0,0.0,0.0,False
2010-04-27,4.22,82.43,-0.0023668650102661726,-0.021245472923145492,0.0,0.0,0.0,0.0,0.0,0.0,False
2010-04-28,4.27,83.22,0.01177869919261254,0.009538255229658787,0.0,0.0,0.0,0.0,0.0,0.0,False
2010-04-29,4.11,85.17,-0.03819079873238973,0.023161555598194994,0.0,0.0,0.0,0.0,0.0,0.0,False
2010-04-30,4.05,86.07,-0.014706147389695445,0.010511659508392945,0.0,0.0,0.0,0.0,0.0,0.0,False
2010-05-03,4.23,86.19,0.04348511193973881,0.0013932429979250927,0.0,0.0,0.0,0.0,0.0,0.0,False
2010-05-04,3.96,82.73,-0.06595796779179741,-0.04097186845721623,0.0,0.0,0.0,0.0,0.0,0.0,False
2010-05-05,4.28,80.0,0.07770898432731621,-0.03355565852821041,0.0,0.0,0.0,0.0,0.0,0.0,False
2010-05-06,3.97,77.18,-0.07518691489460627,-0.035886278564408514,0.0,0.0,0.0,0.0,0.0,0.0,False
2010-05-07,4.22,75.1,0.0610690333488213,-0.027319797339383278,0.0,0.0,0.0,0.0,0.0,0.0,False
2010-05-10,4.17,76.89,-0.011919092237210327,0.023555270273999618,0.0,0.0,0.0,0.0,0.0,0.0,False
2010-05-11,4.23,76.37,0.0142859572474765,-0.006785880143795886,0.0,0.0,0.0,0.0,0.0,0.0,False
2010-05-12,4.18,75.65,-0.011890746521521667,-0.009472508665927748,0.0,0.0,0.0,0.0,0.0,0.0,False
2010-05-13,4.44,74.38,0.060343129907468596,-0.016930351737441285,0.0,0.0,0.0,0.0,0.0,0.0,False
2010-05-14,4.41,71.61,-0.006779686985378897,-0.037952359478075515,0.0,0.0,0.0,0.0,0.0,0.0,False
2010-05-17,4.4,70.08,-0.002270148534539107,-0.021597282390712458,0.0,0.0,0.0,0.0,0.0,0.0,False
2010-05-18,4.56,69.38,0.03571808260207909,-0.01003880508653232,0.0,0.0,0.0,0.0,0.0,0.0,False
2010-05-19,4.25,69.91,-0.07040364058996929,0.007610058982289836,0.0,0.0,0.0,0.0,0.0,0.0,False
2010-05-20,4.26,68.28,0.0023501773449536856,-0.02359180259765381,0.0,0.0,0.0,0.0,0.0,0.0,False
2010-05-21,4.11,68.03,-0.03584613177313578,-0.003668113569270659,0.0,0.0,0.0,0.0,0.0,0.0,False
2010-05-24,4.02,68.23,-0.02214112587721373,0.0029355664703629714,0.0,0.0,0.0,0.0,0.0,0.0,False
2010-05-25,4.19,64.78,0.041418831303116965,-0.05188743708414911,0.0,0.0,0.0,0.0,0.0,0.0,False
2010-05-26,4.25,71.52,0.01421824900227886,0.09898021712207594,0.0,0.0,0.0,0.0,0.0,0.0,False
2010-05-27,4.42,74.56,0.03922071315328135,0.04162703951207636,0.0,0.0,0.0,0.0,0.0,0.0,False
2010-05-28,4.46,74.0,0.009009069942365944,-0.007539077173165154,0.0,0.0,0.0,0.0,0.0,0.0,False
2010-06-01,4.37,72.7,-0.020385756924473863,-0.017723708664696858,0.0,0.0,0.0,0.0,0.0,0.0,False
2010-06-02,4.63,72.88,0.05779385899064393,0.0024728684122292677,0.0,0.0,0.0,0.0,0.0,0.0,False
2010-06-03,4.84,74.62,0.0443578526303976,0.023594314841309583,0.0,0.0,0.0,0.0,0.0,0.0,False
2010-06-04,4.86,71.43,0.0041237171838621745,-0.04369061862613055,0.0,0.0,0.0,0.0,0.0,0.0,False
2010-06-07,4.97,71.55,0.022381402196134825,0.001678556835578604,0.0,0.0,0.0,0.0,0.0,0.0,False
2010-06-08,4.87,71.88,-0.020325903014038804,0.004601555912898014,0.0,0.0,0.0,0.0,0.0,0.0,False
2010-06-09,4.74,74.38,-0.02705680138751343,0.03418902658156586,0.0,0.0,0.0,0.0,0.0,0.0,False
2010-06-10,4.65,75.48,-0.01916991610772012,0.014680632003425842,0.0,0.0,0.0,0.0,0.0,0.0,False
2010-06-11,4.83,73.89,0.03797924806521635,-0.021290219699793944,0.0,0.0,0.0,0.0,0.0,0.0,False
2010-06-14,5.17,74.99,0.06802622085585641,0.01477727051274158,0.0,0.0,0.0,0.0,0.0,0.0,False
2010-06-15,5.19,76.84,0.0038610086574595304,0.024370566587058384,0.0,0.0,0.0,0.0,0.0,0.0,False
2010-06-16,5.13,77.67,-0.011628037995119023,0.010743744531199972,0.0,0.0,0.0,0.0,0.0,0.0,False
2010-06-17,5.3,76.82,0.032601161375397814,-0.011004059513797237,0.0,0.0,0.0,0.0,0.0,0.0,False
2010-06-18,5.05,77.18,-0.04831857727080768,0.004675333191713982,0.0,0.0,0.0,0.0,0.0,0.0,False
2010-06-21,4.87,77.84,-0.036294306192769854,0.008515081768276644,0.0,0.0,0.0,0.0,0.0,0.0,False
2010-06-22,4.79,77.15,-0.01656352567167474,-0.008903859068579045,0.0,0.0,0.0,0.0,0.0,0.0,False
2010-06-23,4.9,75.9,0.02270479369375722,-0.016334894407585843,0.0,0.0,0.0,0.0,0.0,0.0,False
2010-06-24,4.88,75.96,-0.004089985251525263,0.0007902015425003128,0.0,0.0,0.0,0.0,0.0,0.0,False
2010-06-25,5.01,78.45,0.026290695231717676,0.03225459323495716,0.0,0.0,0.0,0.0,0.0,0.0,False
2010-06-28,4.85,78.26,-0.03245721014738168,-0.002424862396775751,0.0,0.0,0.0,0.0,0.0,0.0,False
2010-06-29,4.67,75.93,-0.03781963326858584,-0.03022475355712384,0.0,0.0,0.0,0.0,0.0,0.0,False
2010-06-30,4.62,75.59,-0.010764366587158403,-0.004487863921056601,0.0,0.0,0.0,0.0,0.0,0.0,False
2010-07-01,4.54,72.95,-0.017467693040390975,-0.03554972433529091,0.0,0.0,0.0,0.0,0.0,0.0,False
2010-07-02,4.69,72.06,0.032505570404931516,-0.012275169648847672,0.0,0.0,0.0,0.0,0.0,0.0,False
2010-07-06,5.04,71.96,0.07197349962508914,-0.0013886962376146172,0.0,0.0,0.0,0.0,0.0,0.0,False
2010-07-07,4.76,74.05,-0.057158413839948574,0.02863013163147521,0.0,0.0,0.0,0.0,0.0,0.0,False
2010-07-08,4.61,75.46,-0.03201981123477138,0.018862173822356887,0.0,0.0,0.0,0.0,0.0,0.0,False
2010-07-09,4.84,76.08,0.0486868637199831,0.008182703700970073,0.0,0.0,0.0,0.0,0.0,0.0,False
2010-07-12,4.39,74.93,-0.09758549364146041,-0.0152310738609156,0.0,0.0,0.0,0.0,0.0,0.0,False
2010-07-13,4.43,77.16,0.009070356969964388,0.029326843661309,0.0,0.0,0.0,0.0,0.0,0.0,False
2010-07-14,4.39,77.02,-0.009070356969964388,-0.001816059650765034,0.0,0.0,0.0,0.0,0.0,0.0,False
2010-07-15,4.89,76.67,0.10786307639970061,-0.004554630815960081,0.0,0.0,0.0,0.0,0.0,0.0,False
2010-07-16,4.58,75.96,-0.06549330536068698,-0.009303611626718222,0.0,0.0,0.0,0.0,0.0,0.0,False
2010-07-19,4.56,76.53,-0.004376374599798893,0.007475934877745338,0.0,0.0,0.0,0.0,0.0,0.0,False
2010-07-20,4.59,77.32,0.0065574005461590534,0.010269833518299798,0.0,0.0,0.0,0.0,0.0,0.0,False
2010-07-21,4.5,76.27,-0.019802627296179542,-0.013672978163982386,0.0,0.0,0.0,0.0,0.0,0.0,False
2010-07-22,4.67,79.01,0.037081674904531736,0.03529475055849485,0.0,0.0,0.0,0.0,0.0,0.0,False
2010-07-23,4.69,78.68,0.004273510777382139,-0.004185433213783618,0.0,0.0,0.0,0.0,0.0,0.0,False
2010-07-26,4.65,78.93,-0.008565362858923065,0.0031723901994524795,0.0,0.0,0.0,0.0,0.0,0.0,False
2010-07-27,4.65,77.46,0.0,-0.01879970963370514,0.0,0.0,0.0,0.0,0.0,0.0,False
2010-07-28,4.77,77.06,0.02547908530098475,-0.005177334888594842,0.0,0.0,0.0,0.0,0.0,0.0,False
2010-07-29,5.01,78.3,0.04908961019652369,0.015963263798746574,0.0,0.0,0.0,0.0,0.0,0.0,False
2010-07-30,5.26,78.85,0.048695111652845124,0.006999710412289417,0.0,0.0,0.0,0.0,0.0,0.0,False
2010-08-02,5.15,81.25,-0.02113431207397376,0.02998350780079928,0.0,0.0,0.0,0.0,0.0,0.0,False
2010-08-03,4.64,82.52,-0.10428234843748085,0.015509866993204113,0.0,0.0,0.0,0.0,0.0,0.0,False
2010-08-04,5.15,82.49,0.10428234843748085,-0.0003636143304106554,0.0,0.0,0.0,0.0,0.0,0.0,False
2010-08-05,4.8,82.0,-0.07038079676179954,-0.005957826608386618,0.0,0.0,0.0,0.0,0.0,0.0,False
2010-08-06,4.47,80.67,-0.07122750928836785,-0.016352488315370728,0.0,0.0,0.0,0.0,0.0,0.0,False
2010-08-09,4.6,81.46,0.028667894869571775,0.009745343271383433,0.0,0.0,0.0,0.0,0.0,0.0,False
2010-08-10,4.3,80.24,-0.06744128079553247,-0.015089958566585793,0.0,0.0,0.0,0.0,0.0,0.0,False
2010-08-11,4.33,78.09,0.006952519314881833,-0.027160135979096722,0.0,0.0,0.0,0.0,0.0,0.0,False
2010-08-12,4.57,75.68,0.05394566289171476,-0.03134808293096025,0.0,0.0,0.0,0.0,0.0,0.0,False
2010-08-13,4.59,75.39,0.004366819166340408,-0.003839284520013031,0.0,0.0,0.0,0.0,0.0,0.0,False
2010-08-16,4.23,75.17,-0.08167803101426707,-0.0029224250342325675,0.0,0.0,0.0,0.0,0.0,0.0,False
2010-08-17,4.28,75.76,0.011751016535518799,0.00781823368844492,0.0,0.0,0.0,0.0,0.0,0.0,False
2010-08-18,4.35,75.39,0.01622283550688719,-0.0048958086542123525,0.0,0.0,0.0,0.0,0.0,0.0,False
2010-08-19,4.17,74.45,-0.04225980928988249,-0.012546881093592255,0.0,0.0,0.0,0.0,0.0,0.0,False
2010-08-20,4.61,73.45,0.1003118211978471,-0.013522856510131298,0.0,0.0,0.0,0.0,0.0,0.0,False
2010-08-23,4.28,72.71,-0.0742748474148518,-0.010125975957921085,0.0,0.0,0.0,0.0,0.0,0.0,False
2010-08-24,4.25,71.24,-0.007034026657380066,-0.020424468240504368,0.0,0.0,0.0,0.0,0.0,0.0,False
2010-08-25,3.87,72.07,-0.093664475894635,0.011583410514888648,0.0,0.0,0.0,0.0,0.0,0.0,False
2010-08-26,4.09,73.36,0.055290463013019986,0.017740959011859125,0.0,0.0,0.0,0.0,0.0,0.0,False
2010-08-27,4.0,75.17,-0.022250608934819782,0.024373387241168665,0.0,0.0,0.0,0.0,0.0,0.0,False
2010-08-30,3.81,74.69,-0.04866517198128095,-0.0064060008204025465,0.0,0.0,0.0,0.0,0.0,0.0,False
2010-08-31,4.49,71.93,0.16422351261555335,-0.0376527904897106,0.0,0.0,0.0,0.0,0.0,0.0,False
2010-09-01,4.58,73.97,0.019846296371930583,0.027966181720511685,0.0,0.0,0.0,0.0,0.0,0.0,False
2010-09-02,4.03,74.99,-0.1279326221675019,0.013695165713521362,0.0,0.0,0.0,0.0,0.0,0.0,False
2010-09-03,4.17,74.52,0.034149659852118486,-0.006287225579909794,0.0,0.0,0.0,0.0,0.0,0.0,False
2010-09-07,4.57,73.98,0.09159716909540316,-0.007272759329080003,0.0,0.0,0.0,0.0,0.0,0.0,False
2010-09-08,3.81,74.65,-0.18188401576750368,0.009015737580891248,0.0,0.0,0.0,0.0,0.0,0.0,False
2010-09-09,4.03,74.25,0.05613718681998203,-0.005372746302390041,0.0,0.0,0.0,0.0,0.0,0.0,False
2010-09-10,4.13,76.4,0.024511031014349705,0.028544918489665783,0.0,0.0,0.0,0.0,0.0,0.0,False
2010-09-13,3.94,77.17,-0.047096683663098826,0.010028084297037054,0.0,0.0,0.0,0.0,0.0,0.0,False
2010-09-14,3.98,76.78,0.010101095986503772,-0.005066590896860568,0.0,0.0,0.0,0.0,0.0,0.0,False
2010-09-15,4.0,75.92,0.00501254182354427,-0.011264035270978745,0.0,0.0,0.0,0.0,0.0,0.0,False
2010-09-16,4.61,74.58,0.14193349588866666,-0.017807779550997438,0.0,0.0,0.0,0.0,0.0,0.0,False
2010-09-17,4.02,73.63,-0.1369459543776277,-0.012819823370049832,0.0,0.0,0.0,0.0,0.0,0.0,False
2010-09-20,4.42,74.81,0.09485779345867718,0.015899014503688136,0.0,0.0,0.0,0.0,0.0,0.0,False
2010-09-21,4.07,72.96,-0.08249669663510306,-0.025040220118237144,0.0,0.0,0.0,0.0,0.0,0.0,False
2010-09-22,4.1,72.98,0.00734397425575839,0.00027408524222582997,0.0,0.0,0.0,0.0,0.0,0.0,False
2010-09-23,4.16,73.4,0.014528100562909874,0.005738504612168072,0.0,0.0,0.0,0.0,0.0,0.0,False
2010-09-24,4.44,74.63,0.06513930217096164,0.01661863552282572,0.0,0.0,0.0,0.0,0.0,0.0,False
2010-09-27,3.8,76.51,-0.15565330971179359,0.024878880100464684,0.0,0.0,0.0,0.0,0.0,0.0,False
2010-09-28,4.17,76.15,0.09291496907837016,-0.004716371902589778,0.0,0.0,0.0,0.0,0.0,0.0,False
2010-09-29,3.81,77.85,-0.09028684667210052,0.022078818938836342,0.0,0.0,0.0,0.0,0.0,0.0,False
2010-09-30,4.12,79.95,0.07822397422282545,0.026617540999955835,0.0,0.0,0.0,0.0,0.0,0.0,False
2010-10-01,4.26,81.57,0.03341599691984398,0.020060108032526003,0.0,0.0,0.0,0.0,0.0,0.0,False
2010-10-04,4.05,81.43,-0.050552279162831226,-0.0017177918334487785,0.0,0.0,0.0,0.0,0.0,0.0,False
2010-10-05,4.07,82.83,0.004926118336055829,0.017046559131132177,0.0,0.0,0.0,0.0,0.0,0.0,False
2010-10-06,4.19,83.21,0.02905773447954285,0.004577218302165953,0.0,0.0,0.0,0.0,0.0,0.0,False
2010-10-07,3.62,81.34,-0.14622670809636684,-0.02272963243325954,0.0,0.0,0.0,0.0,0.0,0.0,False
2010-10-08,4.05,82.66,0.11224285528076816,0.016097908604507438,0.0,0.0,0.0,0.0,0.0,0.0,False
2010-10-11,4.29,82.18,0.05756985182147778,-0.005823845628322388,0.0,0.0,0.0,0.0,0.0,0.0,False
2010-10-12,4.26,81.67,-0.007017572658646554,-0.00622522608507925,0.0,0.0,0.0,0.0,0.0,0.0,False
2010-10-13,4.32,83.03,0.013986241974739855,0.01651525090375472,0.0,0.0,0.0,0.0,0.0,0.0,False
2010-10-14,3.58,82.71,-0.18789260184340995,-0.0038614745701242015,0.0,0.0,0.0,0.0,0.0,0.0,False
2010-10-15,3.47,81.23,-0.031208206453841036,-0.018055876640952206,0.0,0.0,0.0,0.0,0.0,0.0,False
2010-10-18,4.17,83.06,0.1837614418519422,0.022278601139744225,0.0,0.0,0.0,0.0,0.0,0.0,False
2010-10-19,4.13,79.57,-0.009638628837768781,-0.042926100813163615,0.0,0.0,0.0,0.0,0.0,0.0,False
2010-10-20,4.14,81.93,0.0024183808642814775,0.029228086764280015,0.0,0.0,0.0,0.0,0.0,0.0,False
2010-10-21,3.75,80.03,-0.09893994785490334,-0.023463659774768608,0.0,0.0,0.0,0.0,0.0,0.0,False
2010-10-22,3.33,81.15,-0.11878353598996694,0.013897729581645812,0.0,0.0,0.0,0.0,0.0,0.0,False
2010-10-25,3.32,82.0,-0.0030075210639555205,0.01041995330365264,0.0,0.0,0.0,0.0,0.0,0.0,False
2010-10-26,3.28,82.6,-0.012121360532344694,0.007290433262679308,0.0,0.0,0.0,0.0,0.0,0.0,False
2010-10-27,4.03,81.9,0.2059229535625393,-0.0085106896679088,0.0,0.0,0.0,0.0,0.0,0.0,False
2010-10-28,4.16,82.2,0.03174869831458027,0.003656311203110718,0.0,0.0,0.0,0.0,0.0,0.0,False
2010-10-29,4.04,81.45,-0.02927038230011325,-0.009165967014080678,0.0,0.0,0.0,0.0,0.0,0.0,False
2010-11-01,3.42,82.94,-0.1666041408985448,0.01812811977018125,0.0,0.0,0.0,0.0,0.0,0.0,False
2010-11-02,3.2,83.91,-0.066489741268833,0.011627341063743302,0.0,0.0,0.0,0.0,0.0,0.0,False
2010-11-03,4.11,84.45,0.2502722187024624,0.006414847371830845,0.0,0.0,0.0,0.0,0.0,0.0,False
2010-11-04,4.09,86.49,-0.004878058453432921,0.023869157064611457,0.0,0.0,0.0,0.0,0.0,0.0,False
2010-11-05,4.15,86.85,0.01456336418789661,0.004153692368693562,0.0,0.0,0.0,0.0,0.0,0.0,False
2010-11-08,4.09,87.07,-0.01456336418789661,0.002529900153409592,0.0,0.0,0.0,0.0,0.0,0.0,False
2010-11-09,4.37,87.04,0.06621803905278845,-0.00034460973289096586,0.0,0.0,0.0,0.0,0.0,0.0,False
2010-11-10,4.22,87.77,-0.034927881059578336,0.00835197349639305,0.0,0.0,0.0,0.0,0.0,0.0,False
2010-11-11,4.11,87.77,-0.02641209953977719,0.0,0.0,0.0,0.0,0.0,0.0,0.0,False
2010-11-12,3.98,84.89,-0.03214120921179697,-0.03336345585414957,0.0,0.0,0.0,0.0,0.0,0.0,False
2010-11-15,4.039,84.88,0.014715317284929474,-0.00011780644414915997,0.0,0.0,0.0,0.0,0.0,0.0,False
2010-11-16,3.818,82.33,-0.05627041127771992,-0.030502932995392307,0.0,0.0,0.0,0.0,0.0,0.0,False
2010-11-17,3.77,80.43,-0.012651723843636553,-0.023348320394357636,0.0,0.0,0.0,0.0,0.0,0.0,False
2010-11-18,4.183,81.88,0.10395369100014196,0.017867519877110993,0.0,0.0,0.0,0.0,0.0,0.0,False
2010-11-19,4.324,81.65,0.033152207316900606,-0.002812941376614475,0.0,0.0,0.0,0.0,0.0,0.0,False
2010-11-22,4.02,81.24,-0.07289899714603232,-0.005034082704289844,0.0,0.0,0.0,0.0,0.0,0.0,False
2010-11-23,4.415,80.79,0.09372593142499386,-0.0055545412205670885,0.0,0.0,0.0,0.0,0.0,0.0,False
2010-11-24,4.394,83.21,-0.004767860093504828,0.029514337420721404,0.0,0.0,0.0,0.0,0.0,0.0,False
2010-11-26,4.374,83.87,-0.004562051707842629,0.007900448083981715,0.0,0.0,0.0,0.0,0.0,0.0,False
2010-11-29,4.234,85.73,-0.03253074954190249,0.021934841694344342,0.0,0.0,0.0,0.0,0.0,0.0,False
2010-11-30,4.199,84.12,-0.008300771010617325,-0.018958471856165282,0.0,0.0,0.0,0.0,0.0,0.0,False
2010-12-01,4.279,86.75,0.018872935732623608,0.030786067992469413,0.0,0.0,0.0,0.0,0.0,0.0,False
2010-12-02,4.343,87.98,0.014846016118005068,0.014079097093604886,0.0,0.0,0.0,0.0,0.0,0.0,False
2010-12-03,4.23,89.18,-0.026363360494498167,0.013547283278756872,0.0,0.0,0.0,0.0,0.0,0.0,False
2010-12-06,4.488,89.33,0.05920517516220869,0.0016805785144171637,0.0,0.0,0.0,0.0,0.0,0.0,False
2010-12-07,4.343,88.69,-0.03284181466771052,-0.0071902343253862355,0.0,0.0,0.0,0.0,0.0,0.0,False
2010-12-08,4.521,88.3,0.04016785475978324,-0.0044070357784464775,0.0,0.0,0.0,0.0,0.0,0.0,False
2010-12-09,4.44,88.35,-0.018078831868334477,0.0005660911557905379,0.0,0.0,0.0,0.0,0.0,0.0,False
2010-12-10,4.409,87.81,-0.007006470068332993,-0.006130809393800618,0.0,0.0,0.0,0.0,0.0,0.0,False
2010-12-13,4.42,88.62,0.0024917897138061473,0.00918217639943908,0.0,0.0,0.0,0.0,0.0,0.0,False
2010-12-14,4.255,88.33,-0.03804493406426923,-0.0032777650143032133,0.0,0.0,0.0,0.0,0.0,0.0,False
2010-12-15,4.222,88.66,-0.007785812599208519,0.0037290285598672313,0.0,0.0,0.0,0.0,0.0,0.0,False
2010-12-16,4.19,87.71,-0.00760821549208246,-0.010772911353617687,0.0,0.0,0.0,0.0,0.0,0.0,False
2010-12-17,4.066,88.02,-0.030041018727891666,0.0035281434196550165,0.0,0.0,0.0,0.0,0.0,0.0,False
2010-12-20,4.249,88.68,0.04402394592651948,0.007470323365165399,0.0,0.0,0.0,0.0,0.0,0.0,False
2010-12-21,4.096,89.3,-0.036672773395467706,0.006967103134343233,0.0,0.0,0.0,0.0,0.0,0.0,False
2010-12-22,4.01,89.83,-0.021219646418728866,0.005917507358661922,0.0,0.0,0.0,0.0,0.0,0.0,False
2010-12-23,4.152,90.84,0.03479890454510981,0.011180721996241871,0.0,0.0,0.0,0.0,0.0,0.0,False
2010-12-27,4.05,90.99,-0.024873264745139734,0.0016498931312423082,0.0,0.0,0.0,0.0,0.0,0.0,False
2010-12-28,4.1,91.48,0.012270092591814219,0.0053707587859808115,0.0,0.0,0.0,0.0,0.0,0.0,False
2010-12-29,4.287,91.13,0.04460021390557789,-0.0038333106465451294,0.0,0.0,0.0,0.0,0.0,0.0,False
2010-12-30,4.22,89.85,-0.015752059567919474,-0.014145445278467506,0.0,0.0,0.0,0.0,0.0,0.0,False
2010-12-31,4.405,91.38,0.04290513134022245,0.01688502290555771,0.0,0.0,0.0,0.0,0.0,0.0,False
2011-01-03,4.54,91.59,0.030186752665113614,0.0022954592797708173,0.0,0.0,0.0,0.0,0.0,0.0,False
2011-01-04,4.632,89.39,0.02006172821743757,-0.024313276315135468,0.0,0.0,0.0,0.0,0.0,0.0,False
2011-01-05,4.473,90.3,-0.0349294158199831,0.010128641323178478,0.0,0.0,0.0,0.0,0.0,0.0,False
2011-01-06,4.41,88.37,-0.014184634991956324,-0.021604914893026184,0.0,0.0,0.0,0.0,0.0,0.0,False
2011-01-07,4.422,88.07,0.002717392976499866,-0.003400592712544892,0.0,0.0,0.0,0.0,0.0,0.0,False
2011-01-10,4.419,89.24,-0.0006786562866516466,0.013197416746963064,0.0,0.0,0.0,0.0,0.0,0.0,False
2011-01-11,4.42,91.11,0.00022626994100383158,0.020738198161435406,0.0,0.0,0.0,0.0,0.0,0.0,False
2011-01-12,4.55,91.85,0.028987536873252395,0.008089243935367918,0.0,0.0,0.0,0.0,0.0,0.0,False
2011-01-13,4.48,91.39,-0.015504186535965303,-0.0050207483770243755,0.0,0.0,0.0,0.0,0.0,0.0,False
2011-01-14,4.525,91.53,0.009994530724995787,0.0015307241125777082,0.0,0.0,0.0,0.0,0.0,0.0,False
2011-01-18,4.446,91.38,-0.017612761609884897,-0.0016401512615624725,0.0,0.0,0.0,0.0,0.0,0.0,False
2011-01-19,4.576,90.85,0.028820438535491988,-0.005816841292945796,0.0,0.0,0.0,0.0,0.0,0.0,False
2011-01-20,4.695,88.56,0.025672858582729496,-0.02552950644179841,0.0,0.0,0.0,0.0,0.0,0.0,False
2011-01-21,4.72,88.22,0.005310686937237685,-0.0038465937235878656,0.0,0.0,0.0,0.0,0.0,0.0,False
2011-01-24,4.595,86.74,-0.026840043789813528,-0.01691855626957306,0.0,0.0,0.0,0.0,0.0,0.0,False
2011-01-25,4.49,85.08,-0.023116054053487378,-0.019323148075184093,0.0,0.0,0.0,0.0,0.0,0.0,False
2011-01-26,4.4,86.15,-0.020248160829947404,0.012497972641901889,0.0,0.0,0.0,0.0,0.0,0.0,False
2011-01-27,4.336,84.45,-0.014652276786870422,-0.01993031972012904,0.0,0.0,0.0,0.0,0.0,0.0,False
2011-01-28,4.323,88.15,-0.0030026584518503263,0.04288026559007019,0.0,0.0,0.0,0.0,0.0,0.0,False
2011-01-31,4.431,90.99,0.024675686531857588,0.0317097015247203,0.0,0.0,0.0,0.0,0.0,0.0,False
2011-02-01,4.366,89.54,-0.014778034089600434,-0.016064157555780056,0.0,0.0,0.0,0.0,0.0,0.0,False
2011-02-02,4.55,89.78,0.04127997483510715,0.002676780540966206,0.0,0.0,0.0,0.0,0.0,0.0,False
2011-02-03,4.337,89.42,-0.0479443681096301,-0.004017862547951445,0.0,0.0,0.0,0.0,0.0,0.0,False
2011-02-04,4.31,87.87,-0.006244960737572747,-0.017485921298082907,0.0,0.0,0.0,0.0,0.0,0.0,False
2011-02-07,4.104,86.3,-0.04897579624718773,-0.01802885141836974,0.0,0.0,0.0,0.0,0.0,0.0,False
2011-02-08,4.24,85.85,0.032601161375397814,-0.0052280107458972935,0.0,0.0,0.0,0.0,0.0,0.0,False
2011-02-09,4.149,85.59,-0.021695927893135458,-0.00303313344996603,0.0,0.0,0.0,0.0,0.0,0.0,False
2011-02-10,3.986,85.44,-0.040079119560127774,-0.0017540786816336862,0.0,0.0,0.0,0.0,0.0,0.0,False
2011-02-11,3.91,84.39,-0.01925084779332864,-0.012365464042009222,0.0,0.0,0.0,0.0,0.0,0.0,False
2011-02-14,3.925,83.66,0.0038289772370971864,-0.008687945155823051,0.0,0.0,0.0,0.0,0.0,0.0,False
2011-02-15,4.03,83.13,0.026400024724219984,-0.00635531847105586,0.0,0.0,0.0,0.0,0.0,0.0,False
2011-02-16,4.088,83.8,0.014289476942811685,0.008027359945040224,0.0,0.0,0.0,0.0,0.0,0.0,False
2011-02-17,3.868,85.05,-0.05531827531035538,0.014806311353833479,0.0,0.0,0.0,0.0,0.0,0.0,False
2011-02-18,3.876,85.03,0.0020661164374717877,-0.00023518344416917358,0.0,0.0,0.0,0.0,0.0,0.0,False
2011-02-22,3.89,92.65,0.0036054636018352237,0.08582481733366798,0.0,0.0,0.0,0.0,0.0,0.0,False
2011-02-23,3.9,96.04,0.002567395505245651,0.0359358186216836,0.0,0.0,0.0,0.0,0.0,0.0,False
2011-02-24,3.94,95.83,0.010204170174241911,-0.002188982997381572,0.0,0.0,0.0,0.0,0.0,0.0,False
2011-02-25,4.073,96.52,0.03319910535643311,0.007174452401160103,0.0,0.0,0.0,0.0,0.0,0.0,False
2011-02-28,4.11,97.1,0.009043199841867633,0.005991134540447973,0.0,0.0,0.0,0.0,0.0,0.0,False
2011-03-01,3.873,99.63,-0.05939362797552805,0.02572194875948597,0.0,0.0,0.0,0.0,0.0,0.0,False
2011-03-02,3.894,102.27,0.005407506417392849,0.026153050761156038,0.0,0.0,0.0,0.0,0.0,0.0,False
2011-03-03,3.75,101.92,-0.03768106696768858,-0.0034281829940683295,0.0,0.0,0.0,0.0,0.0,0.0,False
2011-03-04,3.957,104.34,0.05373032242096776,0.023466605770393834,0.0,0.0,0.0,0.0,0.0,0.0,False
2011-03-07,4.042,105.37,0.021253456578141927,0.00982316801718941,0.0,0.0,0.0,0.0,0.0,0.0,False
2011-03-08,4.062,105.06,0.004935844176763737,-0.002946350085620608,0.0,0.0,0.0,0.0,0.0,0.0,False
2011-03-09,3.93,104.39,-0.03303603727702309,-0.006397730105608623,0.0,0.0,0.0,0.0,0.0,0.0,False
2011-03-10,4.03,102.73,0.025126950077421828,-0.01602969819203448,0.0,0.0,0.0,0.0,0.0,0.0,False
2011-03-11,3.889,101.14,-0.0356143207849815,-0.01559849157633586,0.0,0.0,0.0,0.0,0.0,0.0,False
2011-03-14,3.9,101.2,0.0028244979619904687,0.0005930612015285774,0.0,0.0,0.0,0.0,0.0,0.0,False
2011-03-15,4.08,97.23,0.04512043528046972,-0.04001945103179949,0.0,0.0,0.0,0.0,0.0,0.0,False
2011-03-16,3.86,97.99,-0.05542980493933092,0.007786126826161421,0.0,0.0,0.0,0.0,0.0,0.0,False
2011-03-17,4.299,101.47,0.10771525403740512,0.03489775564326436,0.0,0.0,0.0,0.0,0.0,0.0,False
2011-03-18,4.246,101.06,-0.012405074233080127,-0.004048788427229333,0.0,0.0,0.0,0.0,0.0,0.0,False
2011-03-21,4.313,102.36,0.015656354384641524,0.012781611427826078,0.0,0.0,0.0,0.0,0.0,0.0,False
2011-03-22,4.396,104.53,0.019061318875668976,0.0209781002530276,0.0,0.0,0.0,0.0,0.0,0.0,False
2011-03-23,4.543,105.21,0.03289255023589144,0.006484241275580338,0.0,0.0,0.0,0.0,0.0,0.0,False
2011-03-24,4.244,105.04,-0.06808136602552972,-0.0016171228256558479,0.0,0.0,0.0,0.0,0.0,0.0,False
2011-03-25,4.636,104.89,0.08834570472576875,-0.0014290480210279455,0.0,0.0,0.0,0.0,0.0,0.0,False
2011-03-28,4.448,103.54,-0.04139736852922393,-0.012954170499757112,0.0,0.0,0.0,0.0,0.0,0.0,False
2011-03-29,4.335,104.34,-0.025732946715776306,0.007696786120491517,0.0,0.0,0.0,0.0,0.0,0.0,False
2011-03-30,4.355,103.8,0.0046030000719610165,-0.005188826862458917,0.0,0.0,0.0,0.0,0.0,0.0,False
2011-03-31,4.458,106.19,0.023375624659210947,0.02276397168396649,0.0,0.0,0.0,0.0,0.0,0.0,False
2011-04-01,4.554,107.55,0.021305732677870726,0.012725913297984448,0.0,0.0,0.0,0.0,0.0,0.0,False
2011-04-04,4.486,108.14,-0.015044531543531248,0.005470828240119907,0.0,0.0,0.0,0.0,0.0,0.0,False
2011-04-05,4.384,107.82,-0.022999886452302,-0.0029635139303358926,0.0,0.0,0.0,0.0,0.0,0.0,False
2011-04-06,4.22,108.38,-0.03812642159779411,0.005180400114444872,0.0,0.0,0.0,0.0,0.0,0.0,False
2011-04-07,4.057,109.82,-0.0393913438236102,0.01319909171275846,0.0,0.0,0.0,0.0,0.0,0.0,False
2011-04-08,4.243,112.27,0.04482678199587764,0.02206402261996221,0.0,0.0,0.0,0.0,0.0,0.0,False
2011-04-11,4.309,109.5,0.015435292413513046,-0.02498213521413284,0.0,0.0,0.0,0.0,0.0,0.0,False
2011-04-12,4.253,105.75,-0.013081242362204426,-0.03484673133016791,0.0,0.0,0.0,0.0,0.0,0.0,False
2011-04-13,4.206,106.6,-0.011112538990988297,0.008005693805356096,0.0,0.0,0.0,0.0,0.0,0.0,False
2011-04-14,4.212,107.73,0.0014255169912207322,0.010544585174357302,0.0,0.0,0.0,0.0,0.0,0.0,False
2011-04-15,4.264,109.17,0.012270092591814441,0.013278203386077436,0.0,0.0,0.0,0.0,0.0,0.0,False
2011-04-18,4.309,106.7,0.01049817177015755,-0.02288514198447089,0.0,0.0,0.0,0.0,0.0,0.0,False
2011-04-19,4.426,107.18,0.026790382995157014,0.00448850575899673,0.0,0.0,0.0,0.0,0.0,0.0,False
2011-04-20,4.31,110.84,-0.02655833751320169,0.03357805592807317,0.0,0.0,0.0,0.0,0.0,0.0,False
2011-04-21,4.535,111.72,0.05088717945144361,0.00790802108219868,0.0,0.0,0.0,0.0,0.0,0.0,False
2011-04-25,4.389,111.68,-0.03272367286100297,-0.0003581020629139786,0.0,0.0,0.0,0.0,0.0,0.0,False
2011-04-26,4.444,111.72,0.012453461071286531,0.0003581020629139786,0.0,0.0,0.0,0.0,0.0,0.0,False
2011-04-27,4.408,112.31,-0.008133799926770102,0.005267163897968885,0.0,0.0,0.0,0.0,0.0,0.0,False
2011-04-28,4.689,112.38,0.061798268256835875,0.0006230807091069934,0.0,0.0,0.0,0.0,0.0,0.0,False
2011-04-29,4.698,113.39,0.0019175461292719742,0.00894721829969658,0.0,0.0,0.0,0.0,0.0,0.0,False
2011-05-02,4.693,113.03,-0.0010648494244407392,-0.0031799337811087014,0.0,0.0,0.0,0.0,0.0,0.0,False
2011-05-03,4.783,110.6,0.01899592788587956,-0.021733181114405475,0.0,0.0,0.0,0.0,0.0,0.0,False
2011-05-04,4.59,108.79,-0.0411879406257063,-0.016500670655243077,0.0,0.0,0.0,0.0,0.0,0.0,False
2011-05-05,4.376,99.89,-0.04774495895277364,-0.08534983788893324,0.0,0.0,0.0,0.0,0.0,0.0,False
2011-05-06,4.297,96.87,-0.01821796032682199,-0.030699707105764418,0.0,0.0,0.0,0.0,0.0,0.0,False
2011-05-09,4.216,100.32,-0.01903029355379693,0.034995203446317014,0.0,0.0,0.0,0.0,0.0,0.0,False
2011-05-10,4.303,103.39,0.02042564261740143,0.03014316871399103,0.0,0.0,0.0,0.0,0.0,0.0,False
2011-05-11,4.241,97.88,-0.014513363364009102,-0.05476600702413048,0.0,0.0,0.0,0.0,0.0,0.0,False
2011-05-12,4.3,98.53,0.01381593220706323,0.006618831759912069,0.0,0.0,0.0,0.0,0.0,0.0,False
2011-05-13,4.379,99.21,0.018205365119744465,0.006877745327427576,0.0,0.0,0.0,0.0,0.0,0.0,False
2011-05-16,4.318,96.91,-0.014028055726645672,-0.02345610291535216,0.0,0.0,0.0,0.0,0.0,0.0,False
2011-05-17,4.246,96.4,-0.01681496881155109,-0.005276511129959083,0.0,0.0,0.0,0.0,0.0,0.0,False
2011-05-18,4.15,99.52,-0.022869029038457445,0.03185242737436944,0.0,0.0,0.0,0.0,0.0,0.0,False
2011-05-19,4.1,97.99,-0.012121360532344916,-0.015493196343141946,0.0,0.0,0.0,0.0,0.0,0.0,False
2011-05-20,4.29,99.15,0.04529975922966356,0.011768422318078287,0.0,0.0,0.0,0.0,0.0,0.0,False
2011-05-23,4.346,97.06,0.012969148894312221,-0.021304510988735537,0.0,0.0,0.0,0.0,0.0,0.0,False
2011-05-24,4.437,99.13,0.02072259056253456,0.02110277606773625,0.0,0.0,0.0,0.0,0.0,0.0,False
2011-05-25,4.379,100.78,-0.01315808457751122,0.016507803207646,0.0,0.0,0.0,0.0,0.0,0.0,False
2011-05-26,4.405,100.18,0.0059198715688817405,-0.005971355322981431,0.0,0.0,0.0,0.0,0.0,0.0,False
2011-05-27,4.36,100.58,-0.010268202027199802,0.003984862814347956,0.0,0.0,0.0,0.0,0.0,0.0,False
2011-05-31,4.71,102.7,0.07721585066738323,0.020858686190694087,0.0,0.0,0.0,0.0,0.0,0.0,False
2011-06-01,4.62,100.3,-0.019293202934678844,-0.02364642196662281,0.0,0.0,0.0,0.0,0.0,0.0,False
2011-06-02,4.794,100.41,0.036970430918545016,0.0010961089234546861,0.0,0.0,0.0,0.0,0.0,0.0,False
2011-06-03,4.774,100.28,-0.004180608095554206,-0.0012955306012516488,0.0,0.0,0.0,0.0,0.0,0.0,False
2011-06-06,4.83,99.07,0.01166193974784302,-0.01213960230515454,0.0,0.0,0.0,0.0,0.0,0.0,False
2011-06-07,4.831,99.18,0.00020701790778843154,0.0011097100760490974,0.0,0.0,0.0,0.0,0.0,0.0,False
2011-06-08,4.893,100.77,0.012752126734716596,0.015904311231323298,0.0,0.0,0.0,0.0,0.0,0.0,False
2011-06-09,4.92,101.95,0.0055029181972303665,0.01164180472815346,0.0,0.0,0.0,0.0,0.0,0.0,False
2011-06-10,4.812,99.3,-0.022195732391784295,-0.026336925969337344,0.0,0.0,0.0,0.0,0.0,0.0,False
2011-06-13,4.678,97.2,-0.02824212995044517,-0.02137485958473384,0.0,0.0,0.0,0.0,0.0,0.0,False
2011-06-14,4.59,99.37,-0.018990644089533548,0.02207954577687854,0.0,0.0,0.0,0.0,0.0,0.0,False
2011-06-15,4.67,94.83,0.017279047608352194,-0.04676444234763544,0.0,0.0,0.0,0.0,0.0,0.0,False
2011-06-16,4.412,94.95,-0.056830970289549976,0.001264622362659118,0.0,0.0,0.0,0.0,0.0,0.0,False
2011-06-17,4.325,93.02,-0.01991596100741333,-0.020535913462344624,0.0,0.0,0.0,0.0,0.0,0.0,False
2011-06-20,4.421,93.23,0.021953774460263586,0.0022550345126512994,0.0,0.0,0.0,0.0,0.0,0.0,False
2011-06-21,4.388,93.7,-0.0074923724311224404,0.005028630935774103,0.0,0.0,0.0,0.0,0.0,0.0,False
2011-06-22,4.35,94.96,-0.008697697312391117,0.013357561057036449,0.0,0.0,0.0,0.0,0.0,0.0,False
2011-06-23,4.193,90.7,-0.03675937691196718,-0.045898393180321406,0.0,0.0,0.0,0.0,0.0,0.0,False
2011-06-24,4.229,90.89,0.008549090301726014,0.0020926270095875665,0.0,0.0,0.0,0.0,0.0,0.0,False
2011-06-27,4.256,90.65,0.006364193548991759,-0.0026440469298183444,0.0,0.0,0.0,0.0,0.0,0.0,False
2011-06-28,4.34,92.9,0.01954459607297032,0.024517708618932765,0.0,0.0,0.0,0.0,0.0,0.0,False
2011-06-29,4.493,94.85,0.0346462819757094,0.020773050561230022,0.0,0.0,0.0,0.0,0.0,0.0,False
2011-06-30,4.393,95.3,-0.02250826509438042,0.004733114279133588,0.0,0.0,0.0,0.0,0.0,0.0,False
2011-07-01,4.372,94.81,-0.004791794679350314,-0.005154921730288642,0.0,0.0,0.0,0.0,0.0,0.0,False
2011-07-05,4.409,96.92,0.008427336061508361,0.02201100701845693,0.0,0.0,0.0,0.0,0.0,0.0,False
2011-07-06,4.26,96.67,-0.03437874609452152,-0.0025827794718109587,0.0,0.0,0.0,0.0,0.0,0.0,False
2011-07-07,4.168,98.7,-0.021832855830213216,0.020781829962921883,0.0,0.0,0.0,0.0,0.0,0.0,False
2011-07-08,4.385,96.2,0.05075332137308042,-0.025655588767775406,0.0,0.0,0.0,0.0,0.0,0.0,False
2011-07-11,4.302,95.16,-0.01910959497860798,-0.010869672236903938,0.0,0.0,0.0,0.0,0.0,0.0,False
2011-07-12,4.333,97.41,0.007180111912234111,0.02336918934810761,0.0,0.0,0.0,0.0,0.0,0.0,False
2011-07-13,4.403,98.04,0.01602598401584432,0.006446683877047832,0.0,0.0,0.0,0.0,0.0,0.0,False
2011-07-14,4.501,95.75,0.022013467537179032,-0.023634930599156334,0.0,0.0,0.0,0.0,0.0,0.0,False
2011-07-15,4.52,97.24,0.004212399533344069,0.015441521387166368,0.0,0.0,0.0,0.0,0.0,0.0,False
2011-07-18,4.6,95.94,0.017544309650909362,-0.013459153374004273,0.0,0.0,0.0,0.0,0.0,0.0,False
2011-07-19,4.63,97.49,0.0065005646030935615,0.01602681256726246,0.0,0.0,0.0,0.0,0.0,0.0,False
2011-07-20,4.585,98.11,-0.009766762389714634,0.006339489534119558,0.0,0.0,0.0,0.0,0.0,0.0,False
2011-07-21,4.58,98.96,-0.0010911075823345495,0.00862642990893292,0.0,0.0,0.0,0.0,0.0,0.0,False
2011-07-22,4.46,99.53,-0.026550232094120885,0.005743378173739266,0.0,0.0,0.0,0.0,0.0,0.0,False
2011-07-25,4.368,98.97,-0.020843527589368582,-0.005642332349371948,0.0,0.0,0.0,0.0,0.0,0.0,False
2011-07-26,4.37,99.61,0.00045777066489471885,0.006445787248473778,0.0,0.0,0.0,0.0,0.0,0.0,False
2011-07-27,4.333,97.4,-0.008502866349726412,-0.022436350508584724,0.0,0.0,0.0,0.0,0.0,0.0,False
2011-07-28,4.369,97.48,0.00827400721152638,0.0008210181085166468,0.0,0.0,0.0,0.0,0.0,0.0,False
2011-07-29,4.26,95.68,-0.025264989688019712,-0.018637938554683764,0.0,0.0,0.0,0.0,0.0,0.0,False
2011-08-01,4.29,94.98,0.007017572658646554,-0.007342947081346196,0.0,0.0,0.0,0.0,0.0,0.0,False
2011-08-02,4.271,93.78,-0.004438741080596165,-0.012714729459535334,0.0,0.0,0.0,0.0,0.0,0.0,False
2011-08-03,4.09,91.87,-0.04330302180461909,-0.0205770793780653,0.0,0.0,0.0,0.0,0.0,0.0,False
2011-08-04,4.2,86.75,0.026539555234612378,-0.05734411545640672,0.0,0.0,0.0,0.0,0.0,0.0,False
2011-08-05,4.113,86.89,-0.020931836041035545,0.0016125320241462404,0.0,0.0,0.0,0.0,0.0,0.0,False
2011-08-08,4.34,81.27,0.053721658864026356,-0.06686600608600113,0.0,0.0,0.0,0.0,0.0,0.0,False
2011-08-09,4.015,79.32,-0.07783700071358868,-0.024286641113518748,0.0,0.0,0.0,0.0,0.0,0.0,False
2011-08-10,4.024,83.05,0.002239085398713314,0.0459525324077088,0.0,0.0,0.0,0.0,0.0,0.0,False
2011-08-11,4.06,85.48,0.008906540816203012,0.028839594391643075,0.0,0.0,0.0,0.0,0.0,0.0,False
2011-08-12,4.17,85.19,0.026733062197068946,-0.00339837439619739,0.0,0.0,0.0,0.0,0.0,0.0,False
2011-08-15,4.184,87.88,0.003351690951911568,0.03108819146166031,0.0,0.0,0.0,0.0,0.0,0.0,False
2011-08-16,3.932,86.65,-0.062119524477701527,-0.01409523135479418,0.0,0.0,0.0,0.0,0.0,0.0,False
2011-08-17,3.943,87.58,0.0027936526105698523,0.010675645211636997,0.0,0.0,0.0,0.0,0.0,0.0,False
2011-08-18,3.98,82.38,0.009339964400856271,-0.06120997236531789,0.0,0.0,0.0,0.0,0.0,0.0,False
2011-08-19,4.075,82.33,0.023588927396479775,-0.0006071276975996298,0.0,0.0,0.0,0.0,0.0,0.0,False
2011-08-22,3.991,84.42,-0.02082892062622932,0.02506877904401783,0.0,0.0,0.0,0.0,0.0,0.0,False
2011-08-23,4.276,85.35,0.06897616709620191,0.010956108886096771,0.0,0.0,0.0,0.0,0.0,0.0,False
2011-08-24,4.203,84.99,-0.017219437139818883,-0.004226846729914691,0.0,0.0,0.0,0.0,0.0,0.0,False
2011-08-25,4.025,85.15,-0.04327364515245291,0.0018808045981622001,0.0,0.0,0.0,0.0,0.0,0.0,False
2011-08-26,4.047,85.37,0.005450955023201587,0.002580343913518135,0.0,0.0,0.0,0.0,0.0,0.0,False
2011-08-29,3.83,87.27,-0.05511106270117372,0.022012010153004802,0.0,0.0,0.0,0.0,0.0,0.0,False
2011-08-30,4.355,88.9,0.1284598071119114,0.01850538134463875,0.0,0.0,0.0,0.0,0.0,0.0,False
2011-08-31,4.173,88.81,-0.04268940869505067,-0.0010128862494456214,0.0,0.0,0.0,0.0,0.0,0.0,False
2011-09-01,4.05,88.93,-0.029918320490967654,0.0013502871411352757,0.0,0.0,0.0,0.0,0.0,0.0,False
2011-09-02,4.12,86.45,0.017136282242987244,-0.028283331282248803,0.0,0.0,0.0,0.0,0.0,0.0,False
2011-09-06,3.938,85.99,-0.04518018314450134,-0.005335201706494708,0.0,0.0,0.0,0.0,0.0,0.0,False
2011-09-07,4.045,89.34,0.02680857029352124,0.038218305501168004,0.0,0.0,0.0,0.0,0.0,0.0,False
2011-09-08,3.99,89.05,-0.013690319608682833,-0.003251306188301939,0.0,0.0,0.0,0.0,0.0,0.0,False
2011-09-09,3.998,87.24,0.0020030051764361456,-0.02053506840224273,0.0,0.0,0.0,0.0,0.0,0.0,False
2011-09-12,3.966,88.19,-0.008036205980604061,0.010830636566661056,0.0,0.0,0.0,0.0,0.0,0.0,False
2011-09-13,4.374,90.21,0.09791989215697172,0.022646707768458008,0.0,0.0,0.0,0.0,0.0,0.0,False
2011-09-14,4.039,88.91,-0.07968078567330017,-0.014515663535499712,0.0,0.0,0.0,0.0,0.0,0.0,False
2011-09-15,4.04,89.4,0.0002475553917828943,0.005496060046421114,0.0,0.0,0.0,0.0,0.0,0.0,False
2011-09-16,3.84,87.96,-0.05077232537342313,-0.016238516492908417,0.0,0.0,0.0,0.0,0.0,0.0,False
2011-09-19,3.932,85.7,0.02367583568528464,-0.026029340082826202,0.0,0.0,0.0,0.0,0.0,0.0,False
2011-09-20,3.885,86.92,-0.012025218465309573,0.014135329784495276,0.0,0.0,0.0,0.0,0.0,0.0,False
2011-09-21,4.099,85.77,0.05362005770259004,-0.013318860385899356,0.0,0.0,0.0,0.0,0.0,0.0,False
2011-09-22,4.045,80.29,-0.013261491011745674,-0.06602421480573728,0.0,0.0,0.0,0.0,0.0,0.0,False
2011-09-23,3.74,79.58,-0.07839593908401432,-0.008882275197810152,0.0,0.0,0.0,0.0,0.0,0.0,False
2011-09-26,3.782,79.97,0.011167358809825112,0.0048887593450155364,0.0,0.0,0.0,0.0,0.0,0.0,False
2011-09-27,3.92,84.18,0.03583868356610531,0.05130579899862653,0.0,0.0,0.0,0.0,0.0,0.0,False
2011-09-28,4.185,80.94,0.06541505013906757,-0.03924922389470531,0.0,0.0,0.0,0.0,0.0,0.0,False
2011-09-29,4.181,81.87,-0.0009562515670107352,0.011424483940637664,0.0,0.0,0.0,0.0,0.0,0.0,False
2011-09-30,3.962,78.93,-0.05380150409806861,-0.03657123966804576,0.0,0.0,0.0,0.0,0.0,0.0,False
2011-10-03,4.089,77.34,0.03155149310614602,-0.020350097541160572,0.0,0.0,0.0,0.0,0.0,0.0,False
2011-10-04,3.944,75.4,-0.0361050046421163,-0.02540401116524027,0.0,0.0,0.0,0.0,0.0,0.0,False
2011-10-05,3.63,79.41,-0.0829627884636297,0.051817029893209465,0.0,0.0,0.0,0.0,0.0,0.0,False
2011-10-06,3.916,82.32,0.07583807639150453,0.035989786618674025,0.0,0.0,0.0,0.0,0.0,0.0,False
2011-10-07,3.82,82.7,-0.02482030204978014,0.004605510503851384,0.0,0.0,0.0,0.0,0.0,0.0,False
2011-10-10,3.836,85.14,0.004179734402708135,0.02907735837036096,0.0,0.0,0.0,0.0,0.0,0.0,False
2011-10-11,3.616,85.54,-0.05906171449126174,0.00468714239875645,0.0,0.0,0.0,0.0,0.0,0.0,False
2011-10-12,3.489,85.3,-0.035753280325293124,-0.002809648301129286,0.0,0.0,0.0,0.0,0.0,0.0,False
2011-10-13,3.42,83.96,-0.01997461113012311,-0.01583395954520128,0.0,0.0,0.0,0.0,0.0,0.0,False
2011-10-14,4.1,86.8,0.18134642263574818,0.033266126713872524,0.0,0.0,0.0,0.0,0.0,0.0,False
2011-10-17,3.72,86.38,-0.09726330542520678,-0.0048504541337495155,0.0,0.0,0.0,0.0,0.0,0.0,False
2011-10-18,3.788,88.34,0.018114507038776484,0.022436838635825573,0.0,0.0,0.0,0.0,0.0,0.0,False
2011-10-19,3.59,86.11,-0.05368597282364429,-0.025567457460306642,0.0,0.0,0.0,0.0,0.0,0.0,False
2011-10-20,3.978,86.07,0.10262697793159314,-0.0004646300466912834,0.0,0.0,0.0,0.0,0.0,0.0,False
2011-10-21,3.54,87.19,-0.11665245328609752,0.012928726778341115,0.0,0.0,0.0,0.0,0.0,0.0,False
2011-10-24,3.935,91.12,0.10578415472368352,0.0440876736992033,0.0,0.0,0.0,0.0,0.0,0.0,False
2011-10-25,3.658,92.98,-0.07299433190069271,0.020207097123511986,0.0,0.0,0.0,0.0,0.0,0.0,False
2011-10-26,3.65,90.2,-0.002189382374273796,-0.030354989193861037,0.0,0.0,0.0,0.0,0.0,0.0,False
2011-10-27,3.896,93.96,0.0652232181858885,0.040839732722133704,0.0,0.0,0.0,0.0,0.0,0.0,False
2011-10-28,4.02,93.32,0.03133151685064095,-0.006834712637482809,0.0,0.0,0.0,0.0,0.0,0.0,False
2011-10-31,4.056,93.19,0.008915363657952424,-0.0013940273556647398,0.0,0.0,0.0,0.0,0.0,0.0,False
2011-11-01,3.781,92.19,-0.07020874138008604,-0.010788754987061111,0.0,0.0,0.0,0.0,0.0,0.0,False
2011-11-02,3.749,92.51,-0.008499387155020965,0.0034650819727239934,0.0,0.0,0.0,0.0,0.0,0.0,False
2011-11-03,3.39,94.07,-0.10065921636141595,0.016722439200632877,0.0,0.0,0.0,0.0,0.0,0.0,False
2011-11-04,3.783,94.26,0.10968742425853306,0.002017735511724794,0.0,0.0,0.0,0.0,0.0,0.0,False
2011-11-07,3.803,95.52,0.005272883295230457,0.01327872814870723,0.0,0.0,0.0,0.0,0.0,0.0,False
2011-11-08,3.843,96.8,0.010463082636584353,0.013311344638239575,0.0,0.0,0.0,0.0,0.0,0.0,False
2011-11-09,3.767,95.74,-0.019974382872802954,-0.011010810318168751,0.0,0.0,0.0,0.0,0.0,0.0,False
2011-11-10,3.736,97.78,-0.008263408343307743,0.021083873186136692,0.0,0.0,0.0,0.0,0.0,0.0,False
2011-11-11,3.696,98.99,-0.010764366587158403,0.012298777781216685,0.0,0.0,0.0,0.0,0.0,0.0,False
2011-11-14,3.604,98.14,-0.025206814033346348,-0.008623804269959123,0.0,0.0,0.0,0.0,0.0,0.0,False
2011-11-15,3.542,99.37,-0.01735280038544973,0.012455226581514545,0.0,0.0,0.0,0.0,0.0,0.0,False
2011-11-16,3.483,102.59,-0.01679754797677746,0.03189020485634941,0.0,0.0,0.0,0.0,0.0,0.0,False
2011-11-17,3.562,98.82,0.022428193483605696,-0.037440448682017013,0.0,0.0,0.0,0.0,0.0,0.0,False
2011-11-18,3.01,97.67,-0.1683821061066857,-0.01170556395821798,0.0,0.0,0.0,0.0,0.0,0.0,False
2011-11-21,3.558,96.73,0.167258510482859,-0.00967085726493,0.0,0.0,0.0,0.0,0.0,0.0,False
2011-11-22,3.578,97.76,0.005605395842884109,0.010591903228829302,0.0,0.0,0.0,0.0,0.0,0.0,False
2011-11-23,3.46,96.16,-0.03353539601689448,-0.016502024636388057,0.0,0.0,0.0,0.0,0.0,0.0,False
2011-11-25,3.665,96.91,0.05755974626898186,0.007769241959561413,0.0,0.0,0.0,0.0,0.0,0.0,False
2011-11-28,3.364,98.21,-0.08569759322791315,0.013325330423223924,0.0,0.0,0.0,0.0,0.0,0.0,False
2011-11-29,3.633,99.79,0.07692801112836323,0.01595993472653845,0.0,0.0,0.0,0.0,0.0,0.0,False
2011-11-30,3.55,100.36,-0.023111149751740445,0.005695743602000647,0.0,0.0,0.0,0.0,0.0,0.0,False
2011-12-01,3.71,100.2,0.04408427313201946,-0.0015955328474577257,0.0,0.0,0.0,0.0,0.0,0.0,False
2011-12-02,3.621,100.97,-0.024281645835839694,0.007655254365465325,0.0,0.0,0.0,0.0,0.0,0.0,False
2011-12-05,3.49,100.94,-0.03684849456916828,-0.00029716210411301347,0.0,0.0,0.0,0.0,0.0,0.0,False
2011-12-06,3.577,101.25,0.024622724062544732,0.003066425074532475,0.0,0.0,0.0,0.0,0.0,0.0,False
2011-12-07,3.47,100.45,-0.03036986631811267,-0.007932614725705278,0.0,0.0,0.0,0.0,0.0,0.0,False
2011-12-08,3.486,98.35,0.004600353139061264,-0.02112754642587511,0.0,0.0,0.0,0.0,0.0,0.0,False
2011-12-09,3.367,99.4,-0.03473280691889169,0.010619568827459958,0.0,0.0,0.0,0.0,0.0,0.0,False
2011-12-12,3.294,97.77,-0.021919508423488887,-0.016534332144948927,0.0,0.0,0.0,0.0,0.0,0.0,False
2011-12-13,3.279,100.24,-0.0045641338929374164,0.02494952907023329,0.0,0.0,0.0,0.0,0.0,0.0,False
2011-12-14,3.279,94.92,0.0,-0.0545328790202495,0.0,0.0,0.0,0.0,0.0,0.0,False
2011-12-15,3.127,93.84,-0.04746441938680701,-0.011443227222343033,0.0,0.0,0.0,0.0,0.0,0.0,False
2011-12-16,3.204,93.55,0.024325950730408552,-0.0030951516251214173,0.0,0.0,0.0,0.0,0.0,0.0,False
2011-12-19,3.177,93.86,-0.008462673918733676,0.0033082576461724855,0.0,0.0,0.0,0.0,0.0,0.0,False
2011-12-20,3.128,97.16,-0.015543532604314292,0.03455479376770043,0.0,0.0,0.0,0.0,0.0,0.0,False
2011-12-21,3.302,98.54,0.05413452281487152,0.014103452981845344,0.0,0.0,0.0,0.0,0.0,0.0,False
2011-12-22,3.08,99.42,-0.06959874851245318,0.008890743550709068,0.0,0.0,0.0,0.0,0.0,0.0,False
2011-12-23,2.97,99.72,-0.0363676441708749,0.0030129579888313884,0.0,0.0,0.0,0.0,0.0,0.0,False
2011-12-27,3.18,101.29,0.06831924397747735,0.01562143104334801,0.0,0.0,0.0,0.0,0.0,0.0,False
2011-12-28,3.121,99.44,-0.018727733503443256,-0.01843324249624967,0.0,0.0,0.0,0.0,0.0,0.0,False
2011-12-29,3.12,99.68,-0.0003204614672511763,0.0024106078366870065,0.0,0.0,0.0,0.0,0.0,0.0,False
2011-12-30,3.131,98.83,0.0035194405228773373,-0.008563852651050752,0.0,0.0,0.0,0.0,0.0,0.0,False
2012-01-03,2.993,102.96,-0.045076213473706606,0.04093936089977923,0.0,0.0,0.0,0.0,0.0,0.0,False
2012-01-04,3.238,103.22,0.07867962638488146,0.002522069432710161,0.0,0.0,0.0,0.0,0.0,0.0,False
2012-01-05,3.017,101.81,-0.07069289507851928,-0.013754301601476726,0.0,0.0,0.0,0.0,0.0,0.0,False
2012-01-06,3.098,101.56,0.02649378181775286,-0.0024585742826275236,0.0,0.0,0.0,0.0,0.0,0.0,False
2012-01-09,3.011,101.31,-0.028484492495080005,-0.0024646337708915667,0.0,0.0,0.0,0.0,0.0,0.0,False
2012-01-10,2.941,102.24,-0.023522589927738924,0.009137867563638657,0.0,0.0,0.0,0.0,0.0,0.0,False
2012-01-11,2.774,100.89,-0.05845933767921818,-0.01329217620893619,0.0,0.0,0.0,0.0,0.0,0.0,False
2012-01-12,2.697,99.03,-0.028150277735046858,-0.01860797988707663,0.0,0.0,0.0,0.0,0.0,0.0,False
2012-01-13,2.797,98.69,0.03640737006222983,-0.0034392103492955073,0.0,0.0,0.0,0.0,0.0,0.0,False
2012-01-17,2.69,100.7,-0.03900622060607506,0.020162175540600735,0.0,0.0,0.0,0.0,0.0,0.0,False
2012-01-18,2.687,100.61,-0.0011158639803935388,-0.0008941434205578247,0.0,0.0,0.0,0.0,0.0,0.0,False
2012-01-19,2.322,100.32,-0.1459964463576544,-0.002886579419348223,0.0,0.0,0.0,0.0,0.0,0.0,False
2012-01-20,2.525,98.15,0.08381217945162334,-0.02186815616214055,0.0,0.0,0.0,0.0,0.0,0.0,False
2012-01-23,2.58,99.47,0.021548336206203,0.013359170441852086,0.0,0.0,0.0,0.0,0.0,0.0,False
2012-01-24,2.601,98.84,0.00810658753298843,-0.006353710043913274,0.0,0.0,0.0,0.0,0.0,0.0,False
2012-01-25,2.769,99.23,0.06259025772231042,0.003938006805741523,0.0,0.0,0.0,0.0,0.0,0.0,False
2012-01-26,2.605,99.76,-0.06105356898349468,0.00532691344563041,0.0,0.0,0.0,0.0,0.0,0.0,False
2012-01-27,2.59,99.47,-0.005774799493883931,-0.0029112102074586588,0.0,0.0,0.0,0.0,0.0,0.0,False
2012-01-30,2.713,98.75,0.04639715796534838,-0.007264687383091051,0.0,0.0,0.0,0.0,0.0,0.0,False
2012-01-31,2.738,98.46,0.009172693189462344,-0.002941029451176469,0.0,0.0,0.0,0.0,0.0,0.0,False
2012-02-01,2.714,97.63,-0.008804165453579649,-0.008465551092474932,0.0,0.0,0.0,0.0,0.0,0.0,False
2012-02-02,2.3,96.36,-0.16551443847757352,-0.01309364549090919,0.0,0.0,0.0,0.0,0.0,0.0,False
2012-02-03,2.677,97.8,0.15178764160311153,0.014833399294101213,0.0,0.0,0.0,0.0,0.0,0.0,False
2012-02-06,2.738,96.89,0.022530962328041637,-0.009348262643858796,0.0,0.0,0.0,0.0,0.0,0.0,False
2012-02-07,2.832,98.55,0.03375544896521632,0.016987719201815743,0.0,0.0,0.0,0.0,0.0,0.0,False
2012-02-08,2.448,98.8,-0.14571181118139376,0.0025335711550935613,0.0,0.0,0.0,0.0,0.0,0.0,False
2012-02-09,2.858,99.88,0.15485071485759616,0.010871860657750254,0.0,0.0,0.0,0.0,0.0,0.0,False
2012-02-10,2.51,98.68,-0.12983932636398332,-0.012087173750416902,0.0,0.0,0.0,0.0,0.0,0.0,False
2012-02-13,2.431,100.39,-0.03198005780970614,0.017180309042279518,0.0,0.0,0.0,0.0,0.0,0.0,False
2012-02-14,2.901,100.82,0.17675280980528063,0.004274147951049301,0.0,0.0,0.0,0.0,0.0,0.0,False
2012-02-15,2.738,101.82,-0.05782777827300989,0.009869799819705705,0.0,0.0,0.0,0.0,0.0,0.0,False
2012-02-16,2.567,102.33,-0.06448982497725364,0.0049963366244734075,0.0,0.0,0.0,0.0,0.0,0.0,False
2012-02-17,2.926,103.27,0.1308984007089291,0.009144032584648798,0.0,0.0,0.0,0.0,0.0,0.0,False
2012-02-21,2.63,105.88,-0.10665245640825938,0.024959459675588214,0.0,0.0,0.0,0.0,0.0,0.0,False
2012-02-22,2.643,105.99,0.0049307894324789325,0.0010383726802629667,0.0,0.0,0.0,0.0,0.0,0.0,False
2012-02-23,2.621,107.44,-0.008358711280882836,0.013587802175818453,0.0,0.0,0.0,0.0,0.0,0.0,False
2012-02-24,2.6,109.39,-0.008044479313832897,0.017986925916717134,0.0,0.0,0.0,0.0,0.0,0.0,False
2012-02-27,2.446,108.49,-0.06105740776245561,-0.008261475297340226,0.0,0.0,0.0,0.0,0.0,0.0,False
2012-02-28,2.519,106.59,0.029407960105492403,-0.01766830413331366,0.0,0.0,0.0,0.0,0.0,0.0,False
2012-02-29,2.616,107.08,0.037784436224479134,0.0045865199511068155,0.0,0.0,0.0,0.0,0.0,0.0,False
2012-03-01,2.744,108.76,0.04777027626868657,0.01556740111211763,0.0,0.0,0.0,0.0,0.0,0.0,False
2012-03-02,2.692,106.68,-0.01913229808115746,-0.019309920450456097,0.0,0.0,0.0,0.0,0.0,0.0,False
2012-03-05,2.355,106.7,-0.13374368431410033,0.00018745899389394083,0.0,0.0,0.0,0.0,0.0,0.0,False
2012-03-06,2.554,104.71,0.08112003014196645,-0.018826534008336893,0.0,0.0,0.0,0.0,0.0,0.0,False
2012-03-07,2.302,106.16,-0.10388244731065654,0.013752765724581728,0.0,0.0,0.0,0.0,0.0,0.0,False
2012-03-08,2.24,106.65,-0.027302444432742434,0.004605054893406901,0.0,0.0,0.0,0.0,0.0,0.0,False
2012-03-09,2.324,107.4,0.03681397312271617,0.007007737157405103,0.0,0.0,0.0,0.0,0.0,0.0,False
2012-03-12,2.473,106.34,0.06214214954961439,-0.00991867399857238,0.0,0.0,0.0,0.0,0.0,0.0,False
2012-03-13,2.408,106.7,-0.026635461092704538,0.0033796502315155408,0.0,0.0,0.0,0.0,0.0,0.0,False
2012-03-14,2.416,105.49,0.0033167526259939573,-0.011404996613990193,0.0,0.0,0.0,0.0,0.0,0.0,False
2012-03-15,2.279,105.19,-0.058376529809021305,-0.002847922942534886,0.0,0.0,0.0,0.0,0.0,0.0,False
2012-03-16,2.01,107.03,-0.12560202819256294,0.017340930245101305,0.0,0.0,0.0,0.0,0.0,0.0,False
2012-03-19,2.14,108.09,0.06267110696277589,0.009855044431827942,0.0,0.0,0.0,0.0,0.0,0.0,False
2012-03-20,2.638,105.68,0.20921522526136271,-0.022548553214042144,0.0,0.0,0.0,0.0,0.0,0.0,False
2012-03-21,2.656,106.87,0.006800177319064571,0.011197482322735652,0.0,0.0,0.0,0.0,0.0,0.0,False
2012-03-22,2.372,104.98,-0.11308775047870845,-0.017843286712651896,0.0,0.0,0.0,0.0,0.0,0.0,False
2012-03-23,2.373,106.43,0.00042149631814758504,0.013717636228800067,0.0,0.0,0.0,0.0,0.0,0.0,False
2012-03-26,2.437,107.07,0.02661279718944254,0.005995334117224971,0.0,0.0,0.0,0.0,0.0,0.0,False
2012-03-27,2.414,107.32,-0.009482651967729239,0.0023321993872444935,0.0,0.0,0.0,0.0,0.0,0.0,False
2012-03-28,2.05,105.4,-0.1634453295250231,-0.018052389450160966,0.0,0.0,0.0,0.0,0.0,0.0,False
2012-03-29,2.39,102.79,0.15345357279310257,-0.025074564082431472,0.0,0.0,0.0,0.0,0.0,0.0,False
2012-03-30,2.389,103.03,-0.00041849759974688094,0.0023321359321464286,0.0,0.0,0.0,0.0,0.0,0.0,False
2012-04-02,2.432,105.25,0.017839095760248114,0.021318264605514337,0.0,0.0,0.0,0.0,0.0,0.0,False
2012-04-03,2.187,104.02,-0.1061832224092899,-0.011755284217564999,0.0,0.0,0.0,0.0,0.0,0.0,False
2012-04-04,2.406,101.53,0.09543487585785648,-0.02422886703179472,0.0,0.0,0.0,0.0,0.0,0.0,False
2012-04-05,2.089,103.29,-0.14128013497805847,0.017186244705410303,0.0,0.0,0.0,0.0,0.0,0.0,False
2012-04-09,2.355,102.45,0.11985524489395238,-0.008165691333632985,0.0,0.0,0.0,0.0,0.0,0.0,False
2012-04-10,2.152,101.12,-0.09014308516884306,-0.013066944286361348,0.0,0.0,0.0,0.0,0.0,0.0,False
2012-04-11,1.91,102.66,-0.11929440024099958,0.015114626733609526,0.0,0.0,0.0,0.0,0.0,0.0,False
2012-04-12,2.306,103.69,0.1884111797883289,0.009983121438029485,0.0,0.0,0.0,0.0,0.0,0.0,False
2012-04-13,1.981,102.84,-0.1519126541304534,-0.008231296172497515,0.0,0.0,0.0,0.0,0.0,0.0,False
2012-04-16,2.222,102.92,0.11480592350102437,0.0007776050158545544,0.0,0.0,0.0,0.0,0.0,0.0,False
2012-04-17,1.951,104.23,-0.13006562957646406,0.012648008337687422,0.0,0.0,0.0,0.0,0.0,0.0,False
2012-04-18,1.87,102.65,-0.04240363077447884,-0.015274852286288443,0.0,0.0,0.0,0.0,0.0,0.0,False
2012-04-19,1.85,102.38,-0.010752791776261872,-0.0026337624355052824,0.0,0.0,0.0,0.0,0.0,0.0,False
2012-04-20,2.134,103.58,0.14281251378932813,0.011652879966308483,0.0,0.0,0.0,0.0,0.0,0.0,False
2012-04-23,1.89,102.68,-0.12142132380801063,-0.008726904992806261,0.0,0.0,0.0,0.0,0.0,0.0,False
2012-04-24,2.063,103.1,0.08758440501756382,0.004082035019974839,0.0,0.0,0.0,0.0,0.0,0.0,False
2012-04-25,2.286,103.72,0.10264233128350408,0.005995569647549104,0.0,0.0,0.0,0.0,0.0,0.0,False
2012-04-26,2.036,104.56,-0.11581646668434253,0.008066108645502723,0.0,0.0,0.0,0.0,0.0,0.0,False
2012-04-27,2.186,104.86,0.07108629106607045,0.00286505782842017,0.0,0.0,0.0,0.0,0.0,0.0,False
2012-04-30,2.285,104.89,0.04429263459182131,0.00028605482912613667,0.0,0.0,0.0,0.0,0.0,0.0,False
2012-05-01,2.532,106.17,0.10264347993576162,0.012129401051969246,0.0,0.0,0.0,0.0,0.0,0.0,False
2012-05-02,2.475,105.25,-0.022769108261276094,-0.008703110462990438,0.0,0.0,0.0,0.0,0.0,0.0,False
2012-05-03,2.34,102.56,-0.05608946665104364,-0.02589047939013156,0.0,0.0,0.0,0.0,0.0,0.0,False
2012-05-04,2.371,98.49,0.01316087771365837,-0.04049297299074883,0.0,0.0,0.0,0.0,0.0,0.0,False
2012-05-07,2.538,97.86,0.06806456220892743,-0.006417134320633622,0.0,0.0,0.0,0.0,0.0,0.0,False
2012-05-08,2.537,97.13,-0.0003940886750509742,-0.007487598446737742,0.0,0.0,0.0,0.0,0.0,0.0,False
2012-05-09,2.55,96.8,0.005111078553189929,-0.0034032931317078408,0.0,0.0,0.0,0.0,0.0,0.0,False
2012-05-10,2.628,97.1,0.0301297414520294,0.0030943810147476825,0.0,0.0,0.0,0.0,0.0,0.0,False
2012-05-11,2.641,96.03,0.004934532692631,-0.011080732647397618,0.0,0.0,0.0,0.0,0.0,0.0,False
2012-05-14,2.41,94.75,-0.09153088581243152,-0.01341879868734619,0.0,0.0,0.0,0.0,0.0,0.0,False
2012-05-15,2.624,93.97,0.08507312357927899,-0.008266261567562161,0.0,0.0,0.0,0.0,0.0,0.0,False
2012-05-16,2.5,92.78,-0.048409139207687524,-0.012744483071375434,0.0,0.0,0.0,0.0,0.0,0.0,False
2012-05-17,2.594,92.53,0.036910354020097014,-0.0026981830626588987,0.0,0.0,0.0,0.0,0.0,0.0,False
2012-05-18,2.56,91.51,-0.013193827402780967,-0.011084660333652074,0.0,0.0,0.0,0.0,0.0,0.0,False
2012-05-21,2.6,92.57,0.015504186535965192,0.011516859151832648,0.0,0.0,0.0,0.0,0.0,0.0,False
2012-05-22,2.849,91.44,0.09145661048833487,-0.01228209559256399,0.0,0.0,0.0,0.0,0.0,0.0,False
2012-05-23,2.737,89.4,-0.04010562545722918,-0.0225623373070869,0.0,0.0,0.0,0.0,0.0,0.0,False
2012-05-24,2.754,90.36,0.006191970247921175,0.010681009420333787,0.0,0.0,0.0,0.0,0.0,0.0,False
2012-05-25,2.627,90.64,-0.04721188960306044,0.0030939251199484374,0.0,0.0,0.0,0.0,0.0,0.0,False
2012-05-29,2.5,90.75,-0.04955177882924766,0.0012128564252096297,0.0,0.0,0.0,0.0,0.0,0.0,False
2012-05-30,2.512,87.79,0.004788516731797143,-0.03316087420684344,0.0,0.0,0.0,0.0,0.0,0.0,False
2012-05-31,2.612,86.52,0.039036962808232434,-0.0145719978532588,0.0,0.0,0.0,0.0,0.0,0.0,False
2012-06-01,2.437,83.17,-0.06934843677111557,-0.03948889520426224,0.0,0.0,0.0,0.0,0.0,0.0,False
2012-06-04,2.467,83.95,0.012235062904150551,0.009334677642954148,0.0,0.0,0.0,0.0,0.0,0.0,False
2012-06-05,2.54,84.31,0.029161243483225574,0.004279098411034354,0.0,0.0,0.0,0.0,0.0,0.0,False
2012-06-06,2.474,85.05,-0.026327807060149033,0.00873883690728583,0.0,0.0,0.0,0.0,0.0,0.0,False
2012-06-07,2.327,84.78,-0.061256389650141574,-0.0031796529173790944,0.0,0.0,0.0,0.0,0.0,0.0,False
2012-06-08,2.22,84.08,-0.04707268843596646,-0.008290939355795501,0.0,0.0,0.0,0.0,0.0,0.0,False
2012-06-11,2.218,82.58,-0.0009013069560128706,-0.01800120611075151,0.0,0.0,0.0,0.0,0.0,0.0,False
2012-06-12,2.435,83.35,0.09334086760637783,0.009281088738858578,0.0,0.0,0.0,0.0,0.0,0.0,False
2012-06-13,2.236,82.56,-0.08525820124170036,-0.009523307463550346,0.0,0.0,0.0,0.0,0.0,0.0,False
2012-06-14,2.2,83.83,-0.016231194928582493,0.015265636916513614,0.0,0.0,0.0,0.0,0.0,0.0,False
2012-06-15,2.514,84.03,0.1334177498037853,0.0023829392903609303,0.0,0.0,0.0,0.0,0.0,0.0,False
2012-06-18,2.668,83.26,0.059454017885321786,-0.009205636173297727,0.0,0.0,0.0,0.0,0.0,0.0,False
2012-06-19,2.686,83.99,0.006723970047668448,0.008729502370706577,0.0,0.0,0.0,0.0,0.0,0.0,False
2012-06-20,2.584,81.06,-0.03871451218069033,-0.035508122937373265,0.0,0.0,0.0,0.0,0.0,0.0,False
2012-06-21,2.48,77.91,-0.0410800257434647,-0.039635306857396024,0.0,0.0,0.0,0.0,0.0,0.0,False
2012-06-22,2.695,79.33,0.0831396441840696,0.01806205297114527,0.0,0.0,0.0,0.0,0.0,0.0,False
2012-06-25,2.752,78.76,0.020929715710136687,-0.007211113542987313,0.0,0.0,0.0,0.0,0.0,0.0,False
2012-06-26,2.807,79.34,0.019788377308648242,0.007337161315259522,0.0,0.0,0.0,0.0,0.0,0.0,False
2012-06-27,2.774,80.27,-0.011825975487105511,0.011653537057301655,0.0,0.0,0.0,0.0,0.0,0.0,False
2012-06-28,2.734,77.72,-0.014524583590882045,-0.03228332763424646,0.0,0.0,0.0,0.0,0.0,0.0,False
2012-06-29,2.833,85.04,0.03557048254662187,0.09000910952445285,0.0,0.0,0.0,0.0,0.0,0.0,False
2012-07-02,2.832,83.72,-0.00035304501690625045,-0.015643836455892846,0.0,0.0,0.0,0.0,0.0,0.0,False
2012-07-03,2.955,87.74,0.042515475026588145,0.04689999816026891,0.0,0.0,0.0,0.0,0.0,0.0,False
2012-07-05,2.95,87.11,-0.0016934805063331115,-0.007206207907267448,0.0,0.0,0.0,0.0,0.0,0.0,False
2012-07-06,2.825,84.37,-0.043296805753324064,-0.03195979965326501,0.0,0.0,0.0,0.0,0.0,0.0,False
2012-07-09,3.127,85.93,0.10156571387729985,0.018321123147596374,0.0,0.0,0.0,0.0,0.0,0.0,False
2012-07-10,2.87,83.92,-0.08576204870417437,-0.023669047237090624,0.0,0.0,0.0,0.0,0.0,0.0,False
2012-07-11,2.866,85.88,-0.0013947003655496726,0.023087008922538566,0.0,0.0,0.0,0.0,0.0,0.0,False
2012-07-12,2.83,86.02,-0.012640617750833805,0.0016288543450100335,0.0,0.0,0.0,0.0,0.0,0.0,False
2012-07-13,2.894,87.15,0.022362916554145906,0.013050944610440318,0.0,0.0,0.0,0.0,0.0,0.0,False
2012-07-16,2.801,88.41,-0.032663131931320644,0.014354313451682366,0.0,0.0,0.0,0.0,0.0,0.0,False
2012-07-17,2.796,89.07,-0.0017866719064079106,0.007437492026065584,0.0,0.0,0.0,0.0,0.0,0.0,False
2012-07-18,2.84,89.88,0.015614227801550973,0.009052869873349856,0.0,0.0,0.0,0.0,0.0,0.0,False
2012-07-19,3.146,92.78,0.10232775246297132,0.03175565200646968,0.0,0.0,0.0,0.0,0.0,0.0,False
2012-07-20,3.03,91.56,-0.037569185114808334,-0.013236604239232008,0.0,0.0,0.0,0.0,0.0,0.0,False
2012-07-23,3.111,87.77,0.026381598394222383,-0.04227473848033991,0.0,0.0,0.0,0.0,0.0,0.0,False
2012-07-24,3.16,88.28,0.01562780968332067,0.005793824784509738,0.0,0.0,0.0,0.0,0.0,0.0,False
2012-07-25,3.217,88.8,0.017877220658068627,0.005873068609588472,0.0,0.0,0.0,0.0,0.0,0.0,False
2012-07-26,3.106,89.4,-0.0351135235303941,0.006734032181344496,0.0,0.0,0.0,0.0,0.0,0.0,False
2012-07-27,3.1,90.13,-0.001933613235394649,0.008132390388849942,0.0,0.0,0.0,0.0,0.0,0.0,False
2012-07-30,3.222,89.8,0.038600173263682036,-0.0036680972601645934,0.0,0.0,0.0,0.0,0.0,0.0,False
2012-07-31,3.348,88.08,0.0383608678724463,-0.019339482893729887,0.0,0.0,0.0,0.0,0.0,0.0,False
2012-08-01,3.297,88.99,-0.015350188537634812,0.010278511454346884,0.0,0.0,0.0,0.0,0.0,0.0,False
2012-08-02,3.323,87.22,0.007855025282863082,-0.020090341454150895,0.0,0.0,0.0,0.0,0.0,0.0,False
2012-08-03,2.885,91.4,-0.14134308941239437,0.046811816045484456,0.0,0.0,0.0,0.0,0.0,0.0,False
2012-08-06,2.908,92.3,0.007940659711210163,0.009798663048702139,0.0,0.0,0.0,0.0,0.0,0.0,False
2012-08-07,2.982,93.68,0.02512865667127384,0.01484057778065484,0.0,0.0,0.0,0.0,0.0,0.0,False
2012-08-08,3.425,93.39,0.13850725537164177,-0.0031004461678350026,0.0,0.0,0.0,0.0,0.0,0.0,False
2012-08-09,3.42,93.39,-0.0014609206396747343,0.0,0.0,0.0,0.0,0.0,0.0,0.0,False
2012-08-10,3.027,92.94,-0.12206852103493215,-0.004830149464794431,0.0,0.0,0.0,0.0,0.0,0.0,False
2012-08-13,2.988,92.76,-0.012967762769010793,-0.0019386112695007895,0.0,0.0,0.0,0.0,0.0,0.0,False
2012-08-14,2.871,93.4,-0.039943866131644024,0.006875832847465624,0.0,0.0,0.0,0.0,0.0,0.0,False
2012-08-15,3.272,94.35,0.13074101760157375,0.010119926579761795,0.0,0.0,0.0,0.0,0.0,0.0,False
2012-08-16,2.724,95.66,-0.18330003045323462,0.013788966437592087,0.0,0.0,0.0,0.0,0.0,0.0,False
2012-08-17,2.719,96.0,-0.001837222636932312,0.00354795321568524,0.0,0.0,0.0,0.0,0.0,0.0,False
2012-08-20,2.776,96.03,0.020746876994224284,0.0003124511820455922,0.0,0.0,0.0,0.0,0.0,0.0,False
2012-08-21,2.775,96.55,-0.0003602954461601193,0.005400366224641573,0.0,0.0,0.0,0.0,0.0,0.0,False
2012-08-22,2.8,96.89,0.008968669982760247,0.0035153055223897667,0.0,0.0,0.0,0.0,0.0,0.0,False
2012-08-23,3.021,95.87,0.07596848522337685,-0.010583207308007658,0.0,0.0,0.0,0.0,0.0,0.0,False
2012-08-24,2.702,95.78,-0.11159566286652789,-0.000939212174442261,0.0,0.0,0.0,0.0,0.0,0.0,False
2012-08-27,2.673,95.54,-0.010790802381225095,-0.0025088869526470603,0.0,0.0,0.0,0.0,0.0,0.0,False
2012-08-28,3.077,96.3,0.14075365918312277,0.007923310842263831,0.0,0.0,0.0,0.0,0.0,0.0,False
2012-08-29,2.634,95.5,-0.15545149301881545,-0.008342071317395394,0.0,0.0,0.0,0.0,0.0,0.0,False
2012-08-30,3.325,94.61,0.23296607078672815,-0.009363068770331218,0.0,0.0,0.0,0.0,0.0,0.0,False
2012-08-31,3.22,96.47,-0.03208831455150052,0.019468900466108607,0.0,0.0,0.0,0.0,0.0,0.0,False
2012-09-04,2.854,95.34,-0.12065984050167233,-0.011782629405781897,0.0,0.0,0.0,0.0,0.0,0.0,False
2012-09-05,2.795,95.37,-0.020889412447582245,0.00031461381414121803,0.0,0.0,0.0,0.0,0.0,0.0,False
2012-09-06,2.776,95.58,-0.00682106396250437,0.0021995295591912267,0.0,0.0,0.0,0.0,0.0,0.0,False
2012-09-07,3.079,96.41,0.10359382629780534,0.00864633752627686,0.0,0.0,0.0,0.0,0.0,0.0,False
2012-09-10,2.812,96.52,-0.09070889499394497,0.0011403100805420507,0.0,0.0,0.0,0.0,0.0,0.0,False
2012-09-11,3.324,97.03,0.16727290304478326,0.005269968280376958,0.0,0.0,0.0,0.0,0.0,0.0,False
2012-09-12,3.538,97.02,0.062392718744391784,-0.00010306622013800393,0.0,0.0,0.0,0.0,0.0,0.0,False
2012-09-13,3.164,98.3,-0.11172454583218583,0.013106884336050229,0.0,0.0,0.0,0.0,0.0,0.0,False
2012-09-14,3.323,98.94,0.04903093946704962,0.006489578646442062,0.0,0.0,0.0,0.0,0.0,0.0,False
2012-09-17,2.83,96.51,-0.16059127771731085,-0.024866975880518005,0.0,0.0,0.0,0.0,0.0,0.0,False
2012-09-18,2.961,95.25,0.045250337464307844,-0.013141615912234172,0.0,0.0,0.0,0.0,0.0,0.0,False
2012-09-19,2.762,91.97,-0.06957199413235382,-0.03504257709220404,0.0,0.0,0.0,0.0,0.0,0.0,False
2012-09-20,2.797,92.14,0.012592359232722394,0.0018467225931644293,0.0,0.0,0.0,0.0,0.0,0.0,False
2012-09-21,3.356,92.64,0.18220237438513687,0.005411854316914599,0.0,0.0,0.0,0.0,0.0,0.0,False
2012-09-24,3.325,91.68,-0.009280114497142167,-0.010416760858255714,0.0,0.0,0.0,0.0,0.0,0.0,False
2012-09-25,3.538,91.07,0.06209192162977595,-0.006675811386702257,0.0,0.0,0.0,0.0,0.0,0.0,False
2012-09-26,3.638,89.92,0.027872484358337113,-0.012708055434346832,0.0,0.0,0.0,0.0,0.0,0.0,False
2012-09-27,3.723,91.89,0.023095714794649336,0.021671823367412912,0.0,0.0,0.0,0.0,0.0,0.0,False
2012-09-28,3.615,92.18,-0.029437939279851832,0.003150977779569075,0.0,0.0,0.0,0.0,0.0,0.0,False
2012-10-01,3.48,92.44,-0.03805956182434511,0.0028165981138172924,0.0,0.0,0.0,0.0,0.0,0.0,False
2012-10-02,3.769,91.88,0.07977742049861547,-0.006076407585282162,0.0,0.0,0.0,0.0,0.0,0.0,False
2012-10-03,3.663,88.19,-0.028527230488321065,-0.04098979992080842,0.0,0.0,0.0,0.0,0.0,0.0,False
2012-10-04,3.406,91.69,-0.07274390155618082,0.03891974416171973,0.0,0.0,0.0,0.0,0.0,0.0,False
2012-10-05,3.26,89.87,-0.04381138686188035,-0.020049140391527054,0.0,0.0,0.0,0.0,0.0,0.0,False
2012-10-08,3.697,89.43,0.12579448457587872,-0.004907985312192054,0.0,0.0,0.0,0.0,0.0,0.0,False
2012-10-09,3.18,92.42,-0.1506404831624093,0.032887209084030644,0.0,0.0,0.0,0.0,0.0,0.0,False
2012-10-10,3.475,91.24,0.0887132822246699,-0.012850008025933057,0.0,0.0,0.0,0.0,0.0,0.0,False
2012-10-11,3.28,92.19,-0.05775105662070312,0.010358267394315668,0.0,0.0,0.0,0.0,0.0,0.0,False
2012-10-12,3.38,91.83,0.030032287098874955,-0.003912623185072128,0.0,0.0,0.0,0.0,0.0,0.0,False
2012-10-15,3.774,91.84,0.11025973745143114,0.00010889094582555714,0.0,0.0,0.0,0.0,0.0,0.0,False
2012-10-16,3.437,92.07,-0.09353644907866165,0.002501224728497675,0.0,0.0,0.0,0.0,0.0,0.0,False
2012-10-17,3.47,92.04,0.00955559609107115,-0.0003258921325892672,0.0,0.0,0.0,0.0,0.0,0.0,False
2012-10-18,3.28,92.0,-0.05631117156271559,-0.00043468811812452657,0.0,0.0,0.0,0.0,0.0,0.0,False
2012-10-19,3.617,90.0,0.09780153057390861,-0.02197890671877545,0.0,0.0,0.0,0.0,0.0,0.0,False
2012-10-22,3.452,88.3,-0.046691179748779454,-0.01906956272035032,0.0,0.0,0.0,0.0,0.0,0.0,False
2012-10-23,3.983,86.65,0.14308153097832577,-0.01886309144829923,0.0,0.0,0.0,0.0,0.0,0.0,False
2012-10-24,3.9,85.39,-0.021058751063906644,-0.014648018242100491,0.0,0.0,0.0,0.0,0.0,0.0,False
2012-10-25,3.781,85.59,-0.030988028226804687,0.0023394559740035348,0.0,0.0,0.0,0.0,0.0,0.0,False
2012-10-26,3.867,85.84,0.022490487716364083,0.0029166444289243643,0.0,0.0,0.0,0.0,0.0,0.0,False
2012-10-29,3.935,85.52,0.017431869244206588,-0.003734831605653355,0.0,0.0,0.0,0.0,0.0,0.0,False
2012-10-30,3.824,85.65,-0.028613886680211698,0.0015189580533396807,0.0,0.0,0.0,0.0,0.0,0.0,False
2012-10-31,3.692,86.23,-0.035128678548549175,0.006748920194104002,0.0,0.0,0.0,0.0,0.0,0.0,False
2012-11-01,3.825,87.05,0.035390150637893525,0.009464521249964442,0.0,0.0,0.0,0.0,0.0,0.0,False
2012-11-02,3.687,84.9,-0.036745348026491875,-0.025008572896895842,0.0,0.0,0.0,0.0,0.0,0.0,False
2012-11-05,3.659,85.64,-0.007623233214937741,0.008678370404179958,0.0,0.0,0.0,0.0,0.0,0.0,False
2012-11-06,3.748,88.62,0.024032478339106156,0.034205102049861935,0.0,0.0,0.0,0.0,0.0,0.0,False
2012-11-07,3.714,84.5,-0.00911290144566168,-0.04760603140821562,0.0,0.0,0.0,0.0,0.0,0.0,False
2012-11-08,3.719,85.07,0.001345352012418921,0.006722912624664623,0.0,0.0,0.0,0.0,0.0,0.0,False
2012-11-09,3.503,86.08,-0.059835070727583206,0.011802649425681544,0.0,0.0,0.0,0.0,0.0,0.0,False
2012-11-12,3.681,85.56,0.04956471018153419,-0.006059212199269304,0.0,0.0,0.0,0.0,0.0,0.0,False
2012-11-13,3.739,85.38,0.01563374159809272,-0.002106002884389113,0.0,0.0,0.0,0.0,0.0,0.0,False
2012-11-14,3.66,86.32,-0.021355048581701785,0.010949439620063117,0.0,0.0,0.0,0.0,0.0,0.0,False
2012-11-15,3.63,85.45,-0.008230499136515634,-0.010129911388278678,0.0,0.0,0.0,0.0,0.0,0.0,False
2012-11-16,3.904,86.62,0.07276902027408672,0.013599326224880137,0.0,0.0,0.0,0.0,0.0,0.0,False
2012-11-19,3.823,89.05,-0.02096621383657027,0.02766727394919055,0.0,0.0,0.0,0.0,0.0,0.0,False
2012-11-20,3.62,86.46,-0.054561428876596096,-0.02951613049618551,0.0,0.0,0.0,0.0,0.0,0.0,False
2012-11-21,3.996,87.08,0.09881983494862734,0.0071453571268609295,0.0,0.0,0.0,0.0,0.0,0.0,False
2012-11-23,4.043,87.01,0.011693129872326846,-0.0008041817884132385,0.0,0.0,0.0,0.0,0.0,0.0,False
2012-11-26,3.883,87.28,-0.040378939909103684,0.0030982869468818564,0.0,0.0,0.0,0.0,0.0,0.0,False
2012-11-27,3.77,86.81,-0.02953304928961087,-0.005399519121098706,0.0,0.0,0.0,0.0,0.0,0.0,False
2012-11-28,3.801,86.1,0.008189188547192527,-0.00821241097003167,0.0,0.0,0.0,0.0,0.0,0.0,False
2012-11-29,3.648,87.64,-0.04108511779502688,0.017728103293580766,0.0,0.0,0.0,0.0,0.0,0.0,False
2012-11-30,3.46,88.54,-0.05291048314245206,0.01021691257672952,0.0,0.0,0.0,0.0,0.0,0.0,False
2012-12-03,3.615,88.69,0.04382326654109514,0.0016927160843662747,0.0,0.0,0.0,0.0,0.0,0.0,False
2012-12-04,3.38,88.04,-0.06721614611580073,-0.007355886730100458,0.0,0.0,0.0,0.0,0.0,0.0,False
2012-12-05,3.705,87.36,0.09180754925312296,-0.007753744661665785,0.0,0.0,0.0,0.0,0.0,0.0,False
2012-12-06,3.48,85.47,-0.06265096496166733,-0.021872074818668708,0.0,0.0,0.0,0.0,0.0,0.0,False
2012-12-07,3.33,85.45,-0.04405998979403036,-0.00023402761632596025,0.0,0.0,0.0,0.0,0.0,0.0,False
2012-12-10,3.46,85.14,0.038296285077280334,-0.0036344491615940555,0.0,0.0,0.0,0.0,0.0,0.0,False
2012-12-11,3.39,85.36,-0.02043866767727387,0.0025806465934916645,0.0,0.0,0.0,0.0,0.0,0.0,False
2012-12-12,3.382,86.35,-0.002362670915970533,0.01153119759919008,0.0,0.0,0.0,0.0,0.0,0.0,False
2012-12-13,3.347,85.39,-0.010402828247198848,-0.011179806673172976,0.0,0.0,0.0,0.0,0.0,0.0,False
2012-12-14,3.314,86.32,-0.00990850322481851,0.010832323030363966,0.0,0.0,0.0,0.0,0.0,0.0,False
2012-12-17,3.358,86.71,0.01318963965097808,0.004507896439189807,0.0,0.0,0.0,0.0,0.0,0.0,False
2012-12-18,3.418,87.46,0.017710026038050053,0.008612328595705598,0.0,0.0,0.0,0.0,0.0,0.0,False
2012-12-19,3.32,89.09,-0.029090801765002228,0.018465548747777838,0.0,0.0,0.0,0.0,0.0,0.0,False
2012-12-20,3.55,89.76,0.06698282055892735,0.007492347041834435,0.0,0.0,0.0,0.0,0.0,0.0,False
2012-12-21,3.501,88.2,-0.013898961514795749,-0.0175324787616411,0.0,0.0,0.0,0.0,0.0,0.0,False
2012-12-24,3.3,88.29,-0.05912617350009408,0.0010198879007452533,0.0,0.0,0.0,0.0,0.0,0.0,False
2012-12-26,3.392,90.71,0.027497249457222095,0.027040753713362342,0.0,0.0,0.0,0.0,0.0,0.0,False
2012-12-27,3.31,90.91,-0.024471528540685128,0.0022024015069135316,0.0,0.0,0.0,0.0,0.0,0.0,False
2012-12-28,3.559,90.66,0.07253141713908406,-0.0027537606210632504,0.0,0.0,0.0,0.0,0.0,0.0,False
2012-12-31,3.403,91.83,-0.04482221100928685,0.01282279611272763,0.0,0.0,0.0,0.0,0.0,0.0,False
2013-01-02,3.349,93.14,-0.015995601706701112,0.014164695928799986,0.0,0.0,0.0,0.0,0.0,0.0,False
2013-01-03,3.306,92.97,-0.012922794413235072,-0.0018268770864642292,0.0,0.0,0.0,0.0,0.0,0.0,False
2013-01-04,3.303,93.12,-0.0009078529901800358,0.001612123515361219,0.0,0.0,0.0,0.0,0.0,0.0,False
2013-01-07,3.374,93.2,0.021267837715124083,0.0008587377084179337,0.0,0.0,0.0,0.0,0.0,0.0,False
2013-01-08,3.275,93.21,-0.029781115036561445,0.00010729038151957582,0.0,0.0,0.0,0.0,0.0,0.0,False
2013-01-09,3.131,93.08,-0.04496542674294668,-0.001395673638974415,0.0,0.0,0.0,0.0,0.0,0.0,False
2013-01-10,3.315,93.81,0.05710518129355724,0.007812121703768327,0.0,0.0,0.0,0.0,0.0,0.0,False
2013-01-11,3.336,93.6,0.006314860858674498,-0.0022410766543128346,0.0,0.0,0.0,0.0,0.0,0.0,False
2013-01-14,3.39,94.27,0.016057436895858812,0.00713262192451225,0.0,0.0,0.0,0.0,0.0,0.0,False
2013-01-15,3.522,93.26,0.038199088681655224,-0.010771714027884016,0.0,0.0,0.0,0.0,0.0,0.0,False
2013-01-16,3.435,94.28,-0.025012084399701484,0.01087778668775563,0.0,0.0,0.0,0.0,0.0,0.0,False
2013-01-17,3.571,95.49,0.03882874293799876,0.012752451894180616,0.0,0.0,0.0,0.0,0.0,0.0,False
2013-01-18,3.566,95.61,-0.0014011491713628033,0.0012558871352439382,0.0,0.0,0.0,0.0,0.0,0.0,False
2013-01-22,3.558,96.09,-0.002245930197305457,0.005007835191821464,0.0,0.0,0.0,0.0,0.0,0.0,False
2013-01-23,3.553,95.06,-0.0014062722047532006,-0.010776981103313155,0.0,0.0,0.0,0.0,0.0,0.0,False
2013-01-24,3.454,95.35,-0.02825933731440311,0.003046060860564914,0.0,0.0,0.0,0.0,0.0,0.0,False
2013-01-25,3.42,95.15,-0.009892428649973084,-0.0020997383042695716,0.0,0.0,0.0,0.0,0.0,0.0,False
2013-01-28,3.25,95.95,-0.0509855547328677,0.008372628711549979,0.0,0.0,0.0,0.0,0.0,0.0,False
2013-01-29,3.14,97.62,-0.03443219642148421,0.01725516800529281,0.0,0.0,0.0,0.0,0.0,0.0,False
2013-01-30,3.335,97.98,0.0602498794474251,0.0036809857514272792,0.0,0.0,0.0,0.0,0.0,0.0,False
2013-01-31,3.515,97.65,0.052566845895041237,-0.0033737188877402957,0.0,0.0,0.0,0.0,0.0,0.0,False
2013-02-01,3.34,97.46,-0.051068718274019265,-0.0019476199073285017,0.0,0.0,0.0,0.0,0.0,0.0,False
2013-02-04,3.433,96.21,0.027463707486945932,-0.012908735042186592,0.0,0.0,0.0,0.0,0.0,0.0,False
2013-02-05,3.399,96.68,-0.009953243761575914,0.004873253462108984,0.0,0.0,0.0,0.0,0.0,0.0,False
2013-02-06,3.521,96.44,0.03526376945893639,-0.0024855025223118332,0.0,0.0,0.0,0.0,0.0,0.0,False
2013-02-07,3.285,95.84,-0.06937838823634146,-0.006240918945831453,0.0,0.0,0.0,0.0,0.0,0.0,False
2013-02-08,3.26,95.71,-0.0076394565579578355,-0.00135734815932409,0.0,0.0,0.0,0.0,0.0,0.0,False
2013-02-11,3.2,97.01,-0.018576385572935283,0.013491279765377229,0.0,0.0,0.0,0.0,0.0,0.0,False
2013-02-12,3.296,97.48,0.02955880224154428,0.004833162783813627,0.0,0.0,0.0,0.0,0.0,0.0,False
2013-02-13,3.371,97.03,0.022499824204698537,-0.004627019719797509,0.0,0.0,0.0,0.0,0.0,0.0,False
2013-02-14,3.163,97.3,-0.06368849192841197,0.0027787801547507485,0.0,0.0,0.0,0.0,0.0,0.0,False
2013-02-15,3.19,95.95,0.008499972473241524,-0.013971766738250402,0.0,0.0,0.0,0.0,0.0,0.0,False
2013-02-19,3.447,96.69,0.07748337073797518,0.007682762041747893,0.0,0.0,0.0,0.0,0.0,0.0,False
2013-02-20,3.34,94.92,-0.031533480546119375,-0.01847555292789327,0.0,0.0,0.0,0.0,0.0,0.0,False
2013-02-21,3.246,92.79,-0.028547337896209557,-0.022695556202474876,0.0,0.0,0.0,0.0,0.0,0.0,False
2013-02-22,3.349,93.12,0.031238324719668142,0.0035501086180396157,0.0,0.0,0.0,0.0,0.0,0.0,False
2013-02-25,3.414,92.74,0.01922283056018137,-0.004089105019812855,0.0,0.0,0.0,0.0,0.0,0.0,False
2013-02-26,3.456,92.63,0.012227226569560212,-0.0011868156973786625,0.0,0.0,0.0,0.0,0.0,0.0,False
2013-02-27,3.434,92.84,-0.006386088466525441,0.0022645181402998205,0.0,0.0,0.0,0.0,0.0,0.0,False
2013-02-28,3.579,92.03,0.04135766930860507,-0.008762970555470595,0.0,0.0,0.0,0.0,0.0,0.0,False
2013-03-01,3.612,90.71,0.009178203770850102,-0.014447006223912595,0.0,0.0,0.0,0.0,0.0,0.0,False
2013-03-04,3.53,90.13,-0.022963764609533532,-0.006414532058534483,0.0,0.0,0.0,0.0,0.0,0.0,False
2013-03-05,3.676,90.88,0.040527333548235234,0.0082868824045228,0.0,0.0,0.0,0.0,0.0,0.0,False
2013-03-06,3.47,90.47,-0.057670610534672706,-0.0045216509351915235,0.0,0.0,0.0,0.0,0.0,0.0,False
2013-03-07,3.627,91.53,0.044251266341997386,0.01164848335903823,0.0,0.0,0.0,0.0,0.0,0.0,False
2013-03-08,3.629,92.01,0.0005512679301680201,0.005230479397582144,0.0,0.0,0.0,0.0,0.0,0.0,False
2013-03-11,3.787,92.07,0.042617020688724416,0.0006518905054839763,0.0,0.0,0.0,0.0,0.0,0.0,False
2013-03-12,3.726,92.44,-0.016238876740261032,0.004010628106425607,0.0,0.0,0.0,0.0,0.0,0.0,False
2013-03-13,3.759,92.47,0.008817692402644184,0.0003244821833670031,0.0,0.0,0.0,0.0,0.0,0.0,False
2013-03-14,3.933,93.03,0.04524952886763156,0.006037754190920452,0.0,0.0,0.0,0.0,0.0,0.0,False
2013-03-15,3.909,93.49,-0.006120906638854784,0.004932456922756678,0.0,0.0,0.0,0.0,0.0,0.0,False
2013-03-18,4.001,93.71,0.023262743064280444,0.0023504284325079894,0.0,0.0,0.0,0.0,0.0,0.0,False
2013-03-19,3.995,92.44,-0.0015007506568600615,-0.013645121729552123,0.0,0.0,0.0,0.0,0.0,0.0,False
2013-03-20,4.059,93.21,0.01589305863852264,0.008295226666885647,0.0,0.0,0.0,0.0,0.0,0.0,False
2013-03-21,3.961,92.46,-0.024440119216981193,-0.008078893512986518,0.0,0.0,0.0,0.0,0.0,0.0,False
2013-03-22,3.952,93.41,-0.0022747387541581787,0.010222287324678447,0.0,0.0,0.0,0.0,0.0,0.0,False
2013-03-25,3.93,94.55,-0.005582354004451506,0.012130389219708881,0.0,0.0,0.0,0.0,0.0,0.0,False
2013-03-26,3.976,95.99,0.011636862913157797,0.015115224270979333,0.0,0.0,0.0,0.0,0.0,0.0,False
2013-03-27,4.167,96.53,0.046920063645988774,0.005609821485077937,0.0,0.0,0.0,0.0,0.0,0.0,False
2013-03-28,4.113,97.24,-0.013043663192029209,0.007328308587398524,0.0,0.0,0.0,0.0,0.0,0.0,False
2013-04-01,4.13,97.1,0.00412471772465417,-0.0014407741506428096,0.0,0.0,0.0,0.0,0.0,0.0,False
2013-04-02,4.019,97.23,-0.02724429150587726,0.0013379305242864348,0.0,0.0,0.0,0.0,0.0,0.0,False
2013-04-03,3.95,95.02,-0.017317536554033452,-0.022991910062790666,0.0,0.0,0.0,0.0,0.0,0.0,False
2013-04-04,3.94,93.26,-0.002534855603188113,-0.018696104378600253,0.0,0.0,0.0,0.0,0.0,0.0,False
2013-04-05,4.224,92.76,0.06960182309411778,-0.005375778992843472,0.0,0.0,0.0,0.0,0.0,0.0,False
2013-04-08,4.118,93.36,-0.02541493779836257,0.006447475590968921,0.0,0.0,0.0,0.0,0.0,0.0,False
2013-04-09,4.08,94.18,-0.009270620189527401,0.008744856837108017,0.0,0.0,0.0,0.0,0.0,0.0,False
2013-04-10,4.127,94.59,0.011453762354374453,0.004343917409670439,0.0,0.0,0.0,0.0,0.0,0.0,False
2013-04-11,4.139,93.44,0.002903461996150547,-0.012232243145161803,0.0,0.0,0.0,0.0,0.0,0.0,False
2013-04-12,4.222,91.23,0.019854736659533634,-0.02393572872253369,0.0,0.0,0.0,0.0,0.0,0.0,False
2013-04-15,4.243,88.75,0.004961616794058932,-0.027560362001858074,0.0,0.0,0.0,0.0,0.0,0.0,False
2013-04-16,4.16,88.73,-0.01975549194701598,-0.00022537750827833491,0.0,0.0,0.0,0.0,0.0,0.0,False
2013-04-17,4.288,86.65,0.030305349495328926,-0.02372103468563136,0.0,0.0,0.0,0.0,0.0,0.0,False
2013-04-18,4.492,87.83,0.046477613107695825,0.013526111767410143,0.0,0.0,0.0,0.0,0.0,0.0,False
2013-04-19,4.437,88.04,-0.012319564479424283,0.002388128729235106,0.0,0.0,0.0,0.0,0.0,0.0,False
2013-04-22,4.33,88.81,-0.024410930382373852,0.008707999612152406,0.0,0.0,0.0,0.0,0.0,0.0,False
2013-04-23,4.344,89.21,0.0032280406172358056,0.00449388465527889,0.0,0.0,0.0,0.0,0.0,0.0,False
2013-04-24,4.25,91.07,-0.021876599695308974,0.020635300654035404,0.0,0.0,0.0,0.0,0.0,0.0,False
2013-04-25,4.2,93.27,-0.011834457647002639,0.023870071159044493,0.0,0.0,0.0,0.0,0.0,0.0,False
2013-04-26,4.152,92.63,-0.011494379425735168,-0.006885449472835425,0.0,0.0,0.0,0.0,0.0,0.0,False
2013-04-29,4.441,94.09,0.06728943044637758,0.015638707752738235,0.0,0.0,0.0,0.0,0.0,0.0,False
2013-04-30,4.42,93.22,-0.004739880220358428,-0.009289480074079925,0.0,0.0,0.0,0.0,0.0,0.0,False
2013-05-01,4.31,90.74,-0.02520179197395045,-0.026964016708777017,0.0,0.0,0.0,0.0,0.0,0.0,False
2013-05-02,4.025,93.7,-0.0684129932451294,0.032099915008558355,0.0,0.0,0.0,0.0,0.0,0.0,False
2013-05-03,3.98,95.25,-0.011243091574180575,0.01640682476243427,0.0,0.0,0.0,0.0,0.0,0.0,False
2013-05-06,4.09,95.8,0.027263150758364052,0.005757670970004014,0.0,0.0,0.0,0.0,0.0,0.0,False
2013-05-07,4.003,95.28,-0.02150089004427369,-0.005442759929770169,0.0,0.0,0.0,0.0,0.0,0.0,False
2013-05-08,3.978,96.24,-0.006264899578656058,0.010025146619379477,0.0,0.0,0.0,0.0,0.0,0.0,False
2013-05-09,4.033,96.09,0.0137313354594506,-0.0015598193772472513,0.0,0.0,0.0,0.0,0.0,0.0,False
2013-05-10,3.983,95.81,-0.012475211691723942,-0.002918188626394702,0.0,0.0,0.0,0.0,0.0,0.0,False
2013-05-13,3.993,94.76,0.002507523881577045,-0.011019684372197247,0.0,0.0,0.0,0.0,0.0,0.0,False
2013-05-14,4.068,93.96,0.018608650105229163,-0.008478219499872708,0.0,0.0,0.0,0.0,0.0,0.0,False
2013-05-15,4.07,93.95,0.000491521268190187,-0.00010643393123732636,0.0,0.0,0.0,0.0,0.0,0.0,False
2013-05-16,4.003,94.85,-0.016598919444066995,0.009533970521548696,0.0,0.0,0.0,0.0,0.0,0.0,False
2013-05-17,4.055,95.72,0.012906607556939509,0.009130566659149686,0.0,0.0,0.0,0.0,0.0,0.0,False
2013-05-20,4.164,96.29,0.02652546318534621,0.005937208212019485,0.0,0.0,0.0,0.0,0.0,0.0,False
2013-05-21,4.192,95.55,0.006701796266018745,-0.007714800565910451,0.0,0.0,0.0,0.0,0.0,0.0,False
2013-05-22,4.186,93.98,-0.0014323229949331218,-0.016567677011612325,0.0,0.0,0.0,0.0,0.0,0.0,False
2013-05-23,4.261,94.12,0.017758250493967065,0.0014885701844917776,0.0,0.0,0.0,0.0,0.0,0.0,False
2013-05-24,4.15,93.84,-0.026395540275168106,-0.0029793595139411266,0.0,0.0,0.0,0.0,0.0,0.0,False
2013-05-28,4.224,94.65,0.017674212161353342,0.0085946733101121,0.0,0.0,0.0,0.0,0.0,0.0,False
2013-05-29,4.203,93.13,-0.004983990380980519,-0.01618951112176603,0.0,0.0,0.0,0.0,0.0,0.0,False
2013-05-30,4.12,93.57,-0.019945392661544714,0.004713452754255165,0.0,0.0,0.0,0.0,0.0,0.0,False
2013-05-31,3.984,91.93,-0.033566823639083365,-0.017682401412158377,0.0,0.0,0.0,0.0,0.0,0.0,False
2013-06-03,4.0,93.41,0.0040080213975388634,0.015970988009094356,0.0,0.0,0.0,0.0,0.0,0.0,False
2013-06-04,4.021,93.36,0.005236266795246358,-0.0005354179064571696,0.0,0.0,0.0,0.0,0.0,0.0,False
2013-06-05,3.99,93.66,-0.0077393970133647905,0.0032082157770956243,0.0,0.0,0.0,0.0,0.0,0.0,False
2013-06-06,3.856,94.71,-0.03416085415347303,0.011148387482614375,0.0,0.0,0.0,0.0,0.0,0.0,False
2013-06-07,3.828,96.11,-0.007287903157591424,0.014673777597182358,0.0,0.0,0.0,0.0,0.0,0.0,False
2013-06-10,3.825,95.82,-0.0007840063122084295,-0.0030219373802164995,0.0,0.0,0.0,0.0,0.0,0.0,False
2013-06-11,3.743,95.5,-0.021671038356207317,-0.003345183968291643,0.0,0.0,0.0,0.0,0.0,0.0,False
2013-06-12,3.797,95.98,0.014323852327373432,0.0050135889434148595,0.0,0.0,0.0,0.0,0.0,0.0,False
2013-06-13,3.855,96.66,0.015159725765627519,0.007059829986838295,0.0,0.0,0.0,0.0,0.0,0.0,False
2013-06-14,3.759,97.83,-0.025218042433251986,0.01203161205240022,0.0,0.0,0.0,0.0,0.0,0.0,False
2013-06-17,3.875,97.86,0.0303926982232694,0.00030660739163934636,0.0,0.0,0.0,0.0,0.0,0.0,False
2013-06-18,3.905,98.46,0.007712120486338847,0.006112488469077526,0.0,0.0,0.0,0.0,0.0,0.0,False
2013-06-19,3.985,98.24,0.02027952895052909,-0.002236909931222719,0.0,0.0,0.0,0.0,0.0,0.0,False
2013-06-20,3.897,94.89,-0.022330285885606038,-0.03469513841316463,0.0,0.0,0.0,0.0,0.0,0.0,False
2013-06-21,3.793,93.81,-0.027049763649810377,-0.011446865847807963,0.0,0.0,0.0,0.0,0.0,0.0,False
2013-06-24,3.76,95.07,-0.008738305304958782,0.013342002233079242,0.0,0.0,0.0,0.0,0.0,0.0,False
2013-06-25,3.77,95.25,0.002656044058116258,0.0018915516358717355,0.0,0.0,0.0,0.0,0.0,0.0,False
2013-06-26,3.734,95.47,-0.009594956340388539,0.0023070480031313068,0.0,0.0,0.0,0.0,0.0,0.0,False
2013-06-27,3.669,97.0,-0.01756089974638586,0.015898916493441106,0.0,0.0,0.0,0.0,0.0,0.0,False
2013-06-28,3.559,96.36,-0.03043953884508932,-0.006619800756712202,0.0,0.0,0.0,0.0,0.0,0.0,False
2013-07-01,3.587,97.94,0.007836592022089972,0.016263868527500946,0.0,0.0,0.0,0.0,0.0,0.0,False
2013-07-02,3.654,99.65,0.0185062594056693,0.0173090003846319,0.0,0.0,0.0,0.0,0.0,0.0,False
2013-07-03,3.703,101.92,0.01332084397566069,0.022524145165049525,0.0,0.0,0.0,0.0,0.0,0.0,False
2013-07-05,3.706,103.09,0.0008098259316924317,0.01141420128444004,0.0,0.0,0.0,0.0,0.0,0.0,False
2013-07-08,3.65,103.03,-0.01522596026876788,-0.0005821851513161391,0.0,0.0,0.0,0.0,0.0,0.0,False
2013-07-09,3.69,103.46,0.010899290458035615,0.004164856618392498,0.0,0.0,0.0,0.0,0.0,0.0,False
2013-07-10,3.682,106.41,-0.002170375241549616,0.028114492878271058,0.0,0.0,0.0,0.0,0.0,0.0,False
2013-07-11,3.614,104.77,-0.018640890640849284,-0.015532086088766661,0.0,0.0,0.0,0.0,0.0,0.0,False
2013-07-12,3.644,105.85,0.008266787227675154,0.010255526216000455,0.0,0.0,0.0,0.0,0.0,0.0,False
2013-07-15,3.67,106.2,0.007109682668766881,0.003301111226964082,0.0,0.0,0.0,0.0,0.0,0.0,False
2013-07-16,3.676,105.88,0.001633542426961787,-0.0030177314489376883,0.0,0.0,0.0,0.0,0.0,0.0,False
2013-07-17,3.629,106.39,-0.0128680762625073,0.0048052101693736304,0.0,0.0,0.0,0.0,0.0,0.0,False
2013-07-18,3.812,107.94,0.04919685756102221,0.014463929662222874,0.0,0.0,0.0,0.0,0.0,0.0,False
2013-07-19,3.789,108.0,-0.006051853755491665,0.0005557099337227811,0.0,0.0,0.0,0.0,0.0,0.0,False
2013-07-22,3.691,106.61,-0.026204707988602305,-0.012953911161836196,0.0,0.0,0.0,0.0,0.0,0.0,False
2013-07-23,3.76,107.13,0.018521533353941466,0.0048657343120828145,0.0,0.0,0.0,0.0,0.0,0.0,False
2013-07-24,3.7,105.41,-0.016086137751624152,-0.01618554200736888,0.0,0.0,0.0,0.0,0.0,0.0,False
2013-07-25,3.647,105.47,-0.014427907823635788,0.0005690440214252135,0.0,0.0,0.0,0.0,0.0,0.0,False
2013-07-26,3.59,104.76,-0.01575270932635564,-0.006754532649011935,0.0,0.0,0.0,0.0,0.0,0.0,False
2013-07-29,3.586,104.61,-0.0011148273172463252,-0.0014328702838417584,0.0,0.0,0.0,0.0,0.0,0.0,False
2013-07-30,3.432,103.14,-0.043894193557225236,-0.01415186073285657,0.0,0.0,0.0,0.0,0.0,0.0,False
2013-07-31,3.446,105.1,0.004070956480022092,0.018824989260092906,0.0,0.0,0.0,0.0,0.0,0.0,False
2013-08-01,3.415,107.93,-0.009036645082984629,0.026570590954349882,0.0,0.0,0.0,0.0,0.0,0.0,False
2013-08-02,3.347,106.94,-0.020113070793563725,-0.009214939316669835,0.0,0.0,0.0,0.0,0.0,0.0,False
2013-08-05,3.454,106.61,0.03146855749529731,-0.003090613558201838,0.0,0.0,0.0,0.0,0.0,0.0,False
2013-08-06,3.636,105.32,0.051351196590745385,-0.012173981334274941,0.0,0.0,0.0,0.0,0.0,0.0,False
2013-08-07,3.578,104.41,-0.016080191228704965,-0.008677878326089683,0.0,0.0,0.0,0.0,0.0,0.0,False
2013-08-08,3.624,103.45,0.012774403094205633,-0.00923705211046677,0.0,0.0,0.0,0.0,0.0,0.0,False
2013-08-09,3.389,106.04,-0.06704349555581879,0.024727977229272113,0.0,0.0,0.0,0.0,0.0,0.0,False
2013-08-12,3.467,106.19,0.022754774077972106,0.0014135609949299521,0.0,0.0,0.0,0.0,0.0,0.0,False
2013-08-13,3.623,106.78,0.04401274521005383,0.0055407006562857575,0.0,0.0,0.0,0.0,0.0,0.0,False
2013-08-14,3.487,106.89,-0.03826064421942599,0.0010296252138140005,0.0,0.0,0.0,0.0,0.0,0.0,False
2013-08-15,3.34,107.43,-0.043070960704905126,0.005039204392597085,0.0,0.0,0.0,0.0,0.0,0.0,False
2013-08-16,3.368,107.58,0.008348289391471253,0.0013952841666453608,0.0,0.0,0.0,0.0,0.0,0.0,False
2013-08-19,3.788,107.14,0.11751907894375146,-0.004098366392282671,0.0,0.0,0.0,0.0,0.0,0.0,False
2013-08-20,3.601,104.9,-0.05062659065709352,-0.021128875050562712,0.0,0.0,0.0,0.0,0.0,0.0,False
2013-08-21,3.491,103.93,-0.031023356543839142,-0.009289919801920732,0.0,0.0,0.0,0.0,0.0,0.0,False
2013-08-22,3.52,104.93,0.00827276148710654,0.009575865569488862,0.0,0.0,0.0,0.0,0.0,0.0,False
2013-08-23,3.814,106.48,0.0802175175682216,0.014663712917037053,0.0,0.0,0.0,0.0,0.0,0.0,False
2013-08-26,3.668,105.88,-0.03903195278400884,-0.005650796727955765,0.0,0.0,0.0,0.0,0.0,0.0,False
2013-08-27,3.686,109.11,0.004895304853413052,0.030050170308106416,0.0,0.0,0.0,0.0,0.0,0.0,False
2013-08-28,3.582,110.17,-0.028620555609111475,0.009668079684966635,0.0,0.0,0.0,0.0,0.0,0.0,False
2013-08-29,3.58,108.51,-0.0005585032259110001,-0.015182292719857493,0.0,0.0,0.0,0.0,0.0,0.0,False
2013-08-30,3.841,107.98,0.07036994895115889,-0.0048963098419756435,0.0,0.0,0.0,0.0,0.0,0.0,False
2013-09-03,3.985,108.67,0.036804562878410385,0.006369742284619839,0.0,0.0,0.0,0.0,0.0,0.0,False
2013-09-04,3.767,107.29,-0.0562583835322743,-0.012780318426105275,0.0,0.0,0.0,0.0,0.0,0.0,False
2013-09-05,3.7,108.5,-0.017946109059725046,0.011214724331859216,0.0,0.0,0.0,0.0,0.0,0.0,False
2013-09-06,3.53,110.62,-0.04703494870497349,0.019350731586017744,0.0,0.0,0.0,0.0,0.0,0.0,False
2013-09-09,3.921,109.62,0.10504885236498906,-0.009081064948561313,0.0,0.0,0.0,0.0,0.0,0.0,False
2013-09-10,3.907,107.48,-0.0035769072372608957,-0.01971505587068023,0.0,0.0,0.0,0.0,0.0,0.0,False
2013-09-11,3.643,107.65,-0.06996229804650689,0.0015804400630816673,0.0,0.0,0.0,0.0,0.0,0.0,False
2013-09-12,3.943,108.72,0.07913433686906335,0.00989054603251649,0.0,0.0,0.0,0.0,0.0,0.0,False
2013-09-13,3.677,108.31,-0.06984465257635497,-0.003778283995242937,0.0,0.0,0.0,0.0,0.0,0.0,False
2013-09-16,3.64,106.54,-0.010113520670485654,-0.016476984358792635,0.0,0.0,0.0,0.0,0.0,0.0,False
2013-09-17,3.822,105.36,0.04879016416943194,-0.011137444053827217,0.0,0.0,0.0,0.0,0.0,0.0,False
2013-09-18,4.033,108.23,0.05373667007314986,0.026875534872028872,0.0,0.0,0.0,0.0,0.0,0.0,False
2013-09-19,3.72,106.26,-0.08078684760617594,-0.01836967128425737,0.0,0.0,0.0,0.0,0.0,0.0,False
2013-09-20,3.932,104.7,0.05542453399986491,-0.01478980314630629,0.0,0.0,0.0,0.0,0.0,0.0,False
2013-09-23,3.66,103.62,-0.07168505487164523,-0.01036875648984914,0.0,0.0,0.0,0.0,0.0,0.0,False
2013-09-24,3.559,103.22,-0.02798354088521937,-0.0038677286660604437,0.0,0.0,0.0,0.0,0.0,0.0,False
2013-09-25,3.719,102.68,0.043975208414877454,-0.005245276717642078,0.0,0.0,0.0,0.0,0.0,0.0,False
2013-09-26,3.567,103.1,-0.04172990856617842,0.004082035019974839,0.0,0.0,0.0,0.0,0.0,0.0,False
2013-09-27,3.51,102.86,-0.016108868898980333,-0.002330550676144405,0.0,0.0,0.0,0.0,0.0,0.0,False
2013-09-30,3.56,102.36,0.014144507386164795,-0.0048728290551816045,0.0,0.0,0.0,0.0,0.0,0.0,False
2013-10-01,3.56,102.09,0.0,-0.0026412341106638593,0.0,0.0,0.0,0.0,0.0,0.0,False
2013-10-02,3.803,104.15,0.06602968408218346,0.019977390526056737,0.0,0.0,0.0,0.0,0.0,0.0,False
2013-10-03,3.779,103.29,-0.006330804578770666,-0.008291601688439343,0.0,0.0,0.0,0.0,0.0,0.0,False
2013-10-04,3.785,103.83,0.0015864625220602946,0.005214380296820309,0.0,0.0,0.0,0.0,0.0,0.0,False
2013-10-07,3.902,103.07,0.030443355311507325,-0.007346577266661214,0.0,0.0,0.0,0.0,0.0,0.0,False
2013-10-08,3.869,103.54,-0.008493166482543613,0.004549642425054401,0.0,0.0,0.0,0.0,0.0,0.0,False
2013-10-09,3.679,101.63,-0.050355099595738695,-0.018619244324080242,0.0,0.0,0.0,0.0,0.0,0.0,False
2013-10-10,3.976,103.08,0.07763531267169044,0.01416661863448887,0.0,0.0,0.0,0.0,0.0,0.0,False
2013-10-11,4.023,102.17,0.011751604173323438,-0.008867293180832014,0.0,0.0,0.0,0.0,0.0,0.0,False
2013-10-14,4.064,102.46,0.010139817308529642,0.002834385907724446,0.0,0.0,0.0,0.0,0.0,0.0,False
2013-10-15,3.79,101.15,-0.06980169118184576,-0.01286791489730188,0.0,0.0,0.0,0.0,0.0,0.0,False
2013-10-16,3.769,102.34,-0.005556304809336554,0.011696039763191557,0.0,0.0,0.0,0.0,0.0,0.0,False
2013-10-17,3.757,100.72,-0.0031889476931665772,-0.015956213640854422,0.0,0.0,0.0,0.0,0.0,0.0,False
2013-10-18,3.992,100.87,0.06067159185738569,0.0014881693306527666,0.0,0.0,0.0,0.0,0.0,0.0,False
2013-10-21,3.893,99.28,-0.02511228982089886,-0.01588841817039288,0.0,0.0,0.0,0.0,0.0,0.0,False
2013-10-22,3.798,97.63,-0.02470545623822451,-0.0167593176587717,0.0,0.0,0.0,0.0,0.0,0.0,False
2013-10-23,3.818,96.9,0.005252112913461726,-0.007505304340859276,0.0,0.0,0.0,0.0,0.0,0.0,False
2013-10-24,3.629,96.65,-0.05076959707262252,-0.0025833132423809246,0.0,0.0,0.0,0.0,0.0,0.0,False
2013-10-25,3.812,97.4,0.04919685756102221,0.007730004994149553,0.0,0.0,0.0,0.0,0.0,0.0,False
2013-10-28,3.739,98.74,-0.01933578979697881,0.013663922182227672,0.0,0.0,0.0,0.0,0.0,0.0,False
2013-10-29,3.496,98.29,-0.06719873820168765,-0.004567840252178712,0.0,0.0,0.0,0.0,0.0,0.0,False
2013-10-30,3.708,96.81,0.058873189910319645,-0.015171997846557872,0.0,0.0,0.0,0.0,0.0,0.0,False
2013-10-31,3.663,96.29,-0.012210163906931415,-0.005385823479787888,0.0,0.0,0.0,0.0,0.0,0.0,False
2013-11-01,3.587,94.56,-0.02096628524653177,-0.018129917594404077,0.0,0.0,0.0,0.0,0.0,0.0,False
2013-11-04,3.533,94.58,-0.015168830173137415,0.0002114835579414276,0.0,0.0,0.0,0.0,0.0,0.0,False
2013-11-05,3.558,93.4,0.007051220866635122,-0.01255469198093273,0.0,0.0,0.0,0.0,0.0,0.0,False
2013-11-06,3.572,94.74,0.003927073770609413,0.014244952260808574,0.0,0.0,0.0,0.0,0.0,0.0,False
2013-11-07,3.584,94.25,0.0033538320984314307,-0.005185471167485467,0.0,0.0,0.0,0.0,0.0,0.0,False
2013-11-08,3.559,94.56,-0.006999888584628522,0.0032837273296681957,0.0,0.0,0.0,0.0,0.0,0.0,False
2013-11-11,3.629,95.13,0.019477521702877754,0.006009823560577665,0.0,0.0,0.0,0.0,0.0,0.0,False
2013-11-12,3.666,93.12,0.010144021186579977,-0.02135539323523794,0.0,0.0,0.0,0.0,0.0,0.0,False
2013-11-13,3.566,93.91,-0.027656629976564595,0.0084478928333942,0.0,0.0,0.0,0.0,0.0,0.0,False
2013-11-14,3.66,93.76,0.026018627972326236,-0.0015985509878193582,0.0,0.0,0.0,0.0,0.0,0.0,False
2013-11-15,3.713,93.8,0.014377027781668161,0.00042653018347582616,0.0,0.0,0.0,0.0,0.0,0.0,False
2013-11-18,3.671,93.03,-0.011376070680245931,-0.008242834231711349,0.0,0.0,0.0,0.0,0.0,0.0,False
2013-11-19,3.612,93.35,-0.01620246895995825,0.003433848207264667,0.0,0.0,0.0,0.0,0.0,0.0,False
2013-11-20,3.713,93.34,0.02757853964020418,-0.00010712946606261653,0.0,0.0,0.0,0.0,0.0,0.0,False
2013-11-21,3.702,95.35,-0.0029669610436373617,0.02130559152475886,0.0,0.0,0.0,0.0,0.0,0.0,False
2013-11-22,3.768,94.53,0.017671142562810882,-0.008637087609135286,0.0,0.0,0.0,0.0,0.0,0.0,False
2013-11-25,3.847,93.86,0.02074926705604141,-0.007112934071021648,0.0,0.0,0.0,0.0,0.0,0.0,False
2013-11-26,3.87,93.41,0.0059608832715323246,-0.004805904481513856,0.0,0.0,0.0,0.0,0.0,0.0,False
2013-11-27,3.899,92.05,0.007465602958769857,-0.014666498205670564,0.0,0.0,0.0,0.0,0.0,0.0,False
2013-11-29,3.944,92.55,0.011475326739928793,0.005417131340419878,0.0,0.0,0.0,0.0,0.0,0.0,False
2013-12-02,3.92,93.61,-0.006103782938017943,0.011388176364146574,0.0,0.0,0.0,0.0,0.0,0.0,False
2013-12-03,3.955,95.83,0.008888947417246218,0.0234385729720179,0.0,0.0,0.0,0.0,0.0,0.0,False
2013-12-04,3.89,96.97,-0.016571443589262325,0.011825863960783778,0.0,0.0,0.0,0.0,0.0,0.0,False
2013-12-05,4.132,97.14,0.06035239362703715,0.0017515846011439962,0.0,0.0,0.0,0.0,0.0,0.0,False
2013-12-06,4.11,97.48,-0.005338522749248842,0.003493991839406796,0.0,0.0,0.0,0.0,0.0,0.0,False
2013-12-09,4.225,97.1,0.027596232300993728,-0.0039058534597264938,0.0,0.0,0.0,0.0,0.0,0.0,False
2013-12-10,4.128,98.32,-0.023226232629875332,0.01248608996050038,0.0,0.0,0.0,0.0,0.0,0.0,False
2013-12-11,4.331,97.25,0.0480054340532281,-0.010942482759223715,0.0,0.0,0.0,0.0,0.0,0.0,False
2013-12-12,4.401,97.21,0.016033325596464643,-0.00041139566557824025,0.0,0.0,0.0,0.0,0.0,0.0,False
2013-12-13,4.138,96.27,-0.061619208505603096,-0.00971684304310294,0.0,0.0,0.0,0.0,0.0,0.0,False
2013-12-16,4.14,97.18,0.00048320851387151365,0.009408185187882445,0.0,0.0,0.0,0.0,0.0,0.0,False
2013-12-17,4.2,96.99,0.014388737452099898,-0.0019570485723061637,0.0,0.0,0.0,0.0,0.0,0.0,False
2013-12-18,4.25,97.59,0.011834457647002639,0.006167148747918461,0.0,0.0,0.0,0.0,0.0,0.0,False
2013-12-19,4.214,98.4,-0.00850666755432794,0.00826577490483782,0.0,0.0,0.0,0.0,0.0,0.0,False
2013-12-20,4.418,99.11,0.047274789615928015,0.007189540360410085,0.0,0.0,0.0,0.0,0.0,0.0,False
2013-12-23,4.52,98.62,0.022824888846214364,-0.004956263622637458,0.0,0.0,0.0,0.0,0.0,0.0,False
2013-12-24,4.442,98.87,-0.017407268371903983,0.002531775113062018,0.0,0.0,0.0,0.0,0.0,0.0,False
2013-12-26,4.22,99.18,-0.05126959742431536,0.0031305251519455624,0.0,0.0,0.0,0.0,0.0,0.0,False
2013-12-27,4.407,99.94,0.04335905781192939,0.0076336248550710195,0.0,0.0,0.0,0.0,0.0,0.0,False
2013-12-30,4.222,98.9,-0.042885236433720886,-0.010460767287391981,0.0,0.0,0.0,0.0,0.0,0.0,False
2013-12-31,4.23,98.17,0.0018930436320576671,-0.007408568924236469,0.0,0.0,0.0,0.0,0.0,0.0,False
2014-01-02,4.32,95.14,0.021053409197832273,-0.03135117870029447,0.0,0.0,0.0,0.0,0.0,0.0,False
2014-01-03,4.156,93.66,-0.03870232901903803,-0.015678287248739764,0.0,0.0,0.0,0.0,0.0,0.0,False
2014-01-06,4.166,93.12,0.002403269601799485,-0.005782219772267894,0.0,0.0,0.0,0.0,0.0,0.0,False
2014-01-07,4.149,93.31,-0.004089001488049471,0.002038299262802745,0.0,0.0,0.0,0.0,0.0,0.0,False
2014-01-08,4.175,91.9,0.006247016952087847,-0.015226253884288887,0.0,0.0,0.0,0.0,0.0,0.0,False
2014-01-09,4.005,91.36,-0.04157077778249629,-0.005893283453941578,0.0,0.0,0.0,0.0,0.0,0.0,False
2014-01-10,3.894,92.39,-0.028106673570314378,0.011211001774953822,0.0,0.0,0.0,0.0,0.0,0.0,False
2014-01-13,4.274,91.45,0.09311324994694781,-0.01022637284577943,0.0,0.0,0.0,0.0,0.0,0.0,False
2014-01-14,4.36,92.15,0.01992190046398723,0.007625309278957992,0.0,0.0,0.0,0.0,0.0,0.0,False
2014-01-15,4.085,93.78,-0.065150329048977,0.01753392954560784,0.0,0.0,0.0,0.0,0.0,0.0,False
2014-01-16,4.55,93.54,0.107805504650893,-0.002562461363700308,0.0,0.0,0.0,0.0,0.0,0.0,False
2014-01-17,4.081,93.96,-0.10878517653919029,0.004480007492971616,0.0,0.0,0.0,0.0,0.0,0.0,False
2014-01-20,4.326,,0.05830127110719818,,0.0,0.0,0.0,0.0,0.0,0.0,False
2014-01-21,4.166,94.51,-0.037686984692086645,,0.0,0.0,0.0,0.0,0.0,0.0,False
2014-01-22,4.268,96.35,0.024188990600726434,0.01928174585341047,0.0,0.0,0.0,0.0,0.0,0.0,False
2014-01-23,5.64,97.23,0.2787387320704606,0.009091910961190663,0.0,0.0,0.0,0.0,0.0,0.0,False
2014-01-24,5.17,96.66,-0.08701137698962969,-0.005879639404628101,0.0,0.0,0.0,0.0,0.0,0.0,False
2014-01-27,4.847,95.82,-0.06451273165709881,-0.008728234961961512,0.0,0.0,0.0,0.0,0.0,0.0,False
2014-01-28,4.401,97.49,-0.09652816903428452,0.017278377186204175,0.0,0.0,0.0,0.0,0.0,0.0,False
2014-01-29,4.452,97.34,0.011521645584343876,-0.0015398042358718556,0.0,0.0,0.0,0.0,0.0,0.0,False
2014-01-30,4.358,98.25,-0.02134019689087019,0.009305246344061935,0.0,0.0,0.0,0.0,0.0,0.0,False
2014-01-31,4.454,97.55,0.021789332312747822,-0.007150183680249889,0.0,0.0,0.0,0.0,0.0,0.0,False
2014-02-03,4.45,96.44,-0.0008984726570271384,-0.011444013756150007,0.0,0.0,0.0,0.0,0.0,0.0,False
2014-02-04,5.375,97.24,0.18885447783557763,0.008261096134951629,0.0,0.0,0.0,0.0,0.0,0.0,False
2014-02-05,4.546,97.4,-0.16751084858337495,0.0016440612005670374,0.0,0.0,0.0,0.0,0.0,0.0,False
2014-02-06,6.9,97.84,0.4172736861728623,0.00450728073042761,0.0,0.0,0.0,0.0,0.0,0.0,False
2014-02-07,4.516,99.98,-0.4238947653157983,0.021636674606507533,0.0,0.0,0.0,0.0,0.0,0.0,False
2014-02-10,4.406,100.12,-0.024659397907264236,0.0013993005781491874,0.0,0.0,0.0,0.0,0.0,0.0,False
2014-02-11,4.57,99.96,0.03654595652596204,-0.001599360596822308,0.0,0.0,0.0,0.0,0.0,0.0,False
2014-02-12,4.553,100.38,-0.003726848553468276,0.004192878260036004,0.0,0.0,0.0,0.0,0.0,0.0,False
2014-02-13,4.632,100.27,0.01720238391804907,-0.001096436690953162,0.0,0.0,0.0,0.0,0.0,0.0,False
2014-02-14,5.54,100.31,0.17900576048849826,0.0003988433595596419,0.0,0.0,0.0,0.0,0.0,0.0,False
2014-02-17,4.548,,-0.19730692487090273,,0.0,0.0,0.0,0.0,0.0,0.0,False
2014-02-18,5.8,102.54,0.24317034166408402,,0.0,0.0,0.0,0.0,0.0,0.0,False
2014-02-19,4.762,103.46,-0.19719016948770274,0.00893209821981511,0.0,0.0,0.0,0.0,0.0,0.0,False
2014-02-20,6.064,103.2,0.24170190027539973,-0.002516211527907153,0.0,0.0,0.0,0.0,0.0,0.0,False
2014-02-21,6.24,102.53,0.02861053404126568,-0.006513414365461934,0.0,0.0,0.0,0.0,0.0,0.0,False
2014-02-24,4.518,103.17,-0.3229107643355249,0.006222674430284236,0.0,0.0,0.0,0.0,0.0,0.0,False
2014-02-25,5.21,102.2,0.14251043771946414,-0.009446435342680637,0.0,0.0,0.0,0.0,0.0,0.0,False
2014-02-26,4.464,102.93,-0.1545346306862656,0.0071174677688645716,0.0,0.0,0.0,0.0,0.0,0.0,False
2014-02-27,4.61,102.68,0.03218263192954729,-0.0024317895355290275,0.0,0.0,0.0,0.0,0.0,0.0,False
2014-02-28,4.568,102.88,-0.009152384654848245,0.001945904486369443,0.0,0.0,0.0,0.0,0.0,0.0,False
2014-03-03,4.513,105.34,-0.01211335150884496,0.023629953565934336,0.0,0.0,0.0,0.0,0.0,0.0,False
2014-03-04,7.98,103.64,0.5699762906168533,-0.01626985836133432,0.0,0.0,0.0,0.0,0.0,0.0,False
2014-03-05,4.523,101.75,-0.5677629209660113,-0.018404531371204236,0.0,0.0,0.0,0.0,0.0,0.0,False
2014-03-06,4.603,101.82,0.01753277433939826,0.000687724151485547,0.0,0.0,0.0,0.0,0.0,0.0,False
2014-03-07,4.622,102.82,0.004119247017084771,0.00977333815316861,0.0,0.0,0.0,0.0,0.0,0.0,False
2014-03-10,4.67,101.39,0.010331559828616887,-0.014005419662870722,0.0,0.0,0.0,0.0,0.0,0.0,False
2014-03-11,4.67,100.29,0.0,-0.01090847786437088,0.0,0.0,0.0,0.0,0.0,0.0,False
2014-03-12,4.47,98.29,-0.04377066305532851,-0.020143696521579102,0.0,0.0,0.0,0.0,0.0,0.0,False
2014-03-13,4.384,98.57,-0.019426858979762818,0.0028446630988092636,0.0,0.0,0.0,0.0,0.0,0.0,False
2014-03-14,4.4,99.23,0.0036429912785009844,0.006673432248803124,0.0,0.0,0.0,0.0,0.0,0.0,False
2014-03-17,4.536,98.43,0.030441025501235286,-0.008094752285030538,0.0,0.0,0.0,0.0,0.0,0.0,False
2014-03-18,4.42,100.08,-0.025905870335844128,0.01662423051753592,0.0,0.0,0.0,0.0,0.0,0.0,False
2014-03-19,4.484,100.71,0.014375809120306782,0.006275233501397359,0.0,0.0,0.0,0.0,0.0,0.0,False
2014-03-20,4.38,99.68,-0.02346678082155873,-0.010280044620910367,0.0,0.0,0.0,0.0,0.0,0.0,False
2014-03-21,4.313,99.97,-0.015415006722648839,0.002905085939946872,0.0,0.0,0.0,0.0,0.0,0.0,False
2014-03-24,4.272,100.05,-0.00955161600781218,0.0007999200506523252,0.0,0.0,0.0,0.0,0.0,0.0,False
2014-03-25,4.443,99.66,0.039247722295877585,-0.0039056681764835233,0.0,0.0,0.0,0.0,0.0,0.0,False
2014-03-26,4.461,100.61,0.004043132192356413,0.00948726345070039,0.0,0.0,0.0,0.0,0.0,0.0,False
2014-03-27,4.538,101.25,0.01711343021152234,0.006341049682689892,0.0,0.0,0.0,0.0,0.0,0.0,False
2014-03-28,4.558,101.73,0.004397544465842396,0.004729538819008283,0.0,0.0,0.0,0.0,0.0,0.0,False
2014-03-31,4.48,101.57,-0.017260884396598675,-0.0015740288542476222,0.0,0.0,0.0,0.0,0.0,0.0,False
2014-04-01,4.276,99.69,-0.04660505326409514,-0.01868284491679706,0.0,0.0,0.0,0.0,0.0,0.0,False
2014-04-02,4.396,99.6,0.027677043378576238,-0.0009032064440601673,0.0,0.0,0.0,0.0,0.0,0.0,False
2014-04-03,4.51,100.29,0.02560211697321213,0.006903824509564949,0.0,0.0,0.0,0.0,0.0,0.0,False
2014-04-04,4.439,101.16,-0.0158680276626888,0.008637432701647185,0.0,0.0,0.0,0.0,0.0,0.0,False
2014-04-07,4.476,100.43,0.00830066459778056,-0.007242454396516607,0.0,0.0,0.0,0.0,0.0,0.0,False
2014-04-08,4.55,102.57,0.016397442513180316,0.021084524914071423,0.0,0.0,0.0,0.0,0.0,0.0,False
2014-04-09,4.586,103.55,0.007880951472853726,0.00950909552227408,0.0,0.0,0.0,0.0,0.0,0.0,False
2014-04-10,4.655,103.37,0.014933726293317573,-0.0017398032611994907,0.0,0.0,0.0,0.0,0.0,0.0,False
2014-04-11,4.62,103.68,-0.007547205635382914,0.0029944480235704063,0.0,0.0,0.0,0.0,0.0,0.0,False
2014-04-14,4.62,104.05,0.0,0.0035623202356793726,0.0,0.0,0.0,0.0,0.0,0.0,False
2014-04-15,4.69,103.7,0.015037877364540542,-0.0033694376041619734,0.0,0.0,0.0,0.0,0.0,0.0,False
2014-04-16,4.53,103.71,-0.03471064296324533,9.64273661612225e-05,0.0,0.0,0.0,0.0,0.0,0.0,False
2014-04-17,4.64,104.33,0.023992426743221218,0.005960409878235318,0.0,0.0,0.0,0.0,0.0,0.0,False
2014-04-21,4.697,104.35,0.012209640806694066,0.00019168104333111557,0.0,0.0,0.0,0.0,0.0,0.0,False
2014-04-22,4.758,101.69,0.012903404835908017,-0.025821663720162924,0.0,0.0,0.0,0.0,0.0,0.0,False
2014-04-23,4.73,101.47,-0.005902209376924317,-0.0021657815120548207,0.0,0.0,0.0,0.0,0.0,0.0,False
2014-04-24,4.751,102.2,0.004429919700942753,0.007168489478612372,0.0,0.0,0.0,0.0,0.0,0.0,False
2014-04-25,4.683,100.85,-0.014416192003379846,-0.013297413369382838,0.0,0.0,0.0,0.0,0.0,0.0,False
2014-04-28,4.819,101.13,0.02862750745679099,0.002772553513858078,0.0,0.0,0.0,0.0,0.0,0.0,False
2014-04-29,4.82,101.56,0.00020749040431344845,0.004242938922398132,0.0,0.0,0.0,0.0,0.0,0.0,False
2014-04-30,4.79,100.07,-0.006243516639685254,-0.014779815734113022,0.0,0.0,0.0,0.0,0.0,0.0,False
2014-05-01,4.747,99.69,-0.009017571853642936,-0.0038045700677518113,0.0,0.0,0.0,0.0,0.0,0.0,False
2014-05-02,4.674,100.09,-0.015497603452514497,0.004004410196315256,0.0,0.0,0.0,0.0,0.0,0.0,False
2014-05-05,4.712,99.74,0.008097210232619112,-0.003502981112950998,0.0,0.0,0.0,0.0,0.0,0.0,False
2014-05-06,4.8,99.81,0.01850347156455978,0.000701578580518003,0.0,0.0,0.0,0.0,0.0,0.0,False
2014-05-07,4.749,101.06,-0.010681848346860479,0.012446021165267496,0.0,0.0,0.0,0.0,0.0,0.0,False
2014-05-08,4.77,100.52,0.004412235333264958,-0.005357687188371152,0.0,0.0,0.0,0.0,0.0,0.0,False
2014-05-09,4.508,100.32,-0.05649270872271983,-0.0019916357907803217,0.0,0.0,0.0,0.0,0.0,0.0,False
2014-05-12,4.52,100.89,0.002658397666609913,0.005665737535677451,0.0,0.0,0.0,0.0,0.0,0.0,False
2014-05-13,4.358,102.01,-0.036498757321711706,0.011040033274139383,0.0,0.0,0.0,0.0,0.0,0.0,False
2014-05-14,4.367,102.63,0.00206303798099583,0.006059439963195246,0.0,0.0,0.0,0.0,0.0,0.0,False
2014-05-15,4.443,101.74,0.017253549450347405,-0.00870974826300408,0.0,0.0,0.0,0.0,0.0,0.0,False
2014-05-16,4.414,102.31,-0.006548516119226688,0.005586880496229796,0.0,0.0,0.0,0.0,0.0,0.0,False
2014-05-19,4.47,102.95,0.012607100790932746,0.006236013582950228,0.0,0.0,0.0,0.0,0.0,0.0,False
2014-05-20,4.538,102.8,0.015097977732172696,-0.0014580804527337676,0.0,0.0,0.0,0.0,0.0,0.0,False
2014-05-21,4.57,104.31,0.0070268185484632095,0.014581881666814844,0.0,0.0,0.0,0.0,0.0,0.0,False
2014-05-22,4.359,104.03,-0.04727053164985784,-0.0026879156050760855,0.0,0.0,0.0,0.0,0.0,0.0,False
2014-05-23,4.4,105.01,0.0093618676679601,0.00937626463509833,0.0,0.0,0.0,0.0,0.0,0.0,False
2014-05-26,4.4,,0.0,,0.0,0.0,0.0,0.0,0.0,0.0,False
2014-05-27,4.505,104.78,0.02358335013608559,,0.0,0.0,0.0,0.0,0.0,0.0,False
2014-05-28,4.56,103.37,0.012134732465993503,-0.013548129399679532,0.0,0.0,0.0,0.0,0.0,0.0,False
2014-05-29,4.559,104.26,-0.0002193222949902207,0.0085729947595663,0.0,0.0,0.0,0.0,0.0,0.0,False
2014-05-30,4.49,103.4,-0.015250599477141469,-0.008282817265631515,0.0,0.0,0.0,0.0,0.0,0.0,False
2014-06-02,4.49,103.07,0.0,-0.003196593025627692,0.0,0.0,0.0,0.0,0.0,0.0,False
2014-06-03,4.616,103.34,0.027675827451635326,0.0026161538103375293,0.0,0.0,0.0,0.0,0.0,0.0,False
2014-06-04,4.596,103.27,-0.004342169219289094,-0.0006776051757260149,0.0,0.0,0.0,0.0,0.0,0.0,False
2014-06-05,4.645,103.17,0.010605012279292447,-0.0009688045710278814,0.0,0.0,0.0,0.0,0.0,0.0,False
2014-06-06,4.666,103.32,0.004510801333436731,0.0014528551153549785,0.0,0.0,0.0,0.0,0.0,0.0,False
2014-06-09,4.645,105.09,-0.004510801333436731,0.016986157649865774,0.0,0.0,0.0,0.0,0.0,0.0,False
2014-06-10,4.507,105.02,-0.030159628557290485,-0.0006663176677923488,0.0,0.0,0.0,0.0,0.0,0.0,False
2014-06-11,4.508,105.04,0.00022185246901873512,0.00019042178482742145,0.0,0.0,0.0,0.0,0.0,0.0,False
2014-06-12,4.762,107.2,0.054814151887141005,0.02035501864216105,0.0,0.0,0.0,0.0,0.0,0.0,False
2014-06-13,4.739,107.49,-0.004841605079219713,0.0027015713482709813,0.0,0.0,0.0,0.0,0.0,0.0,False
2014-06-16,4.718,107.52,-0.004441161999967802,0.0002790567898669494,0.0,0.0,0.0,0.0,0.0,0.0,False
2014-06-17,4.709,106.95,-0.0019094097240659469,-0.00531544124642469,0.0,0.0,0.0,0.0,0.0,0.0,False
2014-06-18,4.68,106.64,-0.006177461331862144,-0.0029027596579611625,0.0,0.0,0.0,0.0,0.0,0.0,False
2014-06-19,4.67,107.08,-0.002139038248749392,0.004117542781698624,0.0,0.0,0.0,0.0,0.0,0.0,False
2014-06-20,4.552,107.95,-0.025592374856776123,0.008091938308663948,0.0,0.0,0.0,0.0,0.0,0.0,False
2014-06-23,4.457,106.83,-0.02109080285961107,-0.01042937100301966,0.0,0.0,0.0,0.0,0.0,0.0,False
2014-06-24,4.535,106.64,0.01734918960268117,-0.001780110087342912,0.0,0.0,0.0,0.0,0.0,0.0,False
2014-06-25,4.553,107.04,0.003961272785545145,0.0037439205094651484,0.0,0.0,0.0,0.0,0.0,0.0,False
2014-06-26,4.42,106.49,-0.029646660263038305,-0.005151512352626675,0.0,0.0,0.0,0.0,0.0,0.0,False
2014-06-27,4.385,106.46,-0.007950070265460463,-0.00028175628268112263,0.0,0.0,0.0,0.0,0.0,0.0,False
2014-06-30,4.461,106.07,0.017183330321981494,-0.0036700742272319786,0.0,0.0,0.0,0.0,0.0,0.0,False
2014-07-01,4.461,106.06,0.0,-9.428180839510247e-05,0.0,0.0,0.0,0.0,0.0,0.0,False
2014-07-02,4.38,105.18,-0.01832423175777298,-0.008331803547785732,0.0,0.0,0.0,0.0,0.0,0.0,False
2014-07-03,4.31,104.76,-0.0161108202726985,-0.004001148521687092,0.0,0.0,0.0,0.0,0.0,0.0,False
2014-07-07,4.221,104.19,-0.020865837315294566,-0.005455864215418771,0.0,0.0,0.0,0.0,0.0,0.0,False
2014-07-08,4.204,104.06,-0.004035613785656977,-0.001248499561934402,0.0,0.0,0.0,0.0,0.0,0.0,False
2014-07-09,4.17,102.93,-0.00812041720399459,-0.01091851032368929,0.0,0.0,0.0,0.0,0.0,0.0,False
2014-07-10,4.113,103.61,-0.013763346562422951,0.006584704725192125,0.0,0.0,0.0,0.0,0.0,0.0,False
2014-07-11,4.186,101.48,0.01759293477552082,-0.020772115532579072,0.0,0.0,0.0,0.0,0.0,0.0,False
2014-07-14,4.148,101.73,-0.009119333656527173,0.002460510074575595,0.0,0.0,0.0,0.0,0.0,0.0,False
2014-07-15,4.13,100.56,-0.004348883394339476,-0.011567680523665302,0.0,0.0,0.0,0.0,0.0,0.0,False
2014-07-16,4.116,101.88,-0.003395589001138344,0.013041085829263999,0.0,0.0,0.0,0.0,0.0,0.0,False
2014-07-17,3.966,103.84,-0.03712378787419879,0.019055602844524344,0.0,0.0,0.0,0.0,0.0,0.0,False
2014-07-18,3.951,103.83,-0.0037893186683504165,-9.630664041804238e-05,0.0,0.0,0.0,0.0,0.0,0.0,False
2014-07-21,3.872,105.34,-0.020197542014923187,0.014438267739881105,0.0,0.0,0.0,0.0,0.0,0.0,False
2014-07-22,3.847,104.59,-0.006477545644172578,-0.007145269289066114,0.0,0.0,0.0,0.0,0.0,0.0,False
2014-07-23,3.776,103.81,-0.01862837548690388,-0.007485639561022772,0.0,0.0,0.0,0.0,0.0,0.0,False
2014-07-24,3.906,102.76,0.03384858417123304,-0.010166132963471242,0.0,0.0,0.0,0.0,0.0,0.0,False
2014-07-25,3.787,105.23,-0.030939683534829454,0.02375225851103746,0.0,0.0,0.0,0.0,0.0,0.0,False
2014-07-28,3.84,105.68,0.013898217679977787,0.0042672294613490536,0.0,0.0,0.0,0.0,0.0,0.0,False
2014-07-29,3.884,104.91,0.011393183829442988,-0.007312820470675163,0.0,0.0,0.0,0.0,0.0,0.0,False
2014-07-30,3.858,104.29,-0.006716635945541061,-0.005927359610272909,0.0,0.0,0.0,0.0,0.0,0.0,False
2014-07-31,3.925,98.23,0.017217436750834203,-0.05986381244634309,0.0,0.0,0.0,0.0,0.0,0.0,False
2014-08-01,3.822,97.86,-0.026592505416290324,-0.0037737818258012368,0.0,0.0,0.0,0.0,0.0,0.0,False
2014-08-04,3.926,98.26,0.02684725003618804,0.0040791408795248785,0.0,0.0,0.0,0.0,0.0,0.0,False
2014-08-05,3.988,97.34,0.0156687562453226,-0.009407022335193638,0.0,0.0,0.0,0.0,0.0,0.0,False
2014-08-06,3.92,96.93,-0.017198198297220912,-0.004220935900791645,0.0,0.0,0.0,0.0,0.0,0.0,False
2014-08-07,3.876,97.34,-0.01128795977385133,0.004220935900791645,0.0,0.0,0.0,0.0,0.0,0.0,False
2014-08-08,4.129,97.61,0.06323155287543325,0.0027699427815655042,0.0,0.0,0.0,0.0,0.0,0.0,False
2014-08-11,4.051,98.09,-0.019071482683399532,0.00490547738935021,0.0,0.0,0.0,0.0,0.0,0.0,False
2014-08-12,4.001,97.36,-0.012419434345455338,-0.007469975896952086,0.0,0.0,0.0,0.0,0.0,0.0,False
2014-08-13,3.862,97.57,-0.03535914586877542,0.0021546204405868963,0.0,0.0,0.0,0.0,0.0,0.0,False
2014-08-14,3.906,95.54,0.011328648448164502,-0.021025061158042924,0.0,0.0,0.0,0.0,0.0,0.0,False
2014-08-15,3.8,97.3,-0.027512765722147225,0.01825398123014299,0.0,0.0,0.0,0.0,0.0,0.0,False
2014-08-18,3.828,96.44,0.007341406858367705,-0.008877935878988552,0.0,0.0,0.0,0.0,0.0,0.0,False
2014-08-19,3.877,94.35,0.01271918509808434,-0.021909781498411718,0.0,0.0,0.0,0.0,0.0,0.0,False
2014-08-20,3.823,96.4,-0.01402620397451626,0.0214949298019409,0.0,0.0,0.0,0.0,0.0,0.0,False
2014-08-21,4.001,93.97,0.04550887516082236,-0.02553061922152633,0.0,0.0,0.0,0.0,0.0,0.0,False
2014-08-22,3.883,93.61,-0.029936279125567955,-0.0038383670113200097,0.0,0.0,0.0,0.0,0.0,0.0,False
2014-08-25,3.94,95.39,0.01457267256031236,0.018836535773463225,0.0,0.0,0.0,0.0,0.0,0.0,False
2014-08-26,3.911,95.78,-0.007387627536465491,0.004080143757346555,0.0,0.0,0.0,0.0,0.0,0.0,False
2014-08-27,4.02,95.82,0.027488806857552506,0.00041753654051301936,0.0,0.0,0.0,0.0,0.0,0.0,False
2014-08-28,4.101,96.44,0.01994894377899259,0.006449621857994359,0.0,0.0,0.0,0.0,0.0,0.0,False
2014-08-29,4.197,97.86,0.023139137941531773,0.01461683254800672,0.0,0.0,0.0,0.0,0.0,0.0,False
2014-09-02,4.01,92.92,-0.045578743032976154,-0.051798977958768866,0.0,0.0,0.0,0.0,0.0,0.0,False
2014-09-03,4.05,95.5,0.009925639799970076,0.027387339584476145,0.0,0.0,0.0,0.0,0.0,0.0,False
2014-09-04,3.869,94.51,-0.04572080540007195,-0.010420598479719878,0.0,0.0,0.0,0.0,0.0,0.0,False
2014-09-05,4.014,93.32,0.03679217465577067,-0.012671201853735603,0.0,0.0,0.0,0.0,0.0,0.0,False
2014-09-08,3.876,92.64,-0.034984556345626805,-0.007313433328543617,0.0,0.0,0.0,0.0,0.0,0.0,False
2014-09-09,4.11,92.73,0.05861933447962353,0.0009710309874488843,0.0,0.0,0.0,0.0,0.0,0.0,False
2014-09-10,4.149,91.71,0.009444312842587621,-0.01106062024128196,0.0,0.0,0.0,0.0,0.0,0.0,False
2014-09-11,4.027,92.89,-0.029845659481413822,0.012784572828577367,0.0,0.0,0.0,0.0,0.0,0.0,False
2014-09-12,3.91,92.18,-0.029484307872042592,-0.007672810107067107,0.0,0.0,0.0,0.0,0.0,0.0,False
2014-09-15,3.997,92.86,0.02200670573191199,0.007349795299413486,0.0,0.0,0.0,0.0,0.0,0.0,False
2014-09-16,3.85,94.91,-0.03747093142949365,0.02183609155062438,0.0,0.0,0.0,0.0,0.0,0.0,False
2014-09-17,4.077,94.33,0.05728827553742355,-0.006129801480638797,0.0,0.0,0.0,0.0,0.0,0.0,False
2014-09-18,4.057,93.07,-0.004917639612806113,-0.01344737446414257,0.0,0.0,0.0,0.0,0.0,0.0,False
2014-09-19,4.063,92.43,0.0014778327812794423,-0.00690029692093308,0.0,0.0,0.0,0.0,0.0,0.0,False
2014-09-22,3.85,91.46,-0.05384846870589688,-0.010549883046777175,0.0,0.0,0.0,0.0,0.0,0.0,False
2014-09-23,3.869,91.55,0.004922927418683054,0.00098355289061125,0.0,0.0,0.0,0.0,0.0,0.0,False
2014-09-24,4.126,93.6,0.06431233893068433,0.02214511236302652,0.0,0.0,0.0,0.0,0.0,0.0,False
2014-09-25,4.169,93.59,0.010367784249599499,-0.00010684331438159944,0.0,0.0,0.0,0.0,0.0,0.0,False
2014-09-26,4.187,95.55,0.004308288138346716,0.020726130517116914,0.0,0.0,0.0,0.0,0.0,0.0,False
2014-09-29,4.292,94.53,0.0247683377314456,-0.010732426248988958,0.0,0.0,0.0,0.0,0.0,0.0,False
2014-09-30,4.236,,-0.013133397029291949,,0.0,0.0,0.0,0.0,0.0,0.0,False
2014-10-01,4.14,,-0.022923639901937243,,0.0,0.0,0.0,0.0,0.0,0.0,False
2014-10-02,4.0,,-0.03440142671733226,,0.0,0.0,0.0,0.0,0.0,0.0,False
2014-10-03,4.185,89.76,0.04521234282154807,,0.0,0.0,0.0,0.0,0.0,0.0,False
2014-10-06,4.055,90.33,-0.03155601637406247,0.006330189387365515,0.0,0.0,0.0,0.0,0.0,0.0,False
2014-10-07,4.134,88.89,0.01929477369220045,-0.0160699809081688,0.0,0.0,0.0,0.0,0.0,0.0,False
2014-10-08,3.951,87.29,-0.045276749830322816,-0.01816374150632516,0.0,0.0,0.0,0.0,0.0,0.0,False
2014-10-09,3.87,85.76,-0.02071420438756344,-0.017683211424766476,0.0,0.0,0.0,0.0,0.0,0.0,False
2014-10-10,3.86,85.87,-0.0025873235649509496,0.0012818273619012999,0.0,0.0,0.0,0.0,0.0,0.0,False
2014-10-13,4.072,85.73,0.05346709577148223,-0.0016317019937286403,0.0,0.0,0.0,0.0,0.0,0.0,False
2014-10-14,3.816,81.72,-0.06493152566218163,-0.04790405274124332,0.0,0.0,0.0,0.0,0.0,0.0,False
2014-10-15,3.956,81.82,0.03603066017442558,0.0012229425518315296,0.0,0.0,0.0,0.0,0.0,0.0,False
2014-10-16,3.963,82.33,0.0017679004478323712,0.0062138488090823785,0.0,0.0,0.0,0.0,0.0,0.0,False
2014-10-17,3.73,82.8,-0.06059308055257384,0.005692500080878737,0.0,0.0,0.0,0.0,0.0,0.0,False
2014-10-20,3.851,82.76,0.03192462117704764,-0.00048320851387106956,0.0,0.0,0.0,0.0,0.0,0.0,False
2014-10-21,3.881,83.25,0.0077599975539974775,0.005903275983210499,0.0,0.0,0.0,0.0,0.0,0.0,False
2014-10-22,3.823,80.52,-0.015057397672493478,-0.0333425280889621,0.0,0.0,0.0,0.0,0.0,0.0,False
2014-10-23,3.622,82.81,-0.054009095253054085,0.028043226274017563,0.0,0.0,0.0,0.0,0.0,0.0,False
2014-10-24,3.623,81.27,0.00027605245171846704,-0.018771882280494978,0.0,0.0,0.0,0.0,0.0,0.0,False
2014-10-27,3.637,81.26,0.003856754091911885,-0.0001230542055328243,0.0,0.0,0.0,0.0,0.0,0.0,False
2014-10-28,3.809,81.36,0.04620752149161511,0.001229861180723546,0.0,0.0,0.0,0.0,0.0,0.0,False
2014-10-29,3.728,82.25,-0.021494790673122433,0.010879637905176764,0.0,0.0,0.0,0.0,0.0,0.0,False
2014-10-30,3.9,81.06,0.04510465631225591,-0.014573768445318436,0.0,0.0,0.0,0.0,0.0,0.0,False
2014-10-31,3.959,80.53,0.015014914988392913,-0.00655983539270899,0.0,0.0,0.0,0.0,0.0,0.0,False
2014-11-03,3.82,78.77,-0.03574104550550983,-0.022097572092221185,0.0,0.0,0.0,0.0,0.0,0.0,False
2014-11-04,4.129,77.15,0.07778482428546929,-0.02078063490606219,0.0,0.0,0.0,0.0,0.0,0.0,False
2014-11-05,4.194,78.71,0.015619685575775089,0.020018633345188164,0.0,0.0,0.0,0.0,0.0,0.0,False
2014-11-06,3.92,77.87,-0.06756327867735701,-0.01072944256546382,0.0,0.0,0.0,0.0,0.0,0.0,False
2014-11-07,4.507,78.71,0.13954008990614009,0.01072944256546382,0.0,0.0,0.0,0.0,0.0,0.0,False
2014-11-10,4.351,77.43,-0.035226039969968204,-0.016395909755726024,0.0,0.0,0.0,0.0,0.0,0.0,False
2014-11-11,4.247,77.85,-0.02419285240740887,0.005409595881374685,0.0,0.0,0.0,0.0,0.0,0.0,False
2014-11-12,4.284,77.16,0.008674301254368189,-0.008902710242479017,0.0,0.0,0.0,0.0,0.0,0.0,False
2014-11-13,3.977,74.13,-0.07435938635994876,-0.040060879368899904,0.0,0.0,0.0,0.0,0.0,0.0,False
2014-11-14,4.05,75.91,0.01818911489289432,0.02372811936004826,0.0,0.0,0.0,0.0,0.0,0.0,False
2014-11-17,4.444,75.64,0.09283799065893561,-0.0035631842384198364,0.0,0.0,0.0,0.0,0.0,0.0,False
2014-11-18,4.256,74.55,-0.04322511973804022,-0.014515202579509001,0.0,0.0,0.0,0.0,0.0,0.0,False
2014-11-19,4.371,74.55,0.02666206384183445,0.0,0.0,0.0,0.0,0.0,0.0,0.0,False
2014-11-20,4.41,75.63,0.008882873577577,0.014382988657190232,0.0,0.0,0.0,0.0,0.0,0.0,False
2014-11-21,4.266,76.52,-0.03319806940959591,0.011699114704113889,0.0,0.0,0.0,0.0,0.0,0.0,False
2014-11-24,4.214,75.74,-0.01226430466716133,-0.010245722098402688,0.0,0.0,0.0,0.0,0.0,0.0,False
2014-11-25,4.282,74.04,0.016007874785493703,-0.022700934768352,0.0,0.0,0.0,0.0,0.0,0.0,False
2014-11-26,4.15,73.7,-0.03131185592488417,-0.00460268851000567,0.0,0.0,0.0,0.0,0.0,0.0,False
2014-11-28,4.028,65.94,-0.029838359386291202,-0.11125756155170663,0.0,0.0,0.0,0.0,0.0,0.0,False
2014-12-01,4.007,68.98,-0.005227143202308326,0.04507136986511018,0.0,0.0,0.0,0.0,0.0,0.0,False
2014-12-02,3.874,66.99,-0.033755266669203365,-0.029273252988518905,0.0,0.0,0.0,0.0,0.0,0.0,False
2014-12-03,3.761,67.3,-0.02960268549660472,0.004616882130505928,0.0,0.0,0.0,0.0,0.0,0.0,False
2014-12-04,3.661,66.73,-0.02694854535010016,-0.008505609735166786,0.0,0.0,0.0,0.0,0.0,0.0,False
2014-12-05,3.823,65.89,0.043299120576176575,-0.012667941989787046,0.0,0.0,0.0,0.0,0.0,0.0,False
2014-12-08,3.623,63.13,-0.05373304280133562,-0.04279059254619355,0.0,0.0,0.0,0.0,0.0,0.0,False
2014-12-09,3.64,63.74,0.004681269735709259,0.009616216609655837,0.0,0.0,0.0,0.0,0.0,0.0,False
2014-12-10,3.706,60.99,0.01796944621451857,-0.044102392680825275,0.0,0.0,0.0,0.0,0.0,0.0,False
2014-12-11,3.634,60.01,-0.019619157889188665,-0.01619870130694334,0.0,0.0,0.0,0.0,0.0,0.0,False
2014-12-12,3.777,57.81,0.03859607375634044,-0.037349443907037205,0.0,0.0,0.0,0.0,0.0,0.0,False
2014-12-15,3.719,55.96,-0.015475228787386719,-0.032524621297103984,0.0,0.0,0.0,0.0,0.0,0.0,False
2014-12-16,3.6,55.97,-0.0325209694808688,0.00017868310598778692,0.0,0.0,0.0,0.0,0.0,0.0,False
2014-12-17,3.724,56.43,0.03386451395275647,0.008185099077780755,0.0,0.0,0.0,0.0,0.0,0.0,False
2014-12-18,3.642,54.18,-0.022265378109404432,-0.040689095324100144,0.0,0.0,0.0,0.0,0.0,0.0,False
2014-12-19,3.458,56.91,-0.05184259404431746,0.04915923595808369,0.0,0.0,0.0,0.0,0.0,0.0,False
2014-12-22,3.18,55.25,-0.08380919046901325,-0.029602732217170136,0.0,0.0,0.0,0.0,0.0,0.0,False
2014-12-23,3.204,56.78,0.007518832414027177,0.027315810646962646,0.0,0.0,0.0,0.0,0.0,0.0,False
2014-12-24,3.072,55.7,-0.04207121392068691,-0.019204004111586848,0.0,0.0,0.0,0.0,0.0,0.0,False
2014-12-26,3.041,54.59,-0.010142406590198272,-0.020129431139571885,0.0,0.0,0.0,0.0,0.0,0.0,False
2014-12-29,3.189,53.46,0.04752097933269295,-0.020917005082893514,0.0,0.0,0.0,0.0,0.0,0.0,False
2014-12-30,3.051,54.14,-0.04423798229338782,0.01263957347538236,0.0,0.0,0.0,0.0,0.0,0.0,False
2014-12-31,2.889,53.45,-0.054558984250434595,-0.012826646715101031,0.0,0.0,0.0,0.0,0.0,0.0,False
2015-01-02,3.003,52.72,0.038701367517095075,-0.013751747276802728,0.0,0.0,0.0,0.0,0.0,0.0,False
2015-01-05,3.22,50.05,0.06976957055512378,-0.05197238443302199,0.0,0.0,0.0,0.0,0.0,0.0,False
2015-01-06,2.924,47.98,-0.09642881766878486,-0.04223824834968104,0.0,0.0,0.0,0.0,0.0,0.0,False
2015-01-07,3.08,48.69,0.05197705509795103,0.014689412783060796,0.0,0.0,0.0,0.0,0.0,0.0,False
2015-01-08,2.925,48.8,-0.051635116301663286,0.0022566426644923254,0.0,0.0,0.0,0.0,0.0,0.0,False
2015-01-09,2.947,48.35,0.007493223071737942,-0.009264090959798299,0.0,0.0,0.0,0.0,0.0,0.0,False
2015-01-12,2.795,46.06,-0.052955597148495404,-0.04852132750676397,0.0,0.0,0.0,0.0,0.0,0.0,False
2015-01-13,2.932,45.92,0.04785267741734267,-0.0030441423812281876,0.0,0.0,0.0,0.0,0.0,0.0,False
2015-01-14,3.233,48.49,0.09772571471889102,0.05445683910594967,0.0,0.0,0.0,0.0,0.0,0.0,False
2015-01-15,3.158,46.37,-0.023471582909845745,-0.04470489271389155,0.0,0.0,0.0,0.0,0.0,0.0,False
2015-01-16,3.11,48.49,-0.01531618964230752,0.04470489271389155,0.0,0.0,0.0,0.0,0.0,0.0,False
2015-01-20,2.821,46.79,-0.09753129417128359,-0.035688086239135774,0.0,0.0,0.0,0.0,0.0,0.0,False
2015-01-21,2.925,47.85,0.036203048663960624,0.02240161302083843,0.0,0.0,0.0,0.0,0.0,0.0,False
2015-01-22,2.95,45.93,0.008510689667908578,-0.04095261956126128,0.0,0.0,0.0,0.0,0.0,0.0,False
2015-01-23,2.96,45.26,0.0033840979842405527,-0.014694858132310973,0.0,0.0,0.0,0.0,0.0,0.0,False
2015-01-26,2.848,44.8,-0.03857227478623959,-0.01021550078445177,0.0,0.0,0.0,0.0,0.0,0.0,False
2015-01-27,2.913,45.84,0.022566484427568145,0.02294893298554479,0.0,0.0,0.0,0.0,0.0,0.0,False
2015-01-28,2.89,44.08,-0.007926975852956764,-0.03915090756182549,0.0,0.0,0.0,0.0,0.0,0.0,False
2015-01-29,2.715,44.12,-0.062464548738442094,0.000907029540643034,0.0,0.0,0.0,0.0,0.0,0.0,False
2015-01-30,2.714,47.79,-0.0003683919732212493,0.0799032182047652,0.0,0.0,0.0,0.0,0.0,0.0,False
2015-02-02,2.68,49.25,-0.012606766889912024,0.030092955028030666,0.0,0.0,0.0,0.0,0.0,0.0,False
2015-02-03,2.781,53.04,0.036993780729062564,0.07413697825950916,0.0,0.0,0.0,0.0,0.0,0.0,False
2015-02-04,2.662,48.45,-0.043732855278908134,-0.09051400754083172,0.0,0.0,0.0,0.0,0.0,0.0,False
2015-02-05,2.614,50.48,-0.01819610477088962,0.04104487989618244,0.0,0.0,0.0,0.0,0.0,0.0,False
2015-02-06,2.602,51.66,-0.004601235111716728,0.02310656943473699,0.0,0.0,0.0,0.0,0.0,0.0,False
2015-02-09,2.62,52.99,0.006893937682692086,0.02541942883697601,0.0,0.0,0.0,0.0,0.0,0.0,False
2015-02-10,2.67,50.06,0.018904154639152626,-0.05688093050104248,0.0,0.0,0.0,0.0,0.0,0.0,False
2015-02-11,2.797,48.8,0.04646894180766459,-0.025491973144526447,0.0,0.0,0.0,0.0,0.0,0.0,False
2015-02-12,2.819,51.17,0.007834797912152691,0.047423109957899,0.0,0.0,0.0,0.0,0.0,0.0,False
2015-02-13,2.804,52.66,-0.005335242959631836,0.02870273125116274,0.0,0.0,0.0,0.0,0.0,0.0,False
2015-02-17,2.75,53.56,-0.019446057493863744,0.016946366754808206,0.0,0.0,0.0,0.0,0.0,0.0,False
2015-02-18,2.92,52.13,0.05998270460171051,-0.027061922042956876,0.0,0.0,0.0,0.0,0.0,0.0,False
2015-02-19,2.913,51.12,-0.0024001383028928736,-0.019564788710735304,0.0,0.0,0.0,0.0,0.0,0.0,False
2015-02-20,2.951,49.95,0.012960617983504896,-0.023153304974716793,0.0,0.0,0.0,0.0,0.0,0.0,False
2015-02-23,2.924,49.56,-0.009191554073270325,-0.007838448333620907,0.0,0.0,0.0,0.0,0.0,0.0,False
2015-02-24,2.902,48.48,-0.007552387425535878,-0.022032714999882685,0.0,0.0,0.0,0.0,0.0,0.0,False
2015-02-25,2.862,50.25,-0.01387947332773698,0.03585920517812591,0.0,0.0,0.0,0.0,0.0,0.0,False
2015-02-26,2.737,47.65,-0.04465825107571719,-0.053127916838974,0.0,0.0,0.0,0.0,0.0,0.0,False
2015-02-27,2.734,49.84,-0.0010966917567842849,0.044935244378986994,0.0,0.0,0.0,0.0,0.0,0.0,False
2015-03-02,2.833,49.59,0.03557048254662187,-0.005028673978155318,0.0,0.0,0.0,0.0,0.0,0.0,False
2015-03-03,2.712,50.43,-0.043649850770230425,0.01679703558759149,0.0,0.0,0.0,0.0,0.0,0.0,False
2015-03-04,2.806,51.53,0.03407361160211997,0.02157792625149879,0.0,0.0,0.0,0.0,0.0,0.0,False
2015-03-05,3.27,50.76,0.15303000322889293,-0.015055519493945901,0.0,0.0,0.0,0.0,0.0,0.0,False
2015-03-06,2.839,49.61,-0.14133810741832797,-0.022916216533229505,0.0,0.0,0.0,0.0,0.0,0.0,False
2015-03-09,2.678,49.95,-0.05838163022185339,0.006830078781605131,0.0,0.0,0.0,0.0,0.0,0.0,False
2015-03-10,2.76,48.42,0.030160432460077713,-0.03110955358464995,0.0,0.0,0.0,0.0,0.0,0.0,False
2015-03-11,2.886,48.06,0.04464078062262078,-0.007462721201589861,0.0,0.0,0.0,0.0,0.0,0.0,False
2015-03-12,2.82,47.12,-0.023134575401656976,-0.019752690964991437,0.0,0.0,0.0,0.0,0.0,0.0,False
2015-03-13,2.727,44.88,-0.03353478108657093,-0.04870527812889058,0.0,0.0,0.0,0.0,0.0,0.0,False
2015-03-16,2.68,43.93,-0.01738530934068594,-0.02139480322675258,0.0,0.0,0.0,0.0,0.0,0.0,False
2015-03-17,2.961,43.39,0.09971025459668881,-0.01236845817742882,0.0,0.0,0.0,0.0,0.0,0.0,False
2015-03-18,2.8,44.63,-0.055907631938296065,0.02817727883091914,0.0,0.0,0.0,0.0,0.0,0.0,False
2015-03-19,2.874,44.02,0.026085370475675163,-0.013762202542862756,0.0,0.0,0.0,0.0,0.0,0.0,False
2015-03-20,2.86,46.0,-0.004883162825072063,0.043997320390779304,0.0,0.0,0.0,0.0,0.0,0.0,False
2015-03-23,2.733,47.4,-0.04542171788583027,0.029980832211935926,0.0,0.0,0.0,0.0,0.0,0.0,False
2015-03-24,2.786,47.03,0.019206968411683123,-0.007836532744074365,0.0,0.0,0.0,0.0,0.0,0.0,False
2015-03-25,2.77,48.75,-0.0057595551583669025,0.035919501486899374,0.0,0.0,0.0,0.0,0.0,0.0,False
2015-03-26,2.795,51.41,0.008984786407815193,0.05312750862355742,0.0,0.0,0.0,0.0,0.0,0.0,False
2015-03-27,2.688,48.83,-0.039034683946159165,-0.05148782799384444,0.0,0.0,0.0,0.0,0.0,0.0,False
2015-03-30,2.754,48.66,0.024256977645560007,-0.003487540718192683,0.0,0.0,0.0,0.0,0.0,0.0,False
2015-03-31,2.691,47.72,-0.02314152856169449,-0.019506740125661004,0.0,0.0,0.0,0.0,0.0,0.0,False
2015-04-01,2.714,50.12,0.008510689667908689,0.04906953279815207,0.0,0.0,0.0,0.0,0.0,0.0,False
2015-04-02,2.713,49.13,-0.0003685277358826955,-0.019950283847310235,0.0,0.0,0.0,0.0,0.0,0.0,False
2015-04-06,2.63,52.08,-0.031071187487121565,0.05831115171975654,0.0,0.0,0.0,0.0,0.0,0.0,False
2015-04-07,2.725,53.95,0.035484581925534275,0.03527669380383003,0.0,0.0,0.0,0.0,0.0,0.0,False
2015-04-08,2.619,50.44,-0.039675862589632516,-0.06727318060742515,0.0,0.0,0.0,0.0,0.0,0.0,False
2015-04-09,2.667,50.79,0.018161679674302267,0.006914973716435124,0.0,0.0,0.0,0.0,0.0,0.0,False
2015-04-10,2.58,51.63,-0.03316484626635108,0.016403414078403955,0.0,0.0,0.0,0.0,0.0,0.0,False
2015-04-13,2.629,51.95,0.018814146814218113,0.006178818653678864,0.0,0.0,0.0,0.0,0.0,0.0,False
2015-04-14,2.572,53.3,-0.02191973937237124,0.025654613626562295,0.0,0.0,0.0,0.0,0.0,0.0,False
2015-04-15,2.706,56.25,0.05078772337322335,0.053869709912730546,0.0,0.0,0.0,0.0,0.0,0.0,False
2015-04-16,2.784,56.69,0.02841721272357689,0.007791787251682614,0.0,0.0,0.0,0.0,0.0,0.0,False
2015-04-17,2.76,55.71,-0.008658062743114758,-0.017438164303487547,0.0,0.0,0.0,0.0,0.0,0.0,False
2015-04-20,2.667,56.37,-0.03427643452918128,0.011777438060759593,0.0,0.0,0.0,0.0,0.0,0.0,False
2015-04-21,2.59,55.58,-0.02929636948843084,-0.0141136777791262,0.0,0.0,0.0,0.0,0.0,0.0,False
2015-04-22,2.606,56.17,0.006158602991206963,0.010559382229983427,0.0,0.0,0.0,0.0,0.0,0.0,False
2015-04-23,2.59,56.59,-0.006158602991206963,0.007449484610090984,0.0,0.0,0.0,0.0,0.0,0.0,False
2015-04-24,2.626,55.98,0.013803900169158112,-0.010837807067124672,0.0,0.0,0.0,0.0,0.0,0.0,False
2015-04-27,2.569,55.56,-0.021945057752857933,-0.007530966201164446,0.0,0.0,0.0,0.0,0.0,0.0,False
2015-04-28,2.591,57.05,0.008527183452226472,0.026464558421941398,0.0,0.0,0.0,0.0,0.0,0.0,False
2015-04-29,2.55,58.55,-0.015950542409638224,0.025953013735641406,0.0,0.0,0.0,0.0,0.0,0.0,False
2015-04-30,2.828,59.62,0.10347638886399146,0.018109998206199407,0.0,0.0,0.0,0.0,0.0,0.0,False
2015-05-01,2.776,59.1,-0.018558705389768226,-0.008760163837872703,0.0,0.0,0.0,0.0,0.0,0.0,False
2015-05-04,2.878,58.92,0.03608456582061814,-0.003050332817623236,0.0,0.0,0.0,0.0,0.0,0.0,False
2015-05-05,2.836,60.38,-0.014700999795295155,0.02447733268426333,0.0,0.0,0.0,0.0,0.0,0.0,False
2015-05-06,2.852,60.93,0.005625893882168498,0.00906773998171051,0.0,0.0,0.0,0.0,0.0,0.0,False
2015-05-07,2.785,58.99,-0.023772629172801985,-0.03235772624541955,0.0,0.0,0.0,0.0,0.0,0.0,False
2015-05-08,2.88,59.41,0.03354242076860703,0.007094624352665946,0.0,0.0,0.0,0.0,0.0,0.0,False
2015-05-11,2.802,59.23,-0.027456846233039345,-0.0030343920787760936,0.0,0.0,0.0,0.0,0.0,0.0,False
2015-05-12,2.945,60.72,0.04977536918873482,0.024844962798501236,0.0,0.0,0.0,0.0,0.0,0.0,False
2015-05-13,2.935,60.5,-0.003401363823490211,-0.0036297680505787966,0.0,0.0,0.0,0.0,0.0,0.0,False
2015-05-14,2.87,59.89,-0.022395423508529966,-0.010133818760424518,0.0,0.0,0.0,0.0,0.0,0.0,False
2015-05-15,3.085,59.73,0.07223962758582125,-0.0026751395321564786,0.0,0.0,0.0,0.0,0.0,0.0,False
2015-05-18,3.083,59.44,-0.0006485084533376373,-0.004867006334711377,0.0,0.0,0.0,0.0,0.0,0.0,False
2015-05-19,2.991,57.3,-0.030295369256202465,-0.03666677668880958,0.0,0.0,0.0,0.0,0.0,0.0,False
2015-05-20,2.915,58.96,-0.025737959845355318,0.028558624160386792,0.0,0.0,0.0,0.0,0.0,0.0,False
2015-05-21,3.012,60.18,0.032734490135191585,0.020480823320818686,0.0,0.0,0.0,0.0,0.0,0.0,False
2015-05-22,2.934,58.88,-0.02623763021685721,-0.02183859678127842,0.0,0.0,0.0,0.0,0.0,0.0,False
2015-05-26,2.849,57.29,-0.02939862420501882,-0.027375386000134228,0.0,0.0,0.0,0.0,0.0,0.0,False
2015-05-27,2.865,57.51,0.005600294650931703,0.00383275730517596,0.0,0.0,0.0,0.0,0.0,0.0,False
2015-05-28,2.738,57.69,-0.04534062330044586,0.0031250025431353023,0.0,0.0,0.0,0.0,0.0,0.0,False
2015-05-29,2.665,60.25,-0.027023669248449234,0.0434187241019659,0.0,0.0,0.0,0.0,0.0,0.0,False
2015-06-01,2.78,60.24,0.04224687008473771,-0.00016598887912611104,0.0,0.0,0.0,0.0,0.0,0.0,False
2015-06-02,2.773,61.3,-0.0025211610689044317,0.017443259450527826,0.0,0.0,0.0,0.0,0.0,0.0,False
2015-06-03,2.65,59.67,-0.04537012663551032,-0.02695046140817503,0.0,0.0,0.0,0.0,0.0,0.0,False
2015-06-04,2.626,58.0,-0.009097864117526333,-0.028386370987571574,0.0,0.0,0.0,0.0,0.0,0.0,False
2015-06-05,2.59,59.11,-0.013803900169158112,0.01895710428985886,0.0,0.0,0.0,0.0,0.0,0.0,False
2015-06-08,2.6,58.15,0.003853569315990013,-0.016374235871604803,0.0,0.0,0.0,0.0,0.0,0.0,False
2015-06-09,2.878,60.15,0.1015841634377398,0.033815563456014885,0.0,0.0,0.0,0.0,0.0,0.0,False
2015-06-10,2.891,61.36,0.00450685456903277,0.01991671463831235,0.0,0.0,0.0,0.0,0.0,0.0,False
2015-06-11,2.869,60.74,-0.007638926034981175,-0.010155697441397216,0.0,0.0,0.0,0.0,0.0,0.0,False
2015-06-12,2.776,59.96,-0.03295249435466974,-0.012924786383206488,0.0,0.0,0.0,0.0,0.0,0.0,False
2015-06-15,2.954,59.53,0.06214914146463002,-0.0071972860690978635,0.0,0.0,0.0,0.0,0.0,0.0,False
2015-06-16,2.94,60.01,-0.004750602758597733,0.008030827836122967,0.0,0.0,0.0,0.0,0.0,0.0,False
2015-06-17,2.883,59.89,-0.01957816269432522,-0.002001668725050365,0.0,0.0,0.0,0.0,0.0,0.0,False
2015-06-18,2.812,60.41,-0.0249354447078467,0.008645107874277969,0.0,0.0,0.0,0.0,0.0,0.0,False
2015-06-19,2.81,59.62,-0.0007114906027638757,-0.013163565900724095,0.0,0.0,0.0,0.0,0.0,0.0,False
2015-06-22,2.762,60.01,-0.017229428358554122,0.006520126751496491,0.0,0.0,0.0,0.0,0.0,0.0,False
2015-06-23,2.726,61.05,-0.013119721712759436,0.01718198555529149,0.0,0.0,0.0,0.0,0.0,0.0,False
2015-06-24,2.759,60.01,0.012032961960808164,-0.01718198555529149,0.0,0.0,0.0,0.0,0.0,0.0,False
2015-06-25,2.85,59.59,0.03245069904541009,-0.007023440242534207,0.0,0.0,0.0,0.0,0.0,0.0,False
2015-06-26,2.785,59.41,-0.023071120901311692,-0.003025212391237986,0.0,0.0,0.0,0.0,0.0,0.0,False
2015-06-29,2.77,58.34,-0.005400553180000323,-0.0181745979280743,0.0,0.0,0.0,0.0,0.0,0.0,False
2015-06-30,2.832,59.48,0.022135855632226198,0.0193521571523787,0.0,0.0,0.0,0.0,0.0,0.0,False
2015-07-01,2.78,56.94,-0.018532248128927842,-0.043642039742062266,0.0,0.0,0.0,0.0,0.0,0.0,False
2015-07-02,2.837,56.93,0.020296228124168758,-0.0001756388869011971,0.0,0.0,0.0,0.0,0.0,0.0,False
2015-07-03,2.79,,-0.016705559993440033,,0.0,0.0,0.0,0.0,0.0,0.0,False
2015-07-06,2.756,52.48,-0.012261242681862239,,0.0,0.0,0.0,0.0,0.0,0.0,False
2015-07-07,2.77,52.33,0.005066967047835158,-0.0028623242517169523,0.0,0.0,0.0,0.0,0.0,0.0,False
2015-07-08,2.685,51.61,-0.03116659223841911,-0.01385436822348085,0.0,0.0,0.0,0.0,0.0,0.0,False
2015-07-09,2.738,52.76,0.01954699890542899,0.02203787568847826,0.0,0.0,0.0,0.0,0.0,0.0,False
2015-07-10,2.7,52.74,-0.01397595385597361,-0.0003791469239731171,0.0,0.0,0.0,0.0,0.0,0.0,False
2015-07-13,2.88,52.19,0.06453852113757108,-0.010483275269819181,0.0,0.0,0.0,0.0,0.0,0.0,False
2015-07-14,2.839,53.05,-0.014338416657020403,0.016343959404670372,0.0,0.0,0.0,0.0,0.0,0.0,False
2015-07-15,2.909,51.4,0.024357502022230415,-0.03159669259887243,0.0,0.0,0.0,0.0,0.0,0.0,False
2015-07-16,2.9,50.9,-0.0030986425206362966,-0.009775248904642542,0.0,0.0,0.0,0.0,0.0,0.0,False
2015-07-17,2.874,50.88,-0.009005949335594954,-0.00039300452461032975,0.0,0.0,0.0,0.0,0.0,0.0,False
2015-07-20,2.83,50.11,-0.015428076001686941,-0.015249330060233657,0.0,0.0,0.0,0.0,0.0,0.0,False
2015-07-21,2.917,50.59,0.030278979230437875,0.009533339332211899,0.0,0.0,0.0,0.0,0.0,0.0,False
2015-07-22,2.897,49.27,-0.00687997209837099,-0.02643855174797327,0.0,0.0,0.0,0.0,0.0,0.0,False
2015-07-23,2.847,48.11,-0.017409910491312797,-0.023825320844509168,0.0,0.0,0.0,0.0,0.0,0.0,False
2015-07-24,2.776,47.98,-0.025254765651342437,-0.0027057982998139885,0.0,0.0,0.0,0.0,0.0,0.0,False
2015-07-27,2.789,47.17,0.004672066000793951,-0.017026160115378275,0.0,0.0,0.0,0.0,0.0,0.0,False
2015-07-28,2.816,47.97,0.009634329650443973,0.016817718217802202,0.0,0.0,0.0,0.0,0.0,0.0,False
2015-07-29,2.886,48.77,0.024554022055883307,0.016539554207988694,0.0,0.0,0.0,0.0,0.0,0.0,False
2015-07-30,2.797,48.53,-0.031324046131856464,-0.00493320630483618,0.0,0.0,0.0,0.0,0.0,0.0,False
2015-07-31,3.042,47.11,0.0839677796172782,-0.029696870705175016,0.0,0.0,0.0,0.0,0.0,0.0,False
2015-08-03,2.888,45.25,-0.05195097280652128,-0.04028262256601467,0.0,0.0,0.0,0.0,0.0,0.0,False
2015-08-04,2.83,45.75,-0.020287509375433332,0.01098912157559484,0.0,0.0,0.0,0.0,0.0,0.0,False
2015-08-05,2.821,45.13,-0.0031852796352871415,-0.01364457788262019,0.0,0.0,0.0,0.0,0.0,0.0,False
2015-08-06,2.93,44.69,0.03791099100911688,-0.009797450893549886,0.0,0.0,0.0,0.0,0.0,0.0,False
2015-08-07,2.822,43.87,-0.03755656959835374,-0.018519047767237673,0.0,0.0,0.0,0.0,0.0,0.0,False
2015-08-10,2.868,44.94,0.01616906930675155,0.024097551579060905,0.0,0.0,0.0,0.0,0.0,0.0,False
2015-08-11,2.84,43.11,-0.009810870564259222,-0.041573277998140146,0.0,0.0,0.0,0.0,0.0,0.0,False
2015-08-12,2.956,43.22,0.04003295091284076,0.0025483623196969063,0.0,0.0,0.0,0.0,0.0,0.0,False
2015-08-13,2.787,42.27,-0.058871254586144284,-0.02222573650004156,0.0,0.0,0.0,0.0,0.0,0.0,False
2015-08-14,2.801,42.45,0.005010747778160463,0.004249298178657934,0.0,0.0,0.0,0.0,0.0,0.0,False
2015-08-17,2.728,41.93,-0.026407756296755958,-0.012325351574685062,0.0,0.0,0.0,0.0,0.0,0.0,False
2015-08-18,2.74,42.58,0.004389180418763239,0.015383098282661933,0.0,0.0,0.0,0.0,0.0,0.0,False
2015-08-19,2.77,40.75,0.010889399799268284,-0.04392881977846175,0.0,0.0,0.0,0.0,0.0,0.0,False
2015-08-20,2.77,41.0,0.0,0.006116227017436415,0.0,0.0,0.0,0.0,0.0,0.0,False
2015-08-21,2.7,40.45,-0.02559554718896373,-0.013505423199807076,0.0,0.0,0.0,0.0,0.0,0.0,False
2015-08-24,2.89,38.22,0.0680047291140573,-0.05670770469237407,0.0,0.0,0.0,0.0,0.0,0.0,False
2015-08-25,2.71,39.15,-0.06430786723273119,0.024041483624685167,0.0,0.0,0.0,0.0,0.0,0.0,False
2015-08-26,2.693,38.5,-0.00629282106214768,-0.016742181143073243,0.0,0.0,0.0,0.0,0.0,0.0,False
2015-08-27,2.664,42.47,-0.01082706115131915,0.09813970303144126,0.0,0.0,0.0,0.0,0.0,0.0,False
2015-08-28,2.939,45.29,0.09824063475863765,0.0642883132429426,0.0,0.0,0.0,0.0,0.0,0.0,False
2015-08-31,2.905,49.2,-0.011635997132905862,0.08280736593013982,0.0,0.0,0.0,0.0,0.0,0.0,False
2015-09-01,2.771,45.38,-0.04722512442303328,-0.08082214414656663,0.0,0.0,0.0,0.0,0.0,0.0,False
2015-09-02,2.72,46.3,-0.018576385572935283,0.02007048174049242,0.0,0.0,0.0,0.0,0.0,0.0,False
2015-09-03,2.934,46.75,0.07573479941288408,0.00967229464250785,0.0,0.0,0.0,0.0,0.0,0.0,False
2015-09-04,2.741,46.02,-0.06804386240014115,-0.015738171127475997,0.0,0.0,0.0,0.0,0.0,0.0,False
2015-09-07,2.67,,-0.026244344908490702,,0.0,0.0,0.0,0.0,0.0,0.0,False
2015-09-08,2.74,45.92,0.025879447987820714,,0.0,0.0,0.0,0.0,0.0,0.0,False
2015-09-09,2.74,44.13,0.0,-0.03976092872985548,0.0,0.0,0.0,0.0,0.0,0.0,False
2015-09-10,2.759,45.85,0.006910374835170208,0.03823537542101807,0.0,0.0,0.0,0.0,0.0,0.0,False
2015-09-11,2.67,44.75,-0.03278982282299092,-0.024283753981609202,0.0,0.0,0.0,0.0,0.0,0.0,False
2015-09-14,2.758,44.07,0.03242730695895191,-0.015312165866968819,0.0,0.0,0.0,0.0,0.0,0.0,False
2015-09-15,2.8,44.58,0.015113637810048042,0.01150604910382702,0.0,0.0,0.0,0.0,0.0,0.0,False
2015-09-16,2.892,47.12,0.032328887115360194,0.05541221138560859,0.0,0.0,0.0,0.0,0.0,0.0,False
2015-09-17,2.884,46.93,-0.0027700848738156925,-0.004040409537005019,0.0,0.0,0.0,0.0,0.0,0.0,False
2015-09-18,2.69,44.71,-0.06963702580895492,-0.04845993956043726,0.0,0.0,0.0,0.0,0.0,0.0,False
2015-09-21,2.907,46.67,0.07758042796299125,0.04290436971583533,0.0,0.0,0.0,0.0,0.0,0.0,False
2015-09-22,2.61,46.17,-0.10777140024213694,-0.01077132344282683,0.0,0.0,0.0,0.0,0.0,0.0,False
2015-09-23,2.569,44.53,-0.015833503206855504,-0.036167117185286646,0.0,0.0,0.0,0.0,0.0,0.0,False
2015-09-24,2.674,44.94,0.04005876055200486,0.009165147423572328,0.0,0.0,0.0,0.0,0.0,0.0,False
2015-09-25,2.564,45.55,-0.04200693962132773,0.01348235694878408,0.0,0.0,0.0,0.0,0.0,0.0,False
2015-09-28,2.563,44.4,-0.0003900916764895124,-0.02557115426778811,0.0,0.0,0.0,0.0,0.0,0.0,False
2015-09-29,2.57,45.24,0.002727451525194269,0.018742181809740632,0.0,0.0,0.0,0.0,0.0,0.0,False
2015-09-30,2.701,45.06,0.0497161759033502,-0.003986716243821409,0.0,0.0,0.0,0.0,0.0,0.0,False
2015-10-01,2.631,44.75,-0.026258072752322947,-0.006903490283233893,0.0,0.0,0.0,0.0,0.0,0.0,False
2015-10-02,2.808,45.54,0.06510848410540893,0.017499615914728928,0.0,0.0,0.0,0.0,0.0,0.0,False
2015-10-05,2.816,46.28,0.0028449521322313487,0.016118841689882313,0.0,0.0,0.0,0.0,0.0,0.0,False
2015-10-06,2.47,48.53,-0.13109928765591006,0.04747226109164915,0.0,0.0,0.0,0.0,0.0,0.0,False
2015-10-07,2.35,47.86,-0.04980282248381829,-0.013902080936897931,0.0,0.0,0.0,0.0,0.0,0.0,False
2015-10-08,2.712,49.46,0.14327104192208162,0.03288417961304324,0.0,0.0,0.0,0.0,0.0,0.0,False
2015-10-09,2.502,49.67,-0.0805959580334299,0.004236867025988911,0.0,0.0,0.0,0.0,0.0,0.0,False
2015-10-12,2.48,47.09,-0.008831851867828533,-0.053340464863795845,0.0,0.0,0.0,0.0,0.0,0.0,False
2015-10-13,2.861,46.7,0.14291265389108243,-0.008316499580611758,0.0,0.0,0.0,0.0,0.0,0.0,False
2015-10-14,2.874,46.63,0.004533573588860085,-0.001500053854622152,0.0,0.0,0.0,0.0,0.0,0.0,False
2015-10-15,2.831,46.38,-0.015074781527070646,-0.005375778992843916,0.0,0.0,0.0,0.0,0.0,0.0,False
2015-10-16,2.799,47.3,-0.011367795596446184,0.01964196367050164,0.0,0.0,0.0,0.0,0.0,0.0,False
2015-10-19,2.442,45.91,-0.1364448348448034,-0.029827337236756346,0.0,0.0,0.0,0.0,0.0,0.0,False
2015-10-20,2.671,45.84,0.0896355584393107,-0.0015258858546465248,0.0,0.0,0.0,0.0,0.0,0.0,False
2015-10-21,2.404,45.22,-0.10531891745486266,-0.013617605556660362,0.0,0.0,0.0,0.0,0.0,0.0,False
2015-10-22,2.721,44.9,0.12386544312814829,-0.007101672101615275,0.0,0.0,0.0,0.0,0.0,0.0,False
2015-10-23,2.286,43.91,-0.17419589442849048,-0.022295710174582428,0.0,0.0,0.0,0.0,0.0,0.0,False
2015-10-26,2.062,43.19,-0.1031271797778508,-0.01653309760101651,0.0,0.0,0.0,0.0,0.0,0.0,False
2015-10-27,2.551,43.21,0.21280905356490631,0.0004629629712322725,0.0,0.0,0.0,0.0,0.0,0.0,False
2015-10-28,2.461,45.93,-0.035917667750755666,0.061046548393860256,0.0,0.0,0.0,0.0,0.0,0.0,False
2015-10-29,2.423,46.02,-0.015561329574530047,0.001957586269517808,0.0,0.0,0.0,0.0,0.0,0.0,False
2015-10-30,1.98,46.6,-0.20190959712794487,0.012524456524380057,0.0,0.0,0.0,0.0,0.0,0.0,False
2015-11-02,1.92,46.12,-0.030771658666753687,-0.010353845730741718,0.0,0.0,0.0,0.0,0.0,0.0,False
2015-11-03,2.253,47.88,0.15993747541041725,0.03745118528891389,0.0,0.0,0.0,0.0,0.0,0.0,False
2015-11-04,2.262,46.32,0.003986716243821298,-0.03312404742503228,0.0,0.0,0.0,0.0,0.0,0.0,False
2015-11-05,2.364,45.27,0.04410572184992301,-0.022929271816872543,0.0,0.0,0.0,0.0,0.0,0.0,False
2015-11-06,2.371,44.32,0.002956707539416681,-0.021208519008839133,0.0,0.0,0.0,0.0,0.0,0.0,False
2015-11-09,2.479,43.87,0.0445434459697851,-0.01020532726090595,0.0,0.0,0.0,0.0,0.0,0.0,False
2015-11-10,2.14,44.23,-0.14704942401929333,0.0081725767021128,0.0,0.0,0.0,0.0,0.0,0.0,False
2015-11-11,2.13,42.95,-0.004683849312426491,-0.029366643449970642,0.0,0.0,0.0,0.0,0.0,0.0,False
2015-11-12,2.493,41.74,0.15736482482008718,-0.028576746781209916,0.0,0.0,0.0,0.0,0.0,0.0,False
2015-11-13,2.57,40.69,0.030419094365707555,-0.025477539635456292,0.0,0.0,0.0,0.0,0.0,0.0,False
2015-11-16,2.554,41.68,-0.006245141296780887,0.02403903543151298,0.0,0.0,0.0,0.0,0.0,0.0,False
2015-11-17,2.573,40.73,0.007411775689259548,-0.023056475784790198,0.0,0.0,0.0,0.0,0.0,0.0,False
2015-11-18,2.538,40.75,-0.013696164007411249,0.0004909180265504354,0.0,0.0,0.0,0.0,0.0,0.0,False
2015-11-19,2.276,40.55,-0.10895685302811142,-0.004920059125449683,0.0,0.0,0.0,0.0,0.0,0.0,False
2015-11-20,2.18,39.39,-0.04309463946308667,-0.029023803578607232,0.0,0.0,0.0,0.0,0.0,0.0,False
2015-11-23,2.343,39.27,0.07210728272466083,-0.003051108392896129,0.0,0.0,0.0,0.0,0.0,0.0,False
2015-11-24,2.392,40.89,0.020697676562726697,0.040424665786632286,0.0,0.0,0.0,0.0,0.0,0.0,False
2015-11-25,2.372,41.22,-0.008396354952906249,0.008038041085762337,0.0,0.0,0.0,0.0,0.0,0.0,False
2015-11-26,2.14,41.22,-0.10292765210171884,0.0,0.0,0.0,0.0,0.0,0.0,0.0,False
2015-11-27,2.212,40.57,0.03309125462632834,-0.015894698243957173,0.0,0.0,0.0,0.0,0.0,0.0,False
2015-11-30,2.11,40.43,-0.04720913617211342,-0.00345679356567663,0.0,0.0,0.0,0.0,0.0,0.0,False
2015-12-01,2.314,40.58,0.09228968128350978,0.0037032507449894503,0.0,0.0,0.0,0.0,0.0,0.0,False
2015-12-02,2.19,39.93,-0.055076084943075476,-0.016147413322538995,0.0,0.0,0.0,0.0,0.0,0.0,False
2015-12-03,2.232,41.08,0.01899650069065517,0.028393463985227463,0.0,0.0,0.0,0.0,0.0,0.0,False
2015-12-04,2.273,40.0,0.018202500351341633,-0.026641930946420977,0.0,0.0,0.0,0.0,0.0,0.0,False
2015-12-07,2.237,37.64,-0.015964862362413568,-0.06081213939675756,0.0,0.0,0.0,0.0,0.0,0.0,False
2015-12-08,2.127,37.46,-0.05042314628989253,-0.004793617701236208,0.0,0.0,0.0,0.0,0.0,0.0,False
2015-12-09,2.0,37.16,-0.0615653556581548,-0.008040783070304869,0.0,0.0,0.0,0.0,0.0,0.0,False
2015-12-10,2.129,36.76,0.06250520535139714,-0.010822616458151302,0.0,0.0,0.0,0.0,0.0,0.0,False
2015-12-11,1.79,35.65,-0.17343676605867875,-0.030661150627181222,0.0,0.0,0.0,0.0,0.0,0.0,False
2015-12-14,1.7,36.31,-0.051587368790493304,0.018344038565939247,0.0,0.0,0.0,0.0,0.0,0.0,False
2015-12-15,1.886,37.32,0.10382993314909528,0.027436190552898587,0.0,0.0,0.0,0.0,0.0,0.0,False
2015-12-16,1.79,35.55,-0.05224256435860197,-0.04858921972989316,0.0,0.0,0.0,0.0,0.0,0.0,False
2015-12-17,1.873,34.98,0.04532580360928773,-0.016163686658793974,0.0,0.0,0.0,0.0,0.0,0.0,False
2015-12-18,1.767,34.72,-0.05825823012439213,-0.007460579798306277,0.0,0.0,0.0,0.0,0.0,0.0,False
2015-12-21,1.987,34.55,0.11734277023212059,-0.0049083395784705885,0.0,0.0,0.0,0.0,0.0,0.0,False
2015-12-22,1.888,36.12,-0.05110789584637099,0.04443917833510547,0.0,0.0,0.0,0.0,0.0,0.0,False
2015-12-23,1.63,36.76,-0.14693805290463796,0.017563568938701923,0.0,0.0,0.0,0.0,0.0,0.0,False
2015-12-24,2.201,37.62,0.3003317877256538,0.023125526385397777,0.0,0.0,0.0,0.0,0.0,0.0,False
2015-12-25,1.63,37.6,-0.3003317877256538,-0.0005317734770353688,0.0,0.0,0.0,0.0,0.0,0.0,False
2015-12-28,2.336,36.36,0.35986005014730965,-0.033534781086570487,0.0,0.0,0.0,0.0,0.0,0.0,False
2015-12-29,2.37,37.88,0.014449890181059244,0.04095399900859942,0.0,0.0,0.0,0.0,0.0,0.0,False
2015-12-30,2.214,36.59,-0.06808912086059471,-0.034648289286762335,0.0,0.0,0.0,0.0,0.0,0.0,False
2015-12-31,2.28,37.13,0.02937460867990427,0.014650289157873253,0.0,0.0,0.0,0.0,0.0,0.0,False
2016-01-01,2.28,37.13,0.0,0.0,0.0,0.0,0.0,0.0,0.0,0.0,False
2016-01-04,2.373,36.81,0.0399795344872772,-0.008655720798058653,0.0,0.0,0.0,0.0,0.0,0.0,False
2016-01-05,2.376,35.97,0.0012634240467718216,-0.023084289683397596,0.0,0.0,0.0,0.0,0.0,0.0,False
2016-01-06,2.267,33.97,-0.04696102997500651,-0.0572074755350398,0.0,0.0,0.0,0.0,0.0,0.0,False
2016-01-07,2.382,33.29,0.04948309940771656,-0.020220730585558844,0.0,0.0,0.0,0.0,0.0,0.0,False
2016-01-08,2.534,33.2,0.06185861096583878,-0.0027071756644905243,0.0,0.0,0.0,0.0,0.0,0.0,False
2016-01-11,2.425,31.42,-0.043967557509500765,-0.05510524309496789,0.0,0.0,0.0,0.0,0.0,0.0,False
2016-01-12,2.37,30.42,-0.022941569242406645,-0.03234434599632863,0.0,0.0,0.0,0.0,0.0,0.0,False
2016-01-13,2.385,30.42,0.00630916919326463,0.0,0.0,0.0,0.0,0.0,0.0,0.0,False
2016-01-14,2.21,31.22,-0.076206608810643,0.02595862825613926,0.0,0.0,0.0,0.0,0.0,0.0,False
2016-01-15,2.127,29.45,-0.03827997931156135,-0.05836500498969022,0.0,0.0,0.0,0.0,0.0,0.0,False
2016-01-18,2.18,,0.02461234058289763,,0.0,0.0,0.0,0.0,0.0,0.0,False
2016-01-19,2.108,28.47,-0.03358524612188174,,0.0,0.0,0.0,0.0,0.0,0.0,False
2016-01-20,2.118,26.68,0.0047326165000987075,-0.06493668024252353,0.0,0.0,0.0,0.0,0.0,0.0,False
2016-01-21,2.22,29.55,0.04703494870497349,0.10216952280468439,0.0,0.0,0.0,0.0,0.0,0.0,False
2016-01-22,2.21,32.07,-0.0045146803545267344,0.08183726985295614,0.0,0.0,0.0,0.0,0.0,0.0,False
2016-01-25,2.155,30.31,-0.02520179197395045,-0.05644332263535157,0.0,0.0,0.0,0.0,0.0,0.0,False
2016-01-26,2.18,29.54,0.011534153245286727,-0.025732413966478074,0.0,0.0,0.0,0.0,0.0,0.0,False
2016-01-27,2.189,32.32,0.0041199417397281834,0.08994095654966072,0.0,0.0,0.0,0.0,0.0,0.0,False
2016-01-28,2.239,33.21,0.022584519075891873,0.027164801735760857,0.0,0.0,0.0,0.0,0.0,0.0,False
2016-01-29,2.332,33.66,0.04069693087162807,0.013459153374004718,0.0,0.0,0.0,0.0,0.0,0.0,False
2016-02-01,2.28,31.62,-0.022550825521896467,-0.06252035698133396,0.0,0.0,0.0,0.0,0.0,0.0,False
2016-02-02,2.025,29.9,-0.11860574240784694,-0.055931351384685524,0.0,0.0,0.0,0.0,0.0,0.0,False
2016-02-03,2.123,32.29,0.04726048216261669,0.07689910437354319,0.0,0.0,0.0,0.0,0.0,0.0,False
2016-02-04,2.07,31.63,-0.025281575443841464,-0.020651547452626318,0.0,0.0,0.0,0.0,0.0,0.0,False
2016-02-05,2.26,30.86,0.08781620600691675,-0.024645190382542648,0.0,0.0,0.0,0.0,0.0,0.0,False
2016-02-08,2.301,29.71,0.017978997769034444,-0.03797715746049857,0.0,0.0,0.0,0.0,0.0,0.0,False
2016-02-09,2.098,27.96,-0.09235930107912349,-0.06070877210890657,0.0,0.0,0.0,0.0,0.0,0.0,False
2016-02-10,2.046,27.54,-0.025097842444670726,-0.015135424065100711,0.0,0.0,0.0,0.0,0.0,0.0,False
2016-02-11,2.129,26.19,0.03976571838190779,-0.050261834780888304,0.0,0.0,0.0,0.0,0.0,0.0,False
2016-02-12,2.163,29.32,0.015843761059579187,0.11289221849883013,0.0,0.0,0.0,0.0,0.0,0.0,False
2016-02-15,2.08,,-0.03912825325769498,,0.0,0.0,0.0,0.0,0.0,0.0,False
2016-02-16,2.035,29.05,-0.021872074818668263,,0.0,0.0,0.0,0.0,0.0,0.0,False
2016-02-17,2.011,30.68,-0.011863708104043358,0.05459249320113502,0.0,0.0,0.0,0.0,0.0,0.0,False
2016-02-18,1.89,30.77,-0.06205528171896402,0.002929212834895001,0.0,0.0,0.0,0.0,0.0,0.0,False
2016-02-19,1.83,29.59,-0.03226086221822144,-0.03910372292183206,0.0,0.0,0.0,0.0,0.0,0.0,False
2016-02-22,1.821,31.37,-0.00493016610785868,0.05841555579046842,0.0,0.0,0.0,0.0,0.0,0.0,False
2016-02-23,1.975,31.84,0.08118259760761437,0.014871338773595255,0.0,0.0,0.0,0.0,0.0,0.0,False
2016-02-24,1.85,30.35,-0.06538275926285175,-0.04792684347067455,0.0,0.0,0.0,0.0,0.0,0.0,False
2016-02-25,1.944,31.4,0.049562066948013794,0.03401137540870014,0.0,0.0,0.0,0.0,0.0,0.0,False
2016-02-26,1.951,31.65,0.0035943556027269175,0.007930255675977715,0.0,0.0,0.0,0.0,0.0,0.0,False
2016-02-29,1.896,32.74,-0.028595657808144215,0.033859423352803564,0.0,0.0,0.0,0.0,0.0,0.0,False
2016-03-01,1.848,34.39,-0.025642430613337486,0.04916825250118606,0.0,0.0,0.0,0.0,0.0,0.0,False
2016-03-02,1.992,34.57,0.07503518594291403,0.0052204294893583025,0.0,0.0,0.0,0.0,0.0,0.0,False
2016-03-03,1.767,34.56,-0.11985596582484725,-0.00028930999767817767,0.0,0.0,0.0,0.0,0.0,0.0,False
2016-03-04,1.9,35.91,0.07257069283483542,0.03831886430213638,0.0,0.0,0.0,0.0,0.0,0.0,False
2016-03-07,1.986,37.9,0.0442686794505861,0.05393530385038936,0.0,0.0,0.0,0.0,0.0,0.0,False
2016-03-08,2.001,36.67,0.007524489978615545,-0.032992130005146336,0.0,0.0,0.0,0.0,0.0,0.0,False
2016-03-09,1.846,37.62,-0.0806259195209359,0.025576841789649585,0.0,0.0,0.0,0.0,0.0,0.0,False
2016-03-10,1.989,37.77,0.07461086379117476,0.0039793128514813425,0.0,0.0,0.0,0.0,0.0,0.0,False
2016-03-11,2.121,38.51,0.06425567571071022,0.019402811102452233,0.0,0.0,0.0,0.0,0.0,0.0,False
2016-03-14,2.024,37.2,-0.04681192415732627,-0.0346091865477165,0.0,0.0,0.0,0.0,0.0,0.0,False
2016-03-15,1.945,36.32,-0.039813774354809484,-0.023940207546008452,0.0,0.0,0.0,0.0,0.0,0.0,False
2016-03-16,2.065,38.43,0.05986824934258639,0.05646985084365985,0.0,0.0,0.0,0.0,0.0,0.0,False
2016-03-17,1.84,40.17,-0.11536465479210178,0.04428204379443823,0.0,0.0,0.0,0.0,0.0,0.0,False
2016-03-18,1.989,39.47,0.07786642825094092,-0.017579558696434905,0.0,0.0,0.0,0.0,0.0,0.0,False
2016-03-21,1.79,39.91,-0.10541638001917153,0.01108602938588632,0.0,0.0,0.0,0.0,0.0,0.0,False
2016-03-22,1.937,41.45,0.07892476457219522,0.03786096252066162,0.0,0.0,0.0,0.0,0.0,0.0,False
2016-03-23,1.794,38.28,-0.07669262078825445,-0.07956031499655047,0.0,0.0,0.0,0.0,0.0,0.0,False
2016-03-24,1.78,38.14,-0.007834399332610653,-0.003663966412480235,0.0,0.0,0.0,0.0,0.0,0.0,False
2016-03-25,1.78,,0.0,,0.0,0.0,0.0,0.0,0.0,0.0,False
2016-03-28,1.848,37.99,0.03749060891549871,,0.0,0.0,0.0,0.0,0.0,0.0,False
2016-03-29,1.77,36.91,-0.04312442663375471,-0.028840450157627373,0.0,0.0,0.0,0.0,0.0,0.0,False
2016-03-30,2.11,36.91,0.17570840090223727,0.0,0.0,0.0,0.0,0.0,0.0,0.0,False
2016-03-31,2.153,36.94,0.020174270894250945,0.0008124577291868107,0.0,0.0,0.0,0.0,0.0,0.0,False
2016-04-01,2.052,35.36,-0.04804729107370287,-0.043713737001651154,0.0,0.0,0.0,0.0,0.0,0.0,False
2016-04-04,2.09,34.3,0.01834913866819643,-0.030435883597548674,0.0,0.0,0.0,0.0,0.0,0.0,False
2016-04-05,1.954,34.52,-0.06728551235612856,0.0063935120433331605,0.0,0.0,0.0,0.0,0.0,0.0,False
2016-04-06,2.004,37.74,0.025266629602027302,0.08918167372517694,0.0,0.0,0.0,0.0,0.0,0.0,False
2016-04-07,2.194,37.3,0.09058117863042014,-0.01172721329063453,0.0,0.0,0.0,0.0,0.0,0.0,False
2016-04-08,2.234,39.74,0.01806733879397049,0.06336491047390114,0.0,0.0,0.0,0.0,0.0,0.0,False
2016-04-11,1.9,40.46,-0.16193981447461425,0.01795559461592866,0.0,0.0,0.0,0.0,0.0,0.0,False
2016-04-12,2.004,42.12,0.05329129705022362,0.04020885552617548,0.0,0.0,0.0,0.0,0.0,0.0,False
2016-04-13,2.036,41.7,0.015841915465658052,-0.01002155846101882,0.0,0.0,0.0,0.0,0.0,0.0,False
2016-04-14,2.063,41.45,0.01317413540083845,-0.0060132472234522005,0.0,0.0,0.0,0.0,0.0,0.0,False
2016-04-15,1.71,40.4,-0.18766786357454635,-0.025658096614199266,0.0,0.0,0.0,0.0,0.0,0.0,False
2016-04-18,2.154,39.74,0.23083320821962827,-0.016471547843433854,0.0,0.0,0.0,0.0,0.0,0.0,False
2016-04-19,2.188,40.88,0.015661305825538152,0.02828270877177852,0.0,0.0,0.0,0.0,0.0,0.0,False
2016-04-20,1.94,42.72,-0.12029991148449815,0.044026248756490194,0.0,0.0,0.0,0.0,0.0,0.0,False
2016-04-21,2.387,43.18,0.20734937428145628,0.010710230434721968,0.0,0.0,0.0,0.0,0.0,0.0,False
2016-04-22,2.267,42.76,-0.05157997583130114,-0.009774338929816828,0.0,0.0,0.0,0.0,0.0,0.0,False
2016-04-25,2.311,41.67,0.019222959766851733,-0.025821640722482275,0.0,0.0,0.0,0.0,0.0,0.0,False
2016-04-26,2.032,42.52,-0.1286598015760081,0.0201931080393849,0.0,0.0,0.0,0.0,0.0,0.0,False
2016-04-27,2.393,45.29,0.16352727921000065,0.06311170409437539,0.0,0.0,0.0,0.0,0.0,0.0,False
2016-04-28,2.253,46.03,-0.060285147476128786,0.016207100261027563,0.0,0.0,0.0,0.0,0.0,0.0,False
2016-04-29,2.322,45.98,0.030166221825592365,-0.001086838494114506,0.0,0.0,0.0,0.0,0.0,0.0,False
2016-05-02,2.37,44.75,0.020461071871340053,-0.027115074614171064,0.0,0.0,0.0,0.0,0.0,0.0,False
2016-05-03,2.397,43.65,0.01132800030520742,-0.02488816243525349,0.0,0.0,0.0,0.0,0.0,0.0,False
2016-05-04,2.03,43.77,-0.16618216239855133,0.002745368917192792,0.0,0.0,0.0,0.0,0.0,0.0,False
2016-05-05,2.076,44.33,0.022407172249946372,0.012712997554158445,0.0,0.0,0.0,0.0,0.0,0.0,False
2016-05-06,1.86,44.58,-0.1098664775785323,0.005623679200760456,0.0,0.0,0.0,0.0,0.0,0.0,False
2016-05-09,2.098,43.45,0.12040802224899538,-0.025674476246321465,0.0,0.0,0.0,0.0,0.0,0.0,False
2016-05-10,2.01,44.68,-0.042849787903121106,0.0279151224895986,0.0,0.0,0.0,0.0,0.0,0.0,False
2016-05-11,2.407,46.21,0.18024643672995067,0.03367025068117524,0.0,0.0,0.0,0.0,0.0,0.0,False
2016-05-12,2.412,46.64,0.00207512006400401,0.009262317160061873,0.0,0.0,0.0,0.0,0.0,0.0,False
2016-05-13,1.96,46.22,-0.20751180562251315,-0.009045937196002551,0.0,0.0,0.0,0.0,0.0,0.0,False
2016-05-16,2.029,47.72,0.034598587601251896,0.03193799238348083,0.0,0.0,0.0,0.0,0.0,0.0,False
2016-05-17,2.185,48.29,0.07407276770387583,0.011873902655735069,0.0,0.0,0.0,0.0,0.0,0.0,False
2016-05-18,2.001,48.12,-0.08796877294595717,-0.0035266087789724843,0.0,0.0,0.0,0.0,0.0,0.0,False
2016-05-19,2.195,48.16,0.0925349909255383,0.0008309098940877391,0.0,0.0,0.0,0.0,0.0,0.0,False
2016-05-20,2.329,47.67,0.05925694437506934,-0.010226531783831483,0.0,0.0,0.0,0.0,0.0,0.0,False
2016-05-23,2.055,48.12,-0.125163142954006,0.009395621889743744,0.0,0.0,0.0,0.0,0.0,0.0,False
2016-05-24,1.98,48.04,-0.03717900324175416,-0.0016638938946949011,0.0,0.0,0.0,0.0,0.0,0.0,False
2016-05-25,2.281,49.1,0.1415170985958072,0.02182503758869192,0.0,0.0,0.0,0.0,0.0,0.0,False
2016-05-26,1.963,49.0,-0.15014002800792692,-0.0020387366898484416,0.0,0.0,0.0,0.0,0.0,0.0,False
2016-05-27,2.169,49.36,0.09979231655041321,0.0073200814865059805,0.0,0.0,0.0,0.0,0.0,0.0,False
2016-05-30,1.77,,-0.2032866852589995,,0.0,0.0,0.0,0.0,0.0,0.0,False
2016-05-31,2.288,49.1,0.2566985269318136,,0.0,0.0,0.0,0.0,0.0,0.0,False
2016-06-01,2.453,49.07,0.06963369175880074,-0.0006111846986627256,0.0,0.0,0.0,0.0,0.0,0.0,False
2016-06-02,2.3,49.14,-0.06440264234124826,0.0014255169912207322,0.0,0.0,0.0,0.0,0.0,0.0,False
2016-06-03,2.595,48.69,0.1206773936827481,-0.009199696898423593,0.0,0.0,0.0,0.0,0.0,0.0,False
2016-06-06,2.537,49.71,-0.022604236000707156,0.020732449911971873,0.0,0.0,0.0,0.0,0.0,0.0,False
2016-06-07,2.474,50.37,-0.02514600664684863,0.01318963965097808,0.0,0.0,0.0,0.0,0.0,0.0,False
2016-06-08,2.36,51.23,-0.047174654932777504,0.016929538193551696,0.0,0.0,0.0,0.0,0.0,0.0,False
2016-06-09,2.69,50.52,0.130879574576229,-0.013956000468820395,0.0,0.0,0.0,0.0,0.0,0.0,False
2016-06-10,2.556,49.09,-0.05109765709845926,-0.02871394941232941,0.0,0.0,0.0,0.0,0.0,0.0,False
2016-06-13,2.682,48.89,0.04811924834419834,-0.0040824714794069905,0.0,0.0,0.0,0.0,0.0,0.0,False
2016-06-14,2.666,48.49,-0.00598356310296988,-0.00821528547329331,0.0,0.0,0.0,0.0,0.0,0.0,False
2016-06-15,2.652,47.92,-0.005265149432900795,-0.011824637310066777,0.0,0.0,0.0,0.0,0.0,0.0,False
2016-06-16,2.652,46.14,0.0,-0.03785270106158656,0.0,0.0,0.0,0.0,0.0,0.0,False
2016-06-17,2.623,48.0,-0.010995371438879409,0.03952075816228362,0.0,0.0,0.0,0.0,0.0,0.0,False
2016-06-20,2.843,49.4,0.08054113178412603,0.028749413285985792,0.0,0.0,0.0,0.0,0.0,0.0,False
2016-06-21,2.856,48.95,0.004562211808475158,-0.009151055217357484,0.0,0.0,0.0,0.0,0.0,0.0,False
2016-06-22,2.724,49.16,-0.047320656190071864,0.004280915721314393,0.0,0.0,0.0,0.0,0.0,0.0,False
2016-06-23,2.795,49.34,0.025730718319796342,0.0036548264033768874,0.0,0.0,0.0,0.0,0.0,0.0,False
2016-06-24,2.662,46.7,-0.048754386634142555,-0.054990946426359155,0.0,0.0,0.0,0.0,0.0,0.0,False
2016-06-27,2.741,45.8,0.029245097347729065,-0.019460073554712576,0.0,0.0,0.0,0.0,0.0,0.0,False
2016-06-28,2.927,47.93,0.06565519038909984,0.04545752205140108,0.0,0.0,0.0,0.0,0.0,0.0,False
2016-06-29,2.863,49.85,-0.02210798159377081,0.03927688323630729,0.0,0.0,0.0,0.0,0.0,0.0,False
2016-06-30,2.924,48.27,0.021082515771554178,-0.032208246735445645,0.0,0.0,0.0,0.0,0.0,0.0,False
2016-07-01,2.981,49.02,0.01930627280840236,0.015418128427564959,0.0,0.0,0.0,0.0,0.0,0.0,False
2016-07-04,2.89,,-0.031002312571593693,,0.0,0.0,0.0,0.0,0.0,0.0,False
2016-07-05,2.82,46.73,-0.024519617174318498,,0.0,0.0,0.0,0.0,0.0,0.0,False
2016-07-06,2.786,47.37,-0.012130009592408175,0.013602760223325294,0.0,0.0,0.0,0.0,0.0,0.0,False
2016-07-07,2.802,45.22,0.005726572557201104,-0.046449650085836236,0.0,0.0,0.0,0.0,0.0,0.0,False
2016-07-08,2.8,45.37,-0.0007140307336570562,0.003311626826048464,0.0,0.0,0.0,0.0,0.0,0.0,False
2016-07-11,2.88,44.73,0.0281708769666964,-0.014206676231115711,0.0,0.0,0.0,0.0,0.0,0.0,False
2016-07-12,2.7,46.82,-0.06453852113757108,0.04566604461800816,0.0,0.0,0.0,0.0,0.0,0.0,False
2016-07-13,2.707,44.87,0.00258923762188068,-0.04254104207487286,0.0,0.0,0.0,0.0,0.0,0.0,False
2016-07-14,2.749,45.64,0.01539619855094465,0.0170151050059828,0.0,0.0,0.0,0.0,0.0,0.0,False
2016-07-15,2.728,45.93,-0.007668469201893124,0.006333973343827459,0.0,0.0,0.0,0.0,0.0,0.0,False
2016-07-18,2.924,45.23,0.06938380190631643,-0.015357914847950571,0.0,0.0,0.0,0.0,0.0,0.0,False
2016-07-19,2.728,44.64,-0.06938380190631643,-0.01313026541669604,0.0,0.0,0.0,0.0,0.0,0.0,False
2016-07-20,2.76,44.96,0.011661939747842798,0.007142887512380014,0.0,0.0,0.0,0.0,0.0,0.0,False
2016-07-21,2.76,43.96,0.0,-0.02249307605001505,0.0,0.0,0.0,0.0,0.0,0.0,False
2016-07-22,2.743,43.41,-0.006178467773592322,-0.012590300223918494,0.0,0.0,0.0,0.0,0.0,0.0,False
2016-07-25,2.935,42.4,0.06765524132459366,-0.02354146707358984,0.0,0.0,0.0,0.0,0.0,0.0,False
2016-07-26,2.909,42.16,-0.008898073766995251,-0.005676458004805429,0.0,0.0,0.0,0.0,0.0,0.0,False
2016-07-27,2.897,41.9,-0.004133660725851307,-0.006186077305014859,0.0,0.0,0.0,0.0,0.0,0.0,False
2016-07-28,3.287,41.13,0.12629957589486906,-0.018548044685759102,0.0,0.0,0.0,0.0,0.0,0.0,False
2016-07-29,2.876,41.54,-0.13357485482328202,0.00991903620563317,0.0,0.0,0.0,0.0,0.0,0.0,False
2016-08-01,2.771,40.05,-0.03719217397795904,-0.036528144933597684,0.0,0.0,0.0,0.0,0.0,0.0,False
2016-08-02,2.783,39.5,0.004321216662912519,-0.01382800160729225,0.0,0.0,0.0,0.0,0.0,0.0,False
2016-08-03,2.881,40.8,0.03460797355863754,0.032381409503039915,0.0,0.0,0.0,0.0,0.0,0.0,False
2016-08-04,3.267,41.92,0.1257346765165417,0.02708095860267079,0.0,0.0,0.0,0.0,0.0,0.0,False
2016-08-05,3.217,41.83,-0.015422884362043643,-0.0021492545586796474,0.0,0.0,0.0,0.0,0.0,0.0,False
2016-08-08,2.85,43.06,-0.12113025397633015,0.02898070648210993,0.0,0.0,0.0,0.0,0.0,0.0,False
2016-08-09,2.85,42.78,0.0,-0.006523788281957543,0.0,0.0,0.0,0.0,0.0,0.0,False
2016-08-10,3.059,41.75,0.07076907088820716,-0.0243712523573949,0.0,0.0,0.0,0.0,0.0,0.0,False
2016-08-11,2.607,43.51,-0.15988793021740155,0.041291345435724214,0.0,0.0,0.0,0.0,0.0,0.0,False
2016-08-12,2.7,44.47,0.035051638058918644,0.021824007790016253,0.0,0.0,0.0,0.0,0.0,0.0,False
2016-08-15,2.75,45.72,0.01834913866819643,0.02772103440400464,0.0,0.0,0.0,0.0,0.0,0.0,False
2016-08-16,2.617,46.57,-0.0495722881304711,0.01842071806767631,0.0,0.0,0.0,0.0,0.0,0.0,False
2016-08-17,2.619,46.81,0.0007639419775661294,0.005140298317693137,0.0,0.0,0.0,0.0,0.0,0.0,False
2016-08-18,2.712,48.2,0.03489380455257429,0.02926216574457552,0.0,0.0,0.0,0.0,0.0,0.0,False
2016-08-19,2.619,48.48,-0.03489380455257429,0.005792320704504306,0.0,0.0,0.0,0.0,0.0,0.0,False
2016-08-22,2.75,46.8,0.04880834615290497,-0.03526813883745783,0.0,0.0,0.0,0.0,0.0,0.0,False
2016-08-23,2.75,47.54,0.0,0.015688259008446614,0.0,0.0,0.0,0.0,0.0,0.0,False
2016-08-24,3.174,46.29,0.1433917104257374,-0.026645506888868464,0.0,0.0,0.0,0.0,0.0,0.0,False
2016-08-25,3.212,46.97,0.011901173980298108,0.014583144995724329,0.0,0.0,0.0,0.0,0.0,0.0,False
2016-08-26,3.03,47.64,-0.05833117656323772,0.014163644448195623,0.0,0.0,0.0,0.0,0.0,0.0,False
2016-08-29,2.853,46.97,-0.060191547289914604,-0.014163644448195623,0.0,0.0,0.0,0.0,0.0,0.0,False
2016-08-30,3.278,46.32,0.13886240809027495,-0.01393526677416368,0.0,0.0,0.0,0.0,0.0,0.0,False
2016-08-31,3.326,44.68,0.014536900449098056,-0.036047859063740084,0.0,0.0,0.0,0.0,0.0,0.0,False
2016-09-01,2.95,43.17,-0.11996521041900765,-0.03438016463361393,0.0,0.0,0.0,0.0,0.0,0.0,False
2016-09-02,2.898,44.39,-0.017784326453237798,0.027868409278557937,0.0,0.0,0.0,0.0,0.0,0.0,False
2016-09-05,2.88,44.39,-0.006230549750636083,0.0,0.0,0.0,0.0,0.0,0.0,0.0,False
2016-09-06,3.187,44.85,0.1012897412873448,0.0103093696588612,0.0,0.0,0.0,0.0,0.0,0.0,False
2016-09-07,2.676,45.47,-0.17475689316921728,0.01372917933211415,0.0,0.0,0.0,0.0,0.0,0.0,False
2016-09-08,2.917,47.63,0.08623254861960217,0.04641004697584972,0.0,0.0,0.0,0.0,0.0,0.0,False
2016-09-09,2.93,45.88,0.004446732143391863,-0.03743352255159893,0.0,0.0,0.0,0.0,0.0,0.0,False
2016-09-12,3.04,46.28,0.03685509238915419,0.00868061006430576,0.0,0.0,0.0,0.0,0.0,0.0,False
2016-09-13,3.04,44.91,0.0,-0.030049415225829268,0.0,0.0,0.0,0.0,0.0,0.0,False
2016-09-14,3.07,43.62,0.009820046180975428,-0.029144726326163717,0.0,0.0,0.0,0.0,0.0,0.0,False
2016-09-15,2.98,43.85,-0.029754261081792688,0.005258958044709328,0.0,0.0,0.0,0.0,0.0,0.0,False
2016-09-16,3.211,43.04,0.07465911459006391,-0.01864480296466331,0.0,0.0,0.0,0.0,0.0,0.0,False
2016-09-19,2.934,43.34,-0.09021573538658689,0.00694608025468435,0.0,0.0,0.0,0.0,0.0,0.0,False
2016-09-20,3.41,43.85,0.15034561157463533,0.01169872270997896,0.0,0.0,0.0,0.0,0.0,0.0,False
2016-09-21,3.057,45.33,-0.10927824838672784,0.033194346134565844,0.0,0.0,0.0,0.0,0.0,0.0,False
2016-09-22,3.18,46.1,0.03944715388338804,0.016843885049844687,0.0,0.0,0.0,0.0,0.0,0.0,False
2016-09-23,3.06,44.36,-0.03846628082779624,-0.038474787520436315,0.0,0.0,0.0,0.0,0.0,0.0,False
2016-09-26,3.055,45.6,-0.0016353233407306877,0.027569554038174182,0.0,0.0,0.0,0.0,0.0,0.0,False
2016-09-27,3.242,44.65,0.0594108306899257,-0.021053409197832718,0.0,0.0,0.0,0.0,0.0,0.0,False
2016-09-28,3.327,47.07,0.02588057372285535,0.05278154809054314,0.0,0.0,0.0,0.0,0.0,0.0,False
2016-09-29,3.292,47.72,-0.010575714221516375,0.013714741816664322,0.0,0.0,0.0,0.0,0.0,0.0,False
2016-09-30,2.906,47.72,-0.12471771766673201,0.0,0.0,0.0,0.0,0.0,0.0,0.0,False
2016-10-03,3.306,48.8,0.12896143425074125,0.022379715629386343,0.0,0.0,0.0,0.0,0.0,0.0,False
2016-10-04,2.964,48.67,-0.109199291964992,-0.0026674890137385887,0.0,0.0,0.0,0.0,0.0,0.0,False
2016-10-05,3.041,49.75,0.025646701261387017,0.021947639759238857,0.0,0.0,0.0,0.0,0.0,0.0,False
2016-10-06,3.41,50.44,0.1145258826001978,0.013774047492116637,0.0,0.0,0.0,0.0,0.0,0.0,False
2016-10-07,3.519,49.76,0.031464567044022784,-0.013573062665794389,0.0,0.0,0.0,0.0,0.0,0.0,False
2016-10-10,3.18,49.76,-0.10129566154736258,0.0,0.0,0.0,0.0,0.0,0.0,0.0,False
2016-10-11,3.429,50.72,0.07538747668869772,0.019108861698046375,0.0,0.0,0.0,0.0,0.0,0.0,False
2016-10-12,3.41,50.14,-0.005556382185357922,-0.011501217398823371,0.0,0.0,0.0,0.0,0.0,0.0,False
2016-10-13,3.16,50.47,-0.07614026369660465,0.0065600076220238,0.0,0.0,0.0,0.0,0.0,0.0,False
2016-10-14,3.285,50.35,0.03879462433775327,-0.0023804811875995924,0.0,0.0,0.0,0.0,0.0,0.0,False
2016-10-17,3.21,49.97,-0.023095714794649558,-0.0075757938084577425,0.0,0.0,0.0,0.0,0.0,0.0,False
2016-10-18,3.263,50.3,0.016376080469259202,0.006582251749579715,0.0,0.0,0.0,0.0,0.0,0.0,False
2016-10-19,3.434,51.59,0.051078744864100134,0.025322778150865144,0.0,0.0,0.0,0.0,0.0,0.0,False
2016-10-20,3.141,50.31,-0.08918454191877423,-0.02512399075333116,0.0,0.0,0.0,0.0,0.0,0.0,False
2016-10-21,2.92,50.61,-0.07295760427631914,0.0059453207227591065,0.0,0.0,0.0,0.0,0.0,0.0,False
2016-10-24,3.319,50.18,0.12807991645764716,-0.008532644287710056,0.0,0.0,0.0,0.0,0.0,0.0,False
2016-10-25,3.331,49.45,0.0036090264737049793,-0.014654482869555174,0.0,0.0,0.0,0.0,0.0,0.0,False
2016-10-26,2.69,48.75,-0.21373136559779482,-0.014256860624865197,0.0,0.0,0.0,0.0,0.0,0.0,False
2016-10-27,3.068,49.71,0.13148468989126205,0.019500922662725184,0.0,0.0,0.0,0.0,0.0,0.0,False
2016-10-28,3.284,48.72,0.06803630808517203,-0.020116496704939646,0.0,0.0,0.0,0.0,0.0,0.0,False
2016-10-31,3.026,46.83,-0.08182057622401762,-0.03956560020619104,0.0,0.0,0.0,0.0,0.0,0.0,False
2016-11-01,3.078,46.66,0.017038420050523362,-0.0036367566021664466,0.0,0.0,0.0,0.0,0.0,0.0,False
2016-11-02,2.992,45.32,-0.02833797530445681,-0.029138830433478535,0.0,0.0,0.0,0.0,0.0,0.0,False
2016-11-03,2.949,44.66,-0.014475930279091553,-0.01467018974779366,0.0,0.0,0.0,0.0,0.0,0.0,False
2016-11-04,2.937,44.07,-0.004077477616656111,-0.013298967558116104,0.0,0.0,0.0,0.0,0.0,0.0,False
2016-11-07,2.978,44.88,0.013863282045334158,0.018212982360545027,0.0,0.0,0.0,0.0,0.0,0.0,False
2016-11-08,2.633,44.96,-0.1231280537476449,0.0017809443709948525,0.0,0.0,0.0,0.0,0.0,0.0,False
2016-11-09,2.69,45.2,0.021417313099575397,0.005323881252750073,0.0,0.0,0.0,0.0,0.0,0.0,False
2016-11-10,2.86,44.62,0.06128043121801352,-0.012914897833799177,0.0,0.0,0.0,0.0,0.0,0.0,False
2016-11-11,2.08,43.39,-0.3184537311185346,-0.027953189194127148,0.0,0.0,0.0,0.0,0.0,0.0,False
2016-11-14,2.974,43.29,0.35753995432473673,-0.002307338356370092,0.0,0.0,0.0,0.0,0.0,0.0,False
2016-11-15,2.49,45.86,-0.177625137561347,0.057671615975869006,0.0,0.0,0.0,0.0,0.0,0.0,False
2016-11-16,2.49,45.56,0.0,-0.006563138850776973,0.0,0.0,0.0,0.0,0.0,0.0,False
2016-11-17,2.37,45.37,-0.04939275532957654,-0.004179044903108942,0.0,0.0,0.0,0.0,0.0,0.0,False
2016-11-18,3.014,45.69,0.24037814505726385,0.007028361899307889,0.0,0.0,0.0,0.0,0.0,0.0,False
2016-11-21,2.95,47.48,-0.021462929852575252,0.038429114166286915,0.0,0.0,0.0,0.0,0.0,0.0,False
2016-11-22,2.73,48.07,-0.07750356115486001,0.01234971216440206,0.0,0.0,0.0,0.0,0.0,0.0,False
2016-11-23,2.76,46.72,0.010929070532190055,-0.028485943385897716,0.0,0.0,0.0,0.0,0.0,0.0,False
2016-11-24,2.76,,0.0,,0.0,0.0,0.0,0.0,0.0,0.0,False
2016-11-25,2.76,46.72,0.0,,0.0,0.0,0.0,0.0,0.0,0.0,False
2016-11-28,3.328,45.66,0.18714084322990376,-0.022949697418322312,0.0,0.0,0.0,0.0,0.0,0.0,False
2016-11-29,3.233,45.29,-0.028961024215666153,-0.008136383533526637,0.0,0.0,0.0,0.0,0.0,0.0,False
2016-11-30,3.23,49.41,-0.0009283615087309904,0.0870665752895361,0.0,0.0,0.0,0.0,0.0,0.0,False
2016-12-01,3.319,51.08,0.027181395503272476,0.03324019830667968,0.0,0.0,0.0,0.0,0.0,0.0,False
2016-12-02,3.44,51.7,0.03580793864746945,0.012064750350045284,0.0,0.0,0.0,0.0,0.0,0.0,False
2016-12-05,3.654,51.72,0.06035098657050786,0.00038677238927320445,0.0,0.0,0.0,0.0,0.0,0.0,False
2016-12-06,3.404,50.95,-0.07087124724468707,-0.014999794234923147,0.0,0.0,0.0,0.0,0.0,0.0,False
2016-12-07,3.589,49.85,0.05292240145434235,-0.021826263260886325,0.0,0.0,0.0,0.0,0.0,0.0,False
2016-12-08,3.631,50.84,0.01163448026672853,0.019664949913405838,0.0,0.0,0.0,0.0,0.0,0.0,False
2016-12-09,3.453,51.51,-0.050264674024343314,0.013092517256240388,0.0,0.0,0.0,0.0,0.0,0.0,False
2016-12-12,3.507,52.74,0.015517552750185848,0.02359821734764722,0.0,0.0,0.0,0.0,0.0,0.0,False
2016-12-13,3.351,52.99,-0.04550216240286775,0.00472903557952975,0.0,0.0,0.0,0.0,0.0,0.0,False
2016-12-14,3.558,51.01,0.05993978048846982,-0.0380815245698356,0.0,0.0,0.0,0.0,0.0,0.0,False
2016-12-15,3.56,50.9,0.0005619556202958176,-0.0021587683783579337,0.0,0.0,0.0,0.0,0.0,0.0,False
2016-12-16,3.449,51.93,-0.031676210909235225,0.020033734299750527,0.0,0.0,0.0,0.0,0.0,0.0,False
2016-12-19,3.431,52.13,-0.005232570078391285,0.003843940923787148,0.0,0.0,0.0,0.0,0.0,0.0,False
2016-12-20,3.216,52.22,-0.06471341255959251,0.0017249644909682615,0.0,0.0,0.0,0.0,0.0,0.0,False
2016-12-21,3.5,51.44,0.084624617178648,-0.015049483341619041,0.0,0.0,0.0,0.0,0.0,0.0,False
2016-12-22,3.538,51.98,0.010798627242225356,0.010442949283980152,0.0,0.0,0.0,0.0,0.0,0.0,False
2016-12-23,3.662,52.01,0.03444785051472543,0.0005769785716371878,0.0,0.0,0.0,0.0,0.0,0.0,False
2016-12-26,3.6,,-0.017075600790254608,,0.0,0.0,0.0,0.0,0.0,0.0,False
2016-12-27,3.766,52.82,0.04507958477289642,,0.0,0.0,0.0,0.0,0.0,0.0,False
2016-12-28,3.93,54.01,0.04262599564620917,0.022279307735813436,0.0,0.0,0.0,0.0,0.0,0.0,False
2016-12-29,3.605,53.8,-0.08631765514425749,-0.0038957474370611145,0.0,0.0,0.0,0.0,0.0,0.0,False
2016-12-30,3.566,53.75,-0.01087725129596362,-0.0009298001599664651,0.0,0.0,0.0,0.0,0.0,0.0,False
2017-01-02,3.71,,0.03958735717839512,,0.0,0.0,0.0,0.0,0.0,0.0,False
2017-01-03,3.327,52.36,-0.10896087958300416,,0.0,0.0,0.0,0.0,0.0,0.0,False
2017-01-04,3.209,53.26,-0.036111634908619905,0.017042639344087007,0.0,0.0,0.0,0.0,0.0,0.0,False
2017-01-05,3.268,53.77,0.018218814870036626,0.00953011043580032,0.0,0.0,0.0,0.0,0.0,0.0,False
2017-01-06,3.256,53.98,-0.0036787288574626764,0.003897916768271781,0.0,0.0,0.0,0.0,0.0,0.0,False
2017-01-09,3.113,51.95,-0.04491255668082261,-0.0383318900446219,0.0,0.0,0.0,0.0,0.0,0.0,False
2017-01-10,3.21,50.82,0.03068404568245331,-0.021991739653218545,0.0,0.0,0.0,0.0,0.0,0.0,False
2017-01-11,3.27,52.19,0.018519047767237673,0.026600927763303694,0.0,0.0,0.0,0.0,0.0,0.0,False
2017-01-12,3.348,53.01,0.023573167718066834,0.015589669344393098,0.0,0.0,0.0,0.0,0.0,0.0,False
2017-01-13,3.36,52.36,0.0035778213478838694,-0.01233763395801546,0.0,0.0,0.0,0.0,0.0,0.0,False
2017-01-16,3.36,,0.0,,0.0,0.0,0.0,0.0,0.0,0.0,False
2017-01-17,3.405,52.45,0.013303965626362935,,0.0,0.0,0.0,0.0,0.0,0.0,False
2017-01-18,3.26,51.12,-0.04351774422285959,-0.02568452477302685,0.0,0.0,0.0,0.0,0.0,0.0,False
2017-01-19,3.371,51.39,0.033482240873307534,0.005267790934858851,0.0,0.0,0.0,0.0,0.0,0.0,False
2017-01-20,3.211,52.33,-0.048627021144546756,0.01812621937997827,0.0,0.0,0.0,0.0,0.0,0.0,False
2017-01-23,3.281,52.77,0.021565838871587806,0.008373027033460101,0.0,0.0,0.0,0.0,0.0,0.0,False
2017-01-24,3.295,52.38,0.0042579139755059,-0.007418008338010651,0.0,0.0,0.0,0.0,0.0,0.0,False
2017-01-25,3.385,52.14,0.026947738409767608,-0.004592430574210216,0.0,0.0,0.0,0.0,0.0,0.0,False
2017-01-26,3.382,53.24,-0.0008866558878497521,0.020877585021555234,0.0,0.0,0.0,0.0,0.0,0.0,False
2017-01-27,3.358,53.18,-0.007121691821039278,-0.0011276077120374595,0.0,0.0,0.0,0.0,0.0,0.0,False
2017-01-30,3.351,52.63,-0.002086749900175766,-0.010396086449186104,0.0,0.0,0.0,0.0,0.0,0.0,False
2017-01-31,3.208,52.75,-0.0436111187509054,0.002277472990488416,0.0,0.0,0.0,0.0,0.0,0.0,False
2017-02-01,3.168,53.9,-0.012547216052088528,0.02156670555877538,0.0,0.0,0.0,0.0,0.0,0.0,False
2017-02-02,3.343,53.55,0.05376813348578202,-0.006514681021193347,0.0,0.0,0.0,0.0,0.0,0.0,False
2017-02-03,3.13,53.81,-0.06583560288589974,0.004843526607570592,0.0,0.0,0.0,0.0,0.0,0.0,False
2017-02-06,3.05,53.01,-0.025891413932741525,-0.014978748501613737,0.0,0.0,0.0,0.0,0.0,0.0,False
2017-02-07,3.192,52.19,0.04550608896824215,-0.015589669344393098,0.0,0.0,0.0,0.0,0.0,0.0,False
2017-02-08,3.196,52.37,0.0012523483164659233,0.0034430026360747767,0.0,0.0,0.0,0.0,0.0,0.0,False
2017-02-09,3.272,52.99,0.02350139083647229,0.011769308213274154,0.0,0.0,0.0,0.0,0.0,0.0,False
2017-02-10,3.189,53.84,-0.02569403071258014,0.01591346883180167,0.0,0.0,0.0,0.0,0.0,0.0,False
2017-02-13,2.944,52.96,-0.07993818716129075,-0.01647977370771958,0.0,0.0,0.0,0.0,0.0,0.0,False
2017-02-14,2.905,53.21,-0.013335810562755235,0.0047094369795250834,0.0,0.0,0.0,0.0,0.0,0.0,False
2017-02-15,2.925,53.11,0.006861090379945312,-0.0018811141739698556,0.0,0.0,0.0,0.0,0.0,0.0,False
2017-02-16,2.88,53.41,-0.015504186535965303,0.005632759917371111,0.0,0.0,0.0,0.0,0.0,0.0,False
2017-02-17,2.75,53.41,-0.04618938246937465,0.0,0.0,0.0,0.0,0.0,0.0,0.0,False
2017-02-20,2.75,,0.0,,0.0,0.0,0.0,0.0,0.0,0.0,False
2017-02-21,2.691,54.02,-0.021688039933711156,,0.0,0.0,0.0,0.0,0.0,0.0,False
2017-02-22,2.701,53.61,0.0037092030657098762,-0.007618730525023487,0.0,0.0,0.0,0.0,0.0,0.0,False
2017-02-23,2.822,54.48,0.04382377862014375,0.016098044001810585,0.0,0.0,0.0,0.0,0.0,0.0,False
2017-02-24,2.63,53.99,-0.0704620072409492,-0.009034817611061285,0.0,0.0,0.0,0.0,0.0,0.0,False
2017-02-27,2.693,54.04,0.023671967639788738,0.0009256688618024533,0.0,0.0,0.0,0.0,0.0,0.0,False
2017-02-28,2.87,54.0,0.06365621594206794,-0.0007404665277235267,0.0,0.0,0.0,0.0,0.0,0.0,False
2017-03-01,2.909,53.82,0.013497349741534714,-0.0033389012655149486,0.0,0.0,0.0,0.0,0.0,0.0,False
2017-03-02,2.59,52.63,-0.1161515038016182,-0.022358845933072136,0.0,0.0,0.0,0.0,0.0,0.0,False
2017-03-03,3.028,53.33,0.15624445986375612,0.013212725246823265,0.0,0.0,0.0,0.0,0.0,0.0,False
2017-03-06,3.119,53.19,0.02961010205046377,-0.0026286158582844443,0.0,0.0,0.0,0.0,0.0,0.0,False
2017-03-07,2.68,52.68,-0.15169564310290085,-0.009634531879145758,0.0,0.0,0.0,0.0,0.0,0.0,False
2017-03-08,3.058,49.83,0.13194431298410514,-0.05561866458176734,0.0,0.0,0.0,0.0,0.0,0.0,False
2017-03-09,2.83,48.75,-0.07748439585172417,-0.02191201484945715,0.0,0.0,0.0,0.0,0.0,0.0,False
2017-03-10,3.142,48.05,0.10458282817828302,-0.014463062027554763,0.0,0.0,0.0,0.0,0.0,0.0,False
2017-03-13,3.043,47.95,-0.03201566891859531,-0.0020833340868540162,0.0,0.0,0.0,0.0,0.0,0.0,False
2017-03-14,2.938,47.24,-0.03511479316314836,-0.01491781000028558,0.0,0.0,0.0,0.0,0.0,0.0,False
2017-03-15,2.981,48.34,0.01452973694424875,0.02301838394617528,0.0,0.0,0.0,0.0,0.0,0.0,False
2017-03-16,2.902,48.3,-0.026858660233938236,-0.0008278146168101408,0.0,0.0,0.0,0.0,0.0,0.0,False
2017-03-17,3.004,48.34,0.0345445794398922,0.0008278146168101408,0.0,0.0,0.0,0.0,0.0,0.0,False
2017-03-20,2.93,47.79,-0.02494231087291232,-0.011442962685269897,0.0,0.0,0.0,0.0,0.0,0.0,False
2017-03-21,3.155,47.02,0.07398607296420034,-0.01624336947814342,0.0,0.0,0.0,0.0,0.0,0.0,False
2017-03-22,3.011,47.29,-0.04671624649357953,0.005725813543860703,0.0,0.0,0.0,0.0,0.0,0.0,False
2017-03-23,3.206,47.0,0.0627518046877642,-0.006151254945725881,0.0,0.0,0.0,0.0,0.0,0.0,False
2017-03-24,3.228,47.3,0.006838696220341278,0.0063626937878287215,0.0,0.0,0.0,0.0,0.0,0.0,False
2017-03-27,2.94,47.02,-0.0934531690571121,-0.005937252385963543,0.0,0.0,0.0,0.0,0.0,0.0,False
2017-03-28,3.177,48.36,0.07752777393678878,0.028099982634668397,0.0,0.0,0.0,0.0,0.0,0.0,False
2017-03-29,3.299,49.47,0.03768203695906536,0.02269339949302518,0.0,0.0,0.0,0.0,0.0,0.0,False
2017-03-30,3.257,50.3,-0.012812865952347874,0.01663865186607616,0.0,0.0,0.0,0.0,0.0,0.0,False
2017-03-31,3.333,50.54,0.0230662730315061,0.004760024854354672,0.0,0.0,0.0,0.0,0.0,0.0,False
2017-04-03,3.128,50.25,-0.06347897664253788,-0.005754555020863084,0.0,0.0,0.0,0.0,0.0,0.0,False
2017-04-04,3.365,50.99,0.07303414041362633,0.01461898812787954,0.0,0.0,0.0,0.0,0.0,0.0,False
2017-04-05,3.266,51.14,-0.029861968548417828,0.0029374347959763014,0.0,0.0,0.0,0.0,0.0,0.0,False
2017-04-06,3.23,51.69,-0.0110838573137082,0.01069736934490706,0.0,0.0,0.0,0.0,0.0,0.0,False
2017-04-07,3.261,52.25,0.009551759572617113,0.010775551636972747,0.0,0.0,0.0,0.0,0.0,0.0,False
2017-04-10,3.38,53.06,0.03584181268774511,0.015383457864673211,0.0,0.0,0.0,0.0,0.0,0.0,False
2017-04-11,3.11,53.38,-0.0832529833037845,0.006012795266784554,0.0,0.0,0.0,0.0,0.0,0.0,False
2017-04-12,3.332,53.12,0.06894999811345337,-0.004882638808199946,0.0,0.0,0.0,0.0,0.0,0.0,False
2017-04-13,3.376,53.19,0.013118852429114591,0.0013169035860478573,0.0,0.0,0.0,0.0,0.0,0.0,False
2017-04-14,3.0,,-0.11807928806560097,,0.0,0.0,0.0,0.0,0.0,0.0,False
2017-04-17,3.163,52.62,0.052908655655401926,,0.0,0.0,0.0,0.0,0.0,0.0,False
2017-04-18,3.145,52.46,-0.00570705417110795,-0.003045301173418835,0.0,0.0,0.0,0.0,0.0,0.0,False
2017-04-19,3.11,50.49,-0.011191163961260964,-0.03827567756790362,0.0,0.0,0.0,0.0,0.0,0.0,False
2017-04-20,3.358,50.26,0.07672283246420641,-0.004565764755378066,0.0,0.0,0.0,0.0,0.0,0.0,False
2017-04-21,3.27,49.64,-0.02655557374618711,-0.012412571779039538,0.0,0.0,0.0,0.0,0.0,0.0,False
2017-04-24,3.066,48.9,-0.06441620445953977,-0.01501956385558012,0.0,0.0,0.0,0.0,0.0,0.0,False
2017-04-25,3.165,49.22,0.03177927514651713,0.006522648482083504,0.0,0.0,0.0,0.0,0.0,0.0,False
2017-04-26,3.142,49.22,-0.00729351576271009,0.0,0.0,0.0,0.0,0.0,0.0,0.0,False
2017-04-27,3.351,48.96,0.06439926892174408,-0.005296406758839467,0.0,0.0,0.0,0.0,0.0,0.0,False
2017-04-28,3.276,49.31,-0.022635642764350594,0.007123262031964117,0.0,0.0,0.0,0.0,0.0,0.0,False
2017-05-01,3.215,48.83,-0.01879580830124028,-0.009782022162465598,0.0,0.0,0.0,0.0,0.0,0.0,False
2017-05-02,3.274,47.65,0.01818512125936067,-0.024462247973358053,0.0,0.0,0.0,0.0,0.0,0.0,False
2017-05-03,3.14,47.79,-0.04178967902878128,0.002933782489856096,0.0,0.0,0.0,0.0,0.0,0.0,False
2017-05-04,3.186,45.55,0.014543411567694786,-0.048005788884099676,0.0,0.0,0.0,0.0,0.0,0.0,False
2017-05-05,3.35,46.23,0.05019413434911835,0.01481831429416669,0.0,0.0,0.0,0.0,0.0,0.0,False
2017-05-08,3.279,46.46,-0.021421847974463892,0.004962789342128904,0.0,0.0,0.0,0.0,0.0,0.0,False
2017-05-09,3.333,45.84,0.01633430146309145,-0.013434654935778667,0.0,0.0,0.0,0.0,0.0,0.0,False
2017-05-10,3.38,47.28,0.014002910169324645,0.030930300691358603,0.0,0.0,0.0,0.0,0.0,0.0,False
2017-05-11,3.49,47.81,0.032026026719408573,0.01114744954016933,0.0,0.0,0.0,0.0,0.0,0.0,False
2017-05-12,3.521,47.83,0.008843303958579574,0.00041823505419325,0.0,0.0,0.0,0.0,0.0,0.0,False
2017-05-15,3.433,48.86,-0.025310525697360475,0.021306008137389032,0.0,0.0,0.0,0.0,0.0,0.0,False
2017-05-16,3.27,48.64,-0.04864452956639287,-0.004512828171682859,0.0,0.0,0.0,0.0,0.0,0.0,False
2017-05-17,3.32,49.04,0.015174798019234936,0.008190053970044353,0.0,0.0,0.0,0.0,0.0,0.0,False
2017-05-18,3.182,49.36,-0.04245485301280194,0.006504087969176453,0.0,0.0,0.0,0.0,0.0,0.0,False
2017-05-19,3.353,50.32,0.05234553756849647,0.01926223279505246,0.0,0.0,0.0,0.0,0.0,0.0,False
2017-05-22,3.33,50.81,-0.006883163491739008,0.009690573213455789,0.0,0.0,0.0,0.0,0.0,0.0,False
2017-05-23,3.312,51.12,-0.005420067469339429,0.0060826244636387194,0.0,0.0,0.0,0.0,0.0,0.0,False
2017-05-24,3.209,50.99,-0.03159287439529335,-0.002546275002214937,0.0,0.0,0.0,0.0,0.0,0.0,False
2017-05-25,3.184,48.57,-0.007821094145583185,-0.04862347870941086,0.0,0.0,0.0,0.0,0.0,0.0,False
2017-05-26,3.324,49.58,0.043030609011065035,0.020581470249390943,0.0,0.0,0.0,0.0,0.0,0.0,False
2017-05-29,3.1,,-0.06976676550210104,,0.0,0.0,0.0,0.0,0.0,0.0,False
2017-05-30,3.145,49.63,0.014411778661303165,,0.0,0.0,0.0,0.0,0.0,0.0,False
2017-05-31,3.12,48.29,-0.007980888331012626,-0.027370989713899174,0.0,0.0,0.0,0.0,0.0,0.0,False
2017-06-01,3.008,48.32,-0.0365575957337978,0.000621053741109101,0.0,0.0,0.0,0.0,0.0,0.0,False
2017-06-02,2.85,47.68,-0.053956411807034144,-0.013333530869465093,0.0,0.0,0.0,0.0,0.0,0.0,False
2017-06-05,2.982,47.4,0.04527522206198764,-0.00588979405606338,0.0,0.0,0.0,0.0,-0.0118865314871072,0.0,False
2017-06-06,3.076,48.13,0.031035835300850634,0.015283454613987058,0.0,0.0,0.0,0.0,-0.0118865314871072,0.0,False
2017-06-07,3.045,45.8,-0.010129150481537064,-0.04962159219487905,0.0,0.0,0.0,0.0,-0.0118865314871072,0.0,False
2017-06-08,3.062,45.68,0.0055673960736315475,-0.0026235257723841166,0.0,0.0,0.0,0.0,-0.0118865314871072,0.0,False
2017-06-09,3.082,45.82,0.006510439662432033,0.00306011167759479,0.0,0.0,0.0,0.0,0.0,0.0,False
2017-06-12,3.024,46.1,-0.018998278580637518,0.00609227297725301,0.0,0.0,0.0,0.0,0.0,0.0,False
2017-06-13,3.0,46.41,-0.007968169649176682,0.006702003250481869,0.0,0.0,0.0,0.0,0.0,0.0,False
2017-06-14,2.953,44.79,-0.015790685906324153,-0.03553005303387602,0.0,0.0,0.0,0.0,0.0,0.0,False
2017-06-15,3.078,44.47,0.0414584326549019,-0.007170095696603429,0.0,0.0,0.0,0.0,0.0,0.0,False
2017-06-16,3.06,44.73,-0.005865119452398204,0.005829612922151561,0.0,0.0,0.0,0.0,0.0,0.0,False
2017-06-19,2.935,44.24,-0.041707462684229535,-0.011015060230677332,0.0,0.0,0.0,0.0,0.0,0.0,False
2017-06-20,2.955,43.34,0.006791197578001729,-0.02055336110586614,0.0,0.0,0.0,0.0,0.0,0.0,False
2017-06-21,2.91,42.48,-0.015345569674660275,-0.020042619174529985,0.0,0.0,0.0,0.0,0.0,0.0,False
2017-06-22,2.915,42.53,0.0017167386190544143,0.0011763323318589869,0.0,0.0,0.0,0.0,0.0,0.0,False
2017-06-23,2.98,42.86,0.022053480714857354,0.007729280779888548,0.0,0.0,0.0,0.0,0.0,0.0,False
2017-06-26,2.98,43.24,0.0,0.008827002725576794,0.0,0.0,0.0,0.0,0.0,0.0,False
2017-06-27,2.99,44.25,0.0033500868852820442,0.023089378682930928,0.0,0.0,0.0,0.0,0.0,0.0,False
2017-06-28,3.094,44.74,0.03419136474827922,0.011012584608045106,0.0,0.0,0.0,0.0,0.0,0.0,False
2017-06-29,3.125,44.88,0.009969531037490542,0.0031243051524572074,0.0,0.0,0.0,0.0,0.0,0.0,False
2017-06-30,3.035,46.02,-0.02922285867690322,0.02508382339277926,0.0,0.0,0.0,0.0,0.0,0.0,False
2017-07-03,2.953,,-0.02738982174967597,,0.0,0.0,0.0,0.0,0.0,0.0,False
2017-07-04,2.98,,0.009101697755527383,,0.0,0.0,0.0,0.0,0.0,0.0,False
2017-07-05,2.84,45.11,-0.04811924834419834,,0.0,0.0,0.0,0.0,0.0,0.0,False
2017-07-06,2.89,45.52,0.01745244995122608,0.009047838397771013,0.0,0.0,0.0,0.0,0.0,0.0,False
2017-07-07,2.857,44.25,-0.011484378875704637,-0.02829641836413721,0.0,0.0,0.0,0.0,0.0,0.0,False
2017-07-10,2.92,44.4,0.021811493031554274,0.003384097984240775,0.0,0.0,0.0,0.0,0.0,0.0,False
2017-07-11,3.047,45.06,0.042573883723381556,0.014755465565919224,0.0,0.0,0.0,0.0,0.0,0.0,False
2017-07-12,2.975,45.48,-0.023913461005978798,0.009277733878236827,0.0,0.0,0.0,0.0,0.0,0.0,False
2017-07-13,2.96,46.06,-0.005054770661624186,0.012672225510204083,0.0,0.0,0.0,0.0,0.0,0.0,False
2017-07-14,3.004,46.53,0.014755465565919446,0.010152371464017929,0.0,0.0,0.0,0.0,0.0,0.0,False
2017-07-17,3.04,46.02,0.011912781516241866,-0.011021181249337264,0.0,0.0,0.0,0.0,0.0,0.0,False
2017-07-18,3.104,46.4,0.020834086902842053,0.008223374624989344,0.0,0.0,0.0,0.0,0.0,0.0,False
2017-07-19,3.066,47.1,-0.012317821871349999,0.014973541790162859,0.0,0.0,0.0,0.0,0.0,0.0,False
2017-07-20,3.033,46.73,-0.010821551743178226,-0.007886644310037383,0.0,0.0,0.0,0.0,0.0,0.0,False
2017-07-21,2.998,45.78,-0.011606829026038046,-0.020539042187914358,0.0,0.0,0.0,0.0,0.0,0.0,False
2017-07-24,2.882,46.21,-0.039460902103075624,0.009348910357754647,0.0,0.0,0.0,0.0,0.0,0.0,False
2017-07-25,2.944,47.77,0.021284703289299323,0.033201602519695506,0.0,0.0,0.0,0.0,0.0,0.0,False
2017-07-26,3.032,48.58,0.02945326691349548,0.01681409617215568,0.0,0.0,0.0,0.0,0.0,0.0,False
2017-07-27,2.969,49.05,-0.020997271998502542,0.009628262437345825,0.0,0.0,0.0,0.0,0.0,0.0,False
2017-07-28,3.063,49.72,0.031169632069015574,0.013567080631138317,0.0,0.0,0.0,0.0,-0.0138311423361301,0.0,False
2017-07-31,2.834,50.21,-0.07770568658214949,0.009806943404103485,0.0,0.0,0.0,0.0,-0.0112520065158605,0.0,False
2017-08-01,2.936,49.19,0.03535896948378037,-0.020523859239365727,0.0,0.0,0.0,0.0,-0.0112520065158605,0.0,False
2017-08-02,2.811,49.6,-0.043507818827874356,0.008300482923633723,0.0,0.0,0.0,0.0,-0.0112520065158605,0.0,False
2017-08-03,2.8,49.03,-0.0039208747432366575,-0.011558478067740019,0.0,0.0,0.0,0.0,-0.0112520065158605,0.0,False
2017-08-04,2.817,49.57,0.006053071713077562,0.010953456369340753,0.0,0.0,0.0,0.0,0.0,0.0,False
2017-08-07,2.84,49.37,0.008131563278878984,-0.004042859761711259,0.0,0.0,0.0,0.0,0.0,0.0,False
2017-08-08,2.81,49.07,-0.01061956882746018,-0.006095102168959254,0.0,0.0,0.0,0.0,0.0,0.0,False
2017-08-09,2.883,49.59,0.025646935310610575,0.010541350399230431,0.0,0.0,0.0,0.0,0.0,0.0,False
2017-08-10,3.209,48.54,0.10712794347145471,-0.021401000202587284,0.0,0.0,0.0,0.0,0.0,0.0,False
2017-08-11,2.983,48.81,-0.07302985659510819,0.0055470096006007275,0.0,0.0,0.0,0.0,0.0,0.0,False
2017-08-14,3.02,47.59,0.012327325854166737,-0.02531255476603711,0.0,0.0,0.0,0.0,0.0,0.0,False
2017-08-15,3.179,47.57,0.05130985054188719,-0.0004203446888286777,0.0,0.0,0.0,0.0,0.0,0.0,False
2017-08-16,3.005,46.8,-0.05628911394149472,-0.01631910752058907,0.0,0.0,0.0,0.0,0.0,0.0,False
2017-08-17,2.91,47.07,-0.03212448680376956,0.005752652489449783,0.0,0.0,0.0,0.0,0.0,0.0,False
2017-08-18,2.9,48.59,-0.0034423441909730013,0.031781893004760864,0.0,0.0,0.0,0.0,0.0,0.0,False
2017-08-21,3.198,47.39,0.09781487741933415,-0.025006512438314754,0.0,0.0,0.0,0.0,0.0,0.0,False
2017-08-22,3.177,47.65,-0.006588259124383322,0.005471394120713846,0.0,0.0,0.0,0.0,0.0,0.0,False
2017-08-23,3.033,48.45,-0.046385126580934966,0.016649708236564198,0.0,0.0,0.0,0.0,0.0,0.0,False
2017-08-24,2.97,47.24,-0.020990275891835886,-0.025291347007613485,0.0,0.0,0.0,0.0,0.0,0.0,False
2017-08-25,2.997,47.65,0.009049835519918004,0.008641638771049287,0.0,0.0,0.0,0.0,0.0,0.0,False
2017-08-28,2.925,46.4,-0.024317307650706388,-0.02658317086800155,0.0,0.0,0.0,0.0,0.0,0.0,False
2017-08-29,2.961,46.46,0.012232568435634361,0.0012922681100535627,0.0,0.0,0.0,0.0,0.0,0.0,False
2017-08-30,3.155,45.96,0.06346144687372224,-0.010820274361707849,0.0,0.0,0.0,0.0,0.0,0.0,False
2017-08-31,3.232,47.26,0.024112644665672534,0.027892818778206596,0.0,0.0,0.0,0.0,0.0,0.0,False
2017-09-01,3.27,47.32,0.011688844250313135,0.001268767351424227,0.0,0.0,0.0,0.0,0.0,0.0,False
2017-09-04,2.88,,-0.12699969076130757,,0.0,0.0,0.0,0.0,0.0,0.0,False
2017-09-05,3.044,48.63,0.05538214585158485,,0.0,0.0,0.0,0.0,0.0,0.0,False
2017-09-06,3.069,49.13,0.008179335638159646,0.01022922176486274,0.0,0.0,0.0,0.0,0.0,0.0,False
2017-09-07,3.053,49.1,-0.0052270618848582195,-0.0006108113800822323,0.0,0.0,0.0,0.0,0.0,0.0,False
2017-09-08,3.123,47.44,0.022669364548200788,-0.03439328011100473,0.0,0.0,0.0,0.0,0.0,0.0,False
2017-09-11,2.88,48.06,-0.08100378415308707,0.012984475618852631,0.0,0.0,0.0,0.0,0.0,0.0,False
2017-09-12,3.221,48.21,0.11190157620120722,0.003116238109208247,0.0,0.0,0.0,0.0,0.0,0.0,False
2017-09-13,3.369,49.3,0.04492409407535414,0.022357612631113355,0.0,0.0,0.0,0.0,0.0,0.0,False
2017-09-14,3.271,49.86,-0.02952021586816911,0.011294997046767286,0.0,0.0,0.0,0.0,0.0,0.0,False
2017-09-15,3.085,49.9,-0.0585440911988957,0.0008019246620611931,0.0,0.0,0.0,0.0,0.0,0.0,False
2017-09-18,3.436,49.88,0.10775634676465784,-0.0004008819456369217,0.0,0.0,0.0,0.0,0.0,0.0,False
2017-09-19,3.122,49.54,-0.0958341820287687,-0.006839696750622348,0.0,0.0,0.0,0.0,0.0,0.0,False
2017-09-20,3.392,50.29,0.08294589583641643,0.01502582612265968,0.0,0.0,0.0,0.0,0.0,0.0,False
2017-09-21,3.11,50.58,-0.08679699173851385,0.005749991057945714,0.0,0.0,0.0,0.0,0.0,0.0,False
2017-09-22,3.021,50.33,-0.029034823786607822,-0.004954920453550393,0.0,0.0,0.0,0.0,0.0,0.0,False
2017-09-25,2.919,51.85,-0.03434681053255728,0.029753613887267605,0.0,0.0,0.0,0.0,0.0,0.0,False
2017-09-26,2.96,51.59,0.013948176463991269,-0.005027079418977731,0.0,0.0,0.0,0.0,0.0,0.0,False
2017-09-27,2.974,52.14,0.004718579701994408,0.010604553248797277,0.0,0.0,0.0,0.0,0.0,0.0,False
2017-09-28,3.304,51.62,0.10522600762076828,-0.010023214214887943,0.0,0.0,0.0,0.0,0.0,0.0,False
2017-09-29,3.007,51.67,-0.0941909516523396,0.0009681480086256578,0.0,0.0,0.0,0.0,0.0,0.0,False
2017-10-02,3.106,50.59,0.03239282072010319,-0.02112341399524853,0.0,0.0,0.0,0.0,0.0,0.0,False
2017-10-03,3.217,50.44,0.0351135235303941,-0.0029694172071264013,0.0,0.0,0.0,0.0,-0.0091686435043811,0.0,False
2017-10-04,2.8,50.0,-0.1388298310757312,-0.008761505668572589,0.0,0.0,0.0,0.0,-0.0091686435043811,0.0,False
2017-10-05,3.103,50.79,0.10274996828508498,0.015676479385007713,0.0,0.0,0.0,0.0,-0.0091686435043811,0.0,False
2017-10-06,2.863,49.34,-0.0804993593502652,-0.028964373711942937,0.0,0.0,0.0,0.0,-0.0091686435043811,0.0,False
2017-10-09,2.87,49.58,0.0024420036555519165,0.004852415505833818,0.0,0.0,0.0,0.0,0.0,0.0,False
2017-10-10,2.89,50.93,0.0069444723528109265,0.026864614289468847,0.0,0.0,0.0,0.0,0.0,0.0,False
2017-10-11,2.89,51.3,0.0,0.007238611280210527,0.0,0.0,0.0,0.0,0.0,0.0,False
2017-10-12,3.144,50.61,0.08423937244261936,-0.013541566950737494,0.0,0.0,0.0,0.0,0.0,0.0,False
2017-10-13,3.0,51.43,-0.04688358589885033,0.01607247456083849,0.0,0.0,0.0,0.0,0.0,0.0,False
2017-10-16,2.87,51.86,-0.04430025889657996,0.008326120323693509,0.0,0.0,0.0,0.0,0.0,0.0,False
2017-10-17,2.88,51.87,0.0034782643763247023,0.00019280825279022196,0.0,0.0,0.0,0.0,0.0,0.0,False
2017-10-18,3.194,52.05,0.10348375564496615,0.0034642066976693364,0.0,0.0,0.0,0.0,0.0,0.0,False
2017-10-19,3.086,51.29,-0.03439829585185161,-0.014708993659800829,0.0,0.0,0.0,0.0,0.0,0.0,False
2017-10-20,3.113,51.63,0.008711137518502055,0.006607097490380465,0.0,0.0,0.0,0.0,0.0,0.0,False
2017-10-23,3.284,51.91,0.05347530013071067,0.005408550947580082,0.0,0.0,0.0,0.0,0.0,0.0,False
2017-10-24,3.135,52.32,-0.046433017505297824,0.007867257309805531,0.0,0.0,0.0,0.0,0.0,0.0,False
2017-10-25,3.082,51.97,-0.017050437186959977,-0.006712078128592758,0.0,0.0,0.0,0.0,0.0,0.0,False
2017-10-26,3.178,52.41,0.03067333121660032,0.008430783793724306,0.0,0.0,0.0,0.0,-0.0089513882994651,0.0,False
2017-10-27,3.102,53.92,-0.02420500336017728,0.028404053789977013,0.0,0.0,0.0,0.0,-0.0124230738729238,0.0,False
2017-10-30,2.966,54.11,-0.04483282103860664,0.003517545050592208,0.0,0.0,0.0,0.0,-0.0124230738729238,0.0,False
2017-10-31,3.026,54.36,0.020027371650423786,0.004609577628298833,0.0,0.0,0.0,0.0,-0.0124230738729238,0.0,False
2017-11-01,2.68,54.32,-0.12142482084339878,-0.0007361060325021818,0.0,0.0,0.0,0.0,-0.0124230738729238,0.0,False
2017-11-02,2.935,54.55,0.0908906587572944,0.004225229028639088,0.0,0.0,0.0,0.0,0.0,0.0,False
2017-11-03,2.75,55.63,-0.06510654160157991,0.019604911808122072,0.0,0.0,0.0,0.0,0.0,0.0,False
2017-11-06,3.189,57.34,0.14810647634944063,0.030275836368022446,0.0,0.0,0.0,0.0,0.0,0.0,False
2017-11-07,3.07,57.19,-0.038029826428814806,-0.002619402527999526,0.0,0.0,0.0,0.0,0.0,0.0,False
2017-11-08,3.175,56.82,0.033630070745549245,-0.006490681501182927,0.0,0.0,0.0,0.0,0.0,0.0,False
2017-11-09,3.298,57.16,0.03800859179275218,0.0059659766356245925,0.0,0.0,0.0,0.0,0.0,0.0,False
2017-11-10,3.17,56.75,-0.03958463624821795,-0.007198696700154272,0.0,0.0,0.0,0.0,0.0,0.0,False
2017-11-13,3.265,56.77,0.029528174839205334,0.00035236082112266587,0.0,0.0,0.0,0.0,-0.009016403928399,0.0,False
2017-11-14,3.102,55.67,-0.05121269797404748,-0.019566614987218678,0.0,0.0,0.0,0.0,-0.009016403928399,0.0,False
2017-11-15,3.08,55.28,-0.007117467768863905,-0.007030222736001512,0.0,0.0,0.0,0.0,-0.009016403928399,0.0,False
2017-11-16,3.121,55.14,0.013223866303159193,-0.0025357738637641347,0.0,0.0,0.0,0.0,-0.009016403928399,0.0,False
2017-11-17,3.04,56.21,-0.026295947870512038,0.019219271418332795,0.0,0.0,0.0,0.0,0.0,0.0,False
2017-11-20,3.107,56.21,0.02180011499278023,0.0,0.0,0.0,0.0,0.0,0.0,0.0,False
2017-11-21,3.017,56.84,-0.029394670233986453,0.011145626214916327,0.0,0.0,0.0,0.0,0.0,0.0,False
2017-11-22,3.064,57.88,0.015458291701420768,0.018131598534383286,0.0,0.0,0.0,0.0,0.0,0.0,False
2017-11-23,3.05,,-0.004579661259024537,,0.0,0.0,0.0,0.0,0.0,0.0,False
2017-11-24,3.05,58.94,0.0,,0.0,0.0,0.0,0.0,0.0,0.0,False
2017-11-27,3.017,58.1,-0.010878630442396231,-0.014354313451682366,0.0,0.0,0.0,0.0,0.0,0.0,False
2017-11-28,3.092,57.96,0.024555170548251404,-0.0024125464053845747,0.0,0.0,0.0,0.0,0.0,0.0,False
2017-11-29,2.945,57.25,-0.04870931362162545,-0.012325475018132082,0.0,0.0,0.0,0.0,0.0,0.0,False
2017-11-30,3.032,57.4,0.02911365067657523,0.0026166608911717404,0.0,0.0,0.0,0.0,0.0,0.0,False
2017-12-01,2.878,58.35,-0.05212685931494909,0.016415055407043688,0.0,0.0,0.0,0.0,0.0,0.0,False
2017-12-04,2.988,57.48,0.03750865880539478,-0.015022297521740668,0.0,0.0,0.0,0.0,0.0,0.0,False
2017-12-05,2.894,57.66,-0.031964639061278666,0.0031266309994322228,0.0,0.0,0.0,0.0,0.0,0.0,False
2017-12-06,2.922,55.79,0.009628685119215552,-0.032969050352819274,0.0,0.0,0.0,0.0,0.0,0.0,False
2017-12-07,2.782,56.5,-0.049098219827256706,0.01264599629495855,0.0,0.0,0.0,0.0,0.0,0.0,False
2017-12-08,2.772,57.15,-0.00360101217359432,0.011438752088424486,0.0,0.0,0.0,0.0,0.0,0.0,False
2017-12-11,2.816,57.84,0.015748356968139143,0.012001187609689268,0.0,0.0,0.0,0.0,0.0,0.0,False
2017-12-12,2.678,57.12,-0.050247191026815186,-0.012526259819180652,0.0,0.0,0.0,0.0,0.0,0.0,False
2017-12-13,2.732,56.59,0.019963694439562918,-0.009322026876896317,0.0,0.0,0.0,0.0,0.0,0.0,False
2017-12-14,2.684,57.0,-0.017725722599108207,0.007218976680118061,0.0,0.0,0.0,0.0,0.0,0.0,False
2017-12-15,2.635,57.29,-0.018425037116109877,0.005074820585936557,0.0,0.0,0.0,0.0,0.0,0.0,False
2017-12-18,2.755,57.17,0.0445342606115523,-0.002096803144606696,0.0,0.0,0.0,0.0,0.0,0.0,False
2017-12-19,2.692,57.49,-0.023133030822396483,0.005581734359319412,0.0,0.0,0.0,0.0,0.0,0.0,False
2017-12-20,2.604,58.09,-0.03323568743615857,0.010382512369242036,0.0,0.0,0.0,0.0,0.0,0.0,False
2017-12-21,2.51,58.34,-0.036765971202630365,0.0042944324351337215,0.0,0.0,0.0,0.0,0.0,0.0,False
2017-12-22,2.667,58.25,0.06067149205618472,-0.0015438719937650447,0.0,0.0,0.0,0.0,0.0,0.0,False
2017-12-25,,,,,0.0,0.0,0.0,0.0,0.0,0.0,False
2017-12-26,2.654,59.55,,,0.0,0.0,0.0,0.0,0.0,0.0,False
2017-12-27,2.699,59.67,0.01681339812585181,0.002013085732681219,0.0,0.0,0.0,0.0,0.0,0.0,False
2017-12-28,2.97,59.84,0.09568061877874068,0.0028449521322313487,0.0,0.0,0.0,0.0,0.0,0.0,False
2017-12-29,3.69,60.46,0.2170645052378275,0.010307655685090289,0.0,0.0,0.0,0.0,0.0,0.0,False
2018-01-01,2.953,,-0.22280485529065008,,0.0,0.0,0.0,0.0,0.0,0.0,False
2018-01-02,3.056,60.37,0.03428526854248837,,0.0,0.0,0.0,0.0,0.0,0.0,False
2018-01-03,6.24,61.61,0.7138733110770623,0.020331902218144293,0.0,0.0,0.0,0.0,0.0,0.0,False
2018-01-04,2.813,61.98,-0.7967286528736164,0.00598755733312295,0.0,0.0,0.0,0.0,0.0,0.0,False
2018-01-05,2.655,61.49,-0.057806874813817855,-0.00793719239422419,0.0,0.0,0.0,0.0,0.0,0.0,False
2018-01-08,2.68,61.73,0.009372139828863313,0.0038954764404266484,0.0,0.0,0.0,0.0,0.0,0.0,False
2018-01-09,2.723,62.92,0.01591741916885714,0.019094041784272875,0.0,0.0,0.0,0.0,0.0,0.0,False
2018-01-10,2.822,63.6,0.03571163973899982,0.010749392155998905,0.0,0.0,0.0,0.0,0.0,0.0,False
2018-01-11,3.084,63.81,0.08878160227046084,0.0032964475341792365,0.0,0.0,0.0,0.0,0.0,0.0,False
2018-01-12,3.2,64.22,0.03692335410459768,0.006404770781112568,0.0,0.0,0.0,0.0,0.0,0.0,False
2018-01-15,3.2,,0.0,,0.0,0.0,0.0,0.0,0.0,0.0,False
2018-01-16,2.781,63.82,-0.14034023455385292,,0.0,0.0,0.0,0.0,0.0,0.0,False
2018-01-17,2.814,63.92,0.011796383440369373,0.0015656806079213936,0.0,0.0,0.0,0.0,0.0,0.0,False
2018-01-18,2.802,63.96,-0.004273510777382139,0.0006255865077342548,0.0,0.0,0.0,0.0,0.0,0.0,False
2018-01-19,3.185,63.38,0.1281188411093115,-0.00910953370297829,0.0,0.0,0.0,0.0,0.0,0.0,False
2018-01-22,3.13,63.66,-0.017419284472064867,0.004408067591171516,0.0,0.0,0.0,0.0,0.0,0.0,False
2018-01-23,3.039,64.45,-0.029504490617405787,0.01233330753125017,0.0,0.0,0.0,0.0,0.0,0.0,False
2018-01-24,2.876,65.69,-0.05512807407585574,0.01905697751918467,0.0,0.0,0.0,0.0,0.0,0.0,False
2018-01-25,2.88,65.62,0.0013898542890542487,-0.001066179371425946,0.0,0.0,0.0,0.0,0.0,0.0,False
2018-01-26,3.175,66.27,0.09751733819680042,0.009856778567179703,0.0,0.0,0.0,0.0,0.0,0.0,False
2018-01-29,3.167,65.71,-0.0025228647881523347,-0.008486185190358597,0.0,0.0,0.0,0.0,0.0,0.0,False
2018-01-30,3.6,64.64,0.12814907790556163,-0.016417706696936207,0.0,0.0,0.0,0.0,0.0,0.0,False
2018-01-31,3.34,64.82,-0.0749630384734552,0.0027807835005608794,0.0,0.0,0.0,0.0,0.0,0.0,False
2018-02-01,2.831,65.92,-0.1653408008588464,0.0168276878878153,0.0,0.0,0.0,0.0,-0.0087930634617805,0.0,False
2018-02-02,2.91,65.5,0.0275230750536386,-0.006391742960009772,0.0,0.0,0.0,0.0,-0.0115737449377775,0.0,False
2018-02-05,2.85,64.18,-0.020834086902842053,-0.020358506959495593,0.0,0.0,0.0,0.0,-0.0115737449377775,0.0,False
2018-02-06,2.759,63.48,-0.03245069904541009,-0.01096674002350273,0.0,0.0,0.0,0.0,-0.0115737449377775,0.0,False
2018-02-07,2.692,61.91,-0.02458388345266771,-0.02504317812706791,0.0,0.0,0.0,0.0,-0.0115737449377775,0.0,False
2018-02-08,2.685,61.3,-0.0026036838216533242,-0.009901874588974735,0.0,0.0,0.0,0.0,0.0,0.0,False
2018-02-09,2.665,59.2,-0.007476670343020242,-0.03485830105220522,0.0,0.0,0.0,0.0,0.0,0.0,False
2018-02-12,2.552,59.41,-0.04332669213526441,0.0035410204776891163,0.0,0.0,0.0,0.0,0.0,0.0,False
2018-02-13,2.623,59.33,0.02744133540219329,-0.0013474820970973411,0.0,0.0,0.0,0.0,0.0,0.0,False
2018-02-14,2.63,60.7,0.002665145304936445,0.022828617794900197,0.0,0.0,0.0,0.0,0.0,0.0,False
2018-02-15,2.651,61.48,0.007953081117215266,0.012768220604942648,0.0,0.0,0.0,0.0,0.0,0.0,False
2018-02-16,2.632,61.89,-0.007192913843817594,0.0066466970808747305,0.0,0.0,0.0,0.0,0.0,0.0,False
2018-02-19,2.67,,0.014334458949087359,,0.0,0.0,0.0,0.0,0.0,0.0,False
2018-02-20,2.61,61.91,-0.02272825107755616,,0.0,0.0,0.0,0.0,0.0,0.0,False
2018-02-21,2.681,61.73,0.026839637919220283,-0.0029116811253357966,0.0,0.0,0.0,0.0,0.0,0.0,False
2018-02-22,2.737,62.72,0.020672570804719737,0.01591033963634736,0.0,0.0,0.0,0.0,0.0,0.0,False
2018-02-23,2.625,63.52,-0.04178153401495499,0.012674440896728534,0.0,0.0,0.0,0.0,0.0,0.0,False
2018-02-26,2.686,63.81,0.022972202057458757,0.004555100941375123,0.0,0.0,0.0,0.0,0.0,0.0,False
2018-02-27,2.59,62.94,-0.03639522238959947,-0.01372802624399494,0.0,0.0,0.0,0.0,0.0,0.0,False
2018-02-28,2.779,61.43,0.07043327504892039,-0.024283576460424783,0.0,0.0,0.0,0.0,0.0,0.0,False
2018-03-01,2.67,60.98,-0.04001267834820854,-0.007352373615726826,0.0,0.0,0.0,0.0,0.0,0.0,False
2018-03-02,2.67,61.19,0.0,0.003437835914340326,0.0,0.0,0.0,0.0,0.0,0.0,False
2018-03-05,2.738,62.49,0.02514925445409888,0.02102276646654122,0.0,0.0,0.0,0.0,0.0,0.0,False
2018-03-06,2.861,62.54,0.04394348720171615,0.0007998080887041681,0.0,0.0,0.0,0.0,0.0,0.0,False
2018-03-07,2.847,61.09,-0.004905405772072768,-0.02345816536801948,0.0,0.0,0.0,0.0,0.0,0.0,False
2018-03-08,2.787,60.13,-0.021300059796089288,-0.015839301610197865,0.0,0.0,0.0,0.0,0.0,0.0,False
2018-03-09,2.855,62.02,0.024106094608162376,0.03094802862082524,0.0,0.0,0.0,0.0,0.0,0.0,False
2018-03-12,2.894,61.35,0.01356778510131873,-0.010861742515381856,0.0,0.0,0.0,0.0,0.0,0.0,False
2018-03-13,2.809,60.69,-0.029811080087185582,-0.010816231309156876,0.0,0.0,0.0,0.0,0.0,0.0,False
2018-03-14,2.809,60.89,0.0,0.0032900177727190894,0.0,0.0,0.0,0.0,0.0,0.0,False
2018-03-15,2.765,61.16,-0.015787913147808474,0.004424423440378078,0.0,0.0,0.0,0.0,0.0,0.0,False
2018-03-16,2.77,62.29,0.0018066852249489784,0.018307518205192608,0.0,0.0,0.0,0.0,0.0,0.0,False
2018-03-19,2.795,62.01,0.008984786407815193,-0.004505236904266852,0.0,0.0,0.0,0.0,0.0,0.0,False
2018-03-20,2.76,63.37,-0.012601426878003918,0.02169490097363891,0.0,0.0,0.0,0.0,0.0,0.0,False
2018-03-21,2.724,65.1,-0.013129291441792423,0.02693398587909801,0.0,0.0,0.0,0.0,0.0,0.0,False
2018-03-22,2.656,64.25,-0.02528015667307859,-0.013142825439194539,0.0,0.0,0.0,0.0,0.0,0.0,False
2018-03-23,2.633,65.8,-0.008697351100015127,0.02383811455594209,0.0,0.0,0.0,0.0,0.0,0.0,False
2018-03-26,2.618,65.49,-0.0057132130264642145,-0.004722379101309571,0.0,0.0,0.0,0.0,0.0,0.0,False
2018-03-27,2.6,65.21,-0.006899222460271748,-0.004284627824850951,0.0,0.0,0.0,0.0,0.0,0.0,False
2018-03-28,2.823,64.3,0.08228870424391588,-0.014053200161536772,0.0,0.0,0.0,0.0,0.0,0.0,False
2018-03-29,2.847,64.87,0.008465659024548211,0.008825635981390079,0.0,0.0,0.0,0.0,0.0,0.0,False
2018-03-30,2.832,,-0.005282632464427062,,0.0,0.0,0.0,0.0,0.0,0.0,False
2018-04-02,2.805,63.05,-0.009579636856813734,,0.0,0.0,0.0,0.0,0.0,0.0,False
2018-04-03,2.697,63.41,-0.0392634948170667,0.005693515301011587,0.0,0.0,0.0,0.0,0.0,0.0,False
2018-04-04,2.81,63.35,0.041044439188061554,-0.0009466709447920607,0.0,0.0,0.0,0.0,0.0,0.0,False
2018-04-05,2.729,63.53,-0.02924924161945297,0.002837328511293258,0.0,0.0,0.0,0.0,0.0,0.0,False
2018-04-06,2.804,62.03,0.027111727446142098,-0.023894096293415323,0.0,0.0,0.0,0.0,0.0,0.0,False
2018-04-09,2.78,63.4,-0.008596041469798088,0.021845722458153638,0.0,0.0,0.0,0.0,0.0,0.0,False
2018-04-10,2.656,65.48,-0.045629696088358096,0.03228089105975407,0.0,0.0,0.0,0.0,0.0,0.0,False
2018-04-11,2.709,66.81,0.019758331488770597,0.020108017434451675,0.0,0.0,0.0,0.0,0.0,0.0,False
2018-04-12,2.782,67.07,0.026590530398293066,0.0038840801742603404,0.0,0.0,0.0,0.0,0.0,0.0,False
2018-04-13,2.805,67.35,0.00823344547340854,0.0041660527447273665,0.0,0.0,0.0,0.0,0.0,0.0,False
2018-04-16,2.752,66.23,-0.019075618903562575,-0.016769370359485336,0.0,0.0,0.0,0.0,0.0,0.0,False
2018-04-17,2.833,66.5,0.02900830077728256,0.0040684151649204026,0.0,0.0,0.0,0.0,0.0,0.0,False
2018-04-18,2.85,68.44,0.005982773432179567,0.028755501362184077,0.0,0.0,0.0,0.0,0.0,0.0,False
2018-04-19,2.695,68.3,-0.05592078991959881,-0.002047682447248178,0.0,0.0,0.0,0.0,0.0,0.0,False
2018-04-20,2.821,68.26,0.04569322765889883,-0.0005858230981834467,0.0,0.0,0.0,0.0,0.0,0.0,False
2018-04-23,2.824,67.61,0.0010628876111364871,-0.009568042375974528,0.0,0.0,0.0,0.0,0.0,0.0,False
2018-04-24,2.79,67.66,-0.012112723797721436,0.0007392622499757806,0.0,0.0,0.0,0.0,0.0,0.0,False
2018-04-25,2.844,68.0,0.01916991610772012,0.005012541823544936,0.0,0.0,0.0,0.0,0.0,0.0,False
2018-04-26,2.873,68.18,0.01014526805615823,0.002643561533649752,0.0,0.0,0.0,0.0,0.0,0.0,False
2018-04-27,2.771,68.11,-0.03614851411631137,-0.001027221456530114,0.0,0.0,0.0,0.0,-0.011787973344326,0.0,False
2018-04-30,2.79,68.56,0.0068333299524330204,0.006585229036297768,0.0,0.0,0.0,0.0,-0.011787973344326,0.0,False
2018-05-01,2.837,67.28,0.016705559993440033,-0.01884625862483169,0.0,0.0,0.0,0.0,-0.011787973344326,0.0,False
2018-05-02,2.791,67.91,-0.0163472012725292,0.009320283461007328,0.0,0.0,0.0,0.0,-0.011787973344326,0.0,False
2018-05-03,2.764,68.45,-0.009721048648761776,0.007920252608758283,0.0,0.0,0.0,0.0,0.0,0.0,False
2018-05-04,2.729,69.71,-0.012743664179221792,0.01824022776384915,0.0,0.0,0.0,0.0,0.0,0.0,False
2018-05-07,2.74,70.74,0.004022678673777369,0.014667404279027352,0.0,0.0,0.0,0.0,0.0,0.0,False
2018-05-08,2.77,68.83,0.010889399799268284,-0.027371487367061853,0.0,0.0,0.0,0.0,0.0,0.0,False
2018-05-09,2.767,71.16,-0.001083619394458335,0.03329116638736185,0.0,0.0,0.0,0.0,0.0,0.0,False
2018-05-10,2.78,71.36,0.004687226897756691,0.002806625474119251,0.0,0.0,0.0,0.0,0.0,0.0,False
2018-05-11,2.825,70.69,0.016057436895858812,-0.009433368088891392,0.0,0.0,0.0,0.0,0.0,0.0,False
2018-05-14,2.869,71.01,0.015455172400823391,0.004516592011139409,0.0,0.0,0.0,0.0,0.0,0.0,False
2018-05-15,2.864,71.34,-0.0017442879008287004,0.0046364677367431995,0.0,0.0,0.0,0.0,0.0,0.0,False
2018-05-16,2.815,71.43,-0.017256987506745425,0.0012607692361363831,0.0,0.0,0.0,0.0,0.0,0.0,False
2018-05-17,2.859,71.47,0.015509651748521147,0.000559832065006205,0.0,0.0,0.0,0.0,0.0,0.0,False
2018-05-18,2.893,71.23,0.011822112653823158,-0.00336370324162516,0.0,0.0,0.0,0.0,0.0,0.0,False
2018-05-21,2.869,72.26,-0.00833048899477018,0.014356647729231398,0.0,0.0,0.0,0.0,0.0,0.0,False
2018-05-22,2.952,72.09,0.028519369738998268,-0.002355387303007106,0.0,0.0,0.0,0.0,0.0,0.0,False
2018-05-23,2.973,71.85,0.007088637277734566,-0.0033347258914533384,0.0,0.0,0.0,0.0,0.0,0.0,False
2018-05-24,2.94,70.77,-0.011161962665370284,-0.015145430437340401,0.0,0.0,0.0,0.0,0.0,0.0,False
2018-05-25,2.939,67.92,-0.00034019391380990527,-0.04110464008460113,0.0,0.0,0.0,0.0,0.0,0.0,False
2018-05-28,2.967,,0.009481953871904425,,0.0,0.0,0.0,0.0,0.0,0.0,False
2018-05-29,2.909,66.8,-0.019741961795620266,,0.0,0.0,0.0,0.0,0.0,0.0,False
2018-05-30,2.891,68.24,-0.006206916478855629,0.021327822640823335,0.0,0.0,0.0,0.0,0.0,0.0,False
2018-05-31,2.944,66.98,0.018166737832420843,-0.018636835817365416,0.0,0.0,0.0,0.0,0.0,0.0,False
2018-06-01,2.976,65.81,0.010810916104215584,-0.01762226489803087,0.0,0.0,0.0,0.0,0.0,0.0,False
2018-06-04,2.89,64.76,-0.029323614846504586,-0.01608367365859298,0.0,0.0,0.0,0.0,-0.0063560977578163,0.0,False
2018-06-05,2.9,65.51,0.0034542348680874913,0.011514673934351016,0.0,0.0,0.0,0.0,-0.0063560977578163,0.0,False
2018-06-06,2.896,64.75,-0.001380262468958282,-0.011669102164137968,0.0,0.0,0.0,0.0,-0.0063560977578163,0.0,False
2018-06-07,2.93,65.96,0.011671948505506125,0.018514797111750525,0.0,0.0,0.0,0.0,-0.0063560977578163,0.0,False
2018-06-08,2.876,65.77,-0.018601983170175806,-0.0028846903781385436,0.0,0.0,0.0,0.0,0.0,0.0,False
2018-06-11,3.0,66.1,0.042211848809309505,0.005004939544381415,0.0,0.0,0.0,0.0,0.0,0.0,False
2018-06-12,2.902,66.38,-0.033212134206113575,0.004227059434187552,0.0,0.0,0.0,0.0,0.0,0.0,False
2018-06-13,2.936,66.63,0.011647956290272932,0.0037591202826172676,0.0,0.0,0.0,0.0,0.0,0.0,False
2018-06-14,2.935,66.91,-0.00034065747220934917,0.004193506220279808,0.0,0.0,0.0,0.0,0.0,0.0,False
2018-06-15,3.015,65.01,0.026892376899088966,-0.028807328578348113,0.0,0.0,0.0,0.0,0.0,0.0,False
2018-06-18,2.932,65.91,-0.027915046154743717,0.013749070848251499,0.0,0.0,0.0,0.0,0.0,0.0,False
2018-06-19,2.884,65.09,-0.01650656460170241,-0.012519247480333284,0.0,0.0,0.0,0.0,0.0,0.0,False
2018-06-20,2.951,65.92,0.022965876538099783,0.012670958016920864,0.0,0.0,0.0,0.0,0.0,0.0,False
2018-06-21,2.954,65.68,0.0010160881483856077,-0.00364742045704336,0.0,0.0,0.0,0.0,0.0,0.0,False
2018-06-22,2.95,69.02,-0.001355013757459611,0.04960185252568383,0.0,0.0,0.0,0.0,0.0,0.0,False
2018-06-25,2.96,69.91,0.0033840979842405527,0.012812382854036741,0.0,0.0,0.0,0.0,0.0,0.0,False
2018-06-26,2.939,75.23,-0.00711988089918858,0.07334138704823623,0.0,0.0,0.0,0.0,0.0,0.0,False
2018-06-27,3.01,77.41,0.02387069132400388,0.028565883644492196,0.0,0.0,0.0,0.0,0.0,0.0,False
2018-06-28,2.967,73.45,-0.014388737452099454,-0.05251106859673538,0.0,0.0,0.0,0.0,0.0,0.0,False
2018-06-29,2.908,74.13,-0.020085781637411815,0.009215406048741492,0.0,0.0,0.0,0.0,0.0,0.0,False
2018-07-02,2.862,73.89,-0.015944878537013762,-0.003242807868072184,0.0,0.0,0.0,0.0,0.0,0.0,False
2018-07-03,2.856,74.19,-0.0020986366569213377,0.004051869400878871,0.0,0.0,0.0,0.0,0.0,0.0,False
2018-07-04,2.856,,0.0,,0.0,0.0,0.0,0.0,0.0,0.0,False
2018-07-05,2.822,73.05,-0.011976191046715545,,0.0,0.0,0.0,0.0,0.0,0.0,False
2018-07-06,2.88,73.78,0.02034444071723218,0.009943553971821117,0.0,0.0,0.0,0.0,0.0,0.0,False
2018-07-09,2.854,73.93,-0.009068775093209913,0.0020310074004790124,0.0,0.0,0.0,0.0,0.0,0.0,False
2018-07-10,2.9,74.11,0.01598921793778363,0.0024317763942587334,0.0,0.0,0.0,0.0,0.0,0.0,False
2018-07-11,2.858,70.47,-0.014588657484752465,-0.0503633886243362,0.0,0.0,0.0,0.0,0.0,0.0,False
2018-07-12,2.797,70.28,-0.021574665287853012,-0.002699824020034214,0.0,0.0,0.0,0.0,0.0,0.0,False
2018-07-13,2.86,71.03,0.02227421061193846,0.01061505969082166,0.0,0.0,0.0,0.0,0.0,0.0,False
2018-07-16,2.76,68.22,-0.035590945102702776,-0.04036454601921857,0.0,0.0,0.0,0.0,0.0,0.0,False
2018-07-17,2.74,68.03,-0.007272759329079559,-0.002788992633530718,0.0,0.0,0.0,0.0,0.0,0.0,False
2018-07-18,2.755,68.78,0.005459522204898981,0.010964220647150746,0.0,0.0,0.0,0.0,0.0,0.0,False
2018-07-19,2.797,69.42,0.015129971614944893,0.009262005429520492,0.0,0.0,0.0,0.0,0.0,0.0,False
2018-07-20,2.79,70.31,-0.0025058183865485084,0.012739025777429802,0.0,0.0,0.0,0.0,0.0,0.0,False
2018-07-23,2.767,67.9,-0.008277895028485416,-0.034878001646419854,0.0,0.0,0.0,0.0,0.0,0.0,False
2018-07-24,2.739,70.77,-0.010170810523847829,0.041399147523042856,0.0,0.0,0.0,0.0,0.0,0.0,False
2018-07-25,2.82,71.13,0.02914399466908124,0.005074006657730834,0.0,0.0,0.0,0.0,0.0,0.0,False
2018-07-26,2.83,71.59,0.003539826705124094,0.006446210662669927,0.0,0.0,0.0,0.0,0.0,0.0,False
2018-07-27,2.822,68.66,-0.002830858224524002,-0.04178861137854817,0.0,0.0,0.0,0.0,-0.0132140424102544,0.0,False
2018-07-30,2.817,71.19,-0.0017733645363866568,0.03618557108623577,0.0,0.0,0.0,0.0,-0.0132140424102544,0.0,False
2018-07-31,2.82,69.88,0.001064396055786565,-0.018572873849925564,0.0,0.0,0.0,0.0,-0.0132140424102544,0.0,False
2018-08-01,2.811,68.8,-0.00319659302562747,-0.015575740326558396,0.0,0.0,0.0,0.0,-0.0132140424102544,0.0,False
2018-08-02,2.77,68.95,-0.014692971725147608,0.0021778593000130186,0.0,0.0,0.0,0.0,0.0,0.0,False
2018-08-03,2.862,68.49,0.03267336093501205,-0.006693855029497264,0.0,0.0,0.0,0.0,0.0,0.0,False
2018-08-06,3.003,69.01,0.048091107866933935,0.007563672422697287,0.0,0.0,0.0,0.0,0.0,0.0,False
2018-08-07,2.935,69.17,-0.022904335721133373,0.002315820979982952,0.0,0.0,0.0,0.0,0.0,0.0,False
2018-08-08,2.955,66.92,0.006791197578001729,-0.033069366493870156,0.0,0.0,0.0,0.0,0.0,0.0,False
2018-08-09,3.02,66.81,0.02175818052871681,-0.0016451061812379209,0.0,0.0,0.0,0.0,0.0,0.0,False
2018-08-10,2.949,67.61,-0.02379070155363916,0.011903131165200698,0.0,0.0,0.0,0.0,0.0,0.0,False
2018-08-13,2.971,67.25,0.007432466647331548,-0.005338882620637975,0.0,0.0,0.0,0.0,0.0,0.0,False
2018-08-14,2.959,67.04,-0.00404722306239802,-0.0031275623081201687,0.0,0.0,0.0,0.0,0.0,0.0,False
2018-08-15,3.02,65.07,0.02040545796870563,-0.02982584266693511,0.0,0.0,0.0,0.0,0.0,0.0,False
2018-08-16,2.908,65.44,-0.03779127171550534,0.005670078787598953,0.0,0.0,0.0,0.0,0.0,0.0,False
2018-08-17,2.986,65.93,0.02646913944572571,0.007459880830716692,0.0,0.0,0.0,0.0,0.0,0.0,False
2018-08-20,2.966,66.5,-0.006720455401258318,0.008608374536599683,0.0,0.0,0.0,0.0,0.0,0.0,False
2018-08-21,2.964,67.32,-0.0006745362818998402,0.012255421660796628,0.0,0.0,0.0,0.0,0.0,0.0,False
2018-08-22,3.02,67.85,0.018717123952937786,0.007842016958273135,0.0,0.0,0.0,0.0,0.0,0.0,False
2018-08-23,2.964,69.13,-0.018717123952937786,0.018689403676295235,0.0,0.0,0.0,0.0,0.0,0.0,False
2018-08-24,2.917,69.71,-0.01598401654825632,0.008354989541134117,0.0,0.0,0.0,0.0,0.0,0.0,False
2018-08-27,2.995,69.97,0.0263885406818285,0.003722799259497478,0.0,0.0,0.0,0.0,0.0,0.0,False
2018-08-28,2.852,68.54,-0.04892372901536324,-0.020649062311342448,0.0,0.0,0.0,0.0,0.0,0.0,False
2018-08-29,2.895,69.68,0.014964608472909147,0.016495816097784832,0.0,0.0,0.0,0.0,0.0,0.0,False
2018-08-30,3.074,70.25,0.059994534091445395,0.008146975669608203,0.0,0.0,0.0,0.0,0.0,0.0,False
2018-08-31,2.98,69.84,-0.031056344599091013,-0.005853396682508283,0.0,0.0,0.0,0.0,0.0,0.0,False
2018-09-03,2.916,,-0.021710486370901227,,0.0,0.0,0.0,0.0,0.0,0.0,False
2018-09-04,2.823,69.82,-0.03241266487505956,,0.0,0.0,0.0,0.0,0.0,0.0,False
2018-09-05,2.995,68.69,0.059144082296060496,-0.016316873451099667,0.0,0.0,0.0,0.0,0.0,0.0,False
2018-09-06,2.791,67.81,-0.07054427701322763,-0.012893951530039693,0.0,0.0,0.0,0.0,0.0,0.0,False
2018-09-07,2.878,67.73,0.03069565391099105,-0.0011804634689385196,0.0,0.0,0.0,0.0,0.0,0.0,False
2018-09-10,2.808,67.55,-0.024623122301611566,-0.002661148820604531,0.0,0.0,0.0,0.0,0.0,0.0,False
2018-09-11,2.827,69.29,0.006743592547888699,0.025432531233081868,0.0,0.0,0.0,0.0,0.0,0.0,False
2018-09-12,2.91,70.37,0.02893700247194797,0.015466440339167775,0.0,0.0,0.0,0.0,0.0,0.0,False
2018-09-13,2.89,68.6,-0.0068965790590604925,-0.025474501246617542,0.0,0.0,0.0,0.0,0.0,0.0,False
2018-09-14,2.843,68.98,-0.01639666945547802,0.005524072776855071,0.0,0.0,0.0,0.0,0.0,0.0,False
2018-09-17,2.814,68.86,-0.010252873976665411,-0.001741149598316838,0.0,0.0,0.0,0.0,0.0,0.0,False
2018-09-18,2.896,69.87,0.02872351583127264,0.01456091465398135,0.0,0.0,0.0,0.0,0.0,0.0,False
2018-09-19,2.882,71.08,-0.00484597694613953,0.017169630722091433,0.0,0.0,0.0,0.0,0.0,0.0,False
2018-09-20,3.07,70.77,0.06319306402177527,-0.004370821198757646,0.0,0.0,0.0,0.0,0.0,0.0,False
2018-09-21,2.977,70.8,-0.030761479565466487,0.00042381861198048654,0.0,0.0,0.0,0.0,0.0,0.0,False
2018-09-24,3.029,73.23,0.017316450011461093,0.033746172373304795,0.0,0.0,0.0,0.0,0.0,0.0,False
2018-09-25,3.209,73.4,0.057726830082619474,0.0023187625474916373,0.0,0.0,0.0,0.0,0.0,0.0,False
2018-09-26,2.98,72.22,-0.07403606161040677,-0.01620691977115829,0.0,0.0,0.0,0.0,0.0,0.0,False
2018-09-27,3.056,72.18,0.025183570786960985,-0.000554016634668919,0.0,0.0,0.0,0.0,0.0,0.0,False
2018-09-28,3.091,73.16,0.011387791845705264,0.013485824308022032,0.0,0.0,0.0,0.0,0.0,0.0,False
2018-10-01,3.172,75.37,0.025867640622622368,0.029760494332713883,0.0,0.0,0.0,0.0,0.0,0.0,False
2018-10-02,3.215,75.16,0.01346505391698094,-0.0027901433101140682,0.0,0.0,0.0,0.0,0.0,0.0,False
2018-10-03,3.252,76.4,0.01144283399598156,0.016363521627209998,0.0,0.0,0.0,0.0,0.0,0.0,False
2018-10-04,3.288,74.44,0.011009285508369215,-0.02598926439842497,0.0,0.0,0.0,0.0,0.0,0.0,False
2018-10-05,3.188,74.26,-0.03088571626596459,-0.0024209830251153974,0.0,0.0,0.0,0.0,0.0,0.0,False
2018-10-08,3.267,74.27,0.02447837169096423,0.0001346529322709955,0.0,0.0,0.0,0.0,0.0,0.0,False
2018-10-09,3.4,74.95,0.03990329900318268,0.009114122867400987,0.0,0.0,0.0,0.0,0.0,0.0,False
2018-10-10,3.332,73.18,-0.020202707317519497,-0.023899064957545235,0.0,0.0,0.0,0.0,0.0,0.0,False
2018-10-11,3.222,70.97,-0.033570439549813536,-0.030664907054169355,0.0,0.0,0.0,0.0,0.0,0.0,False
2018-10-12,3.226,71.41,0.001240694948234422,0.006180663024126787,0.0,0.0,0.0,0.0,0.0,0.0,False
2018-10-15,3.242,71.84,0.004947443610467284,0.0060035084329257415,0.0,0.0,0.0,0.0,0.0,0.0,False
2018-10-16,3.296,71.93,0.01651918873374081,0.0012519998853202097,0.0,0.0,0.0,0.0,0.0,0.0,False
2018-10-17,3.369,69.63,0.02190635237719074,-0.032497914924809024,0.0,0.0,0.0,0.0,0.0,0.0,False
2018-10-18,3.325,68.63,-0.013146290316598419,-0.014465752033911983,0.0,0.0,0.0,0.0,0.0,0.0,False
2018-10-19,3.309,69.16,-0.004823645168342328,0.007692903894546355,0.0,0.0,0.0,0.0,0.0,0.0,False
2018-10-22,3.2,69.25,-0.033495219133794274,0.0013004842523578475,0.0,0.0,0.0,0.0,0.0,0.0,False
2018-10-23,3.212,66.49,0.0037429862788345147,-0.04067158465308385,0.0,0.0,0.0,0.0,0.0,0.0,False
2018-10-24,3.166,66.56,-0.014424834625694993,0.0010522360985891765,0.0,0.0,0.0,0.0,0.0,0.0,False
2018-10-25,3.202,67.25,0.011306653115702447,0.010313221968995201,0.0,0.0,0.0,0.0,0.0,0.0,False
2018-10-26,3.225,67.58,0.007157335673213083,0.004895062804195938,0.0,0.0,0.0,0.0,0.0,0.0,False
2018-10-29,3.185,67.0,-0.012480661223609246,-0.008619461895178482,0.0,0.0,0.0,0.0,0.0,0.0,False
2018-10-30,3.244,66.18,0.018354847229039795,-0.012314316897499289,0.0,0.0,0.0,0.0,0.0,0.0,False
2018-10-31,3.302,65.31,0.01772120924476983,-0.01323313857890085,0.0,0.0,0.0,0.0,0.0,0.0,False
2018-11-01,3.237,63.67,-0.019881370553828992,-0.025431669885631614,0.0,0.0,0.0,0.0,0.0,0.0,False
2018-11-02,3.284,63.12,0.01441521664607448,-0.008675817491314852,0.0,0.0,0.0,0.0,-0.0115839093923568,0.0,False
2018-11-05,3.53,63.12,0.07223567935502362,0.0,0.0,0.0,0.0,0.0,-0.0115839093923568,0.0,False
2018-11-06,3.555,62.16,0.007057192309998905,-0.015325970478227369,0.0,0.0,0.0,0.0,-0.0115839093923568,0.0,False
2018-11-07,3.569,61.69,0.003930381252819082,-0.00758986283784413,0.0,0.0,0.0,0.0,-0.0115839093923568,0.0,False
2018-11-08,3.543,60.71,-0.007311618624688432,-0.016013414079204757,0.0,0.0,0.0,0.0,0.0,0.0,False
2018-11-09,3.176,60.19,-0.10935128249844572,-0.008602203582663392,0.0,0.0,0.0,0.0,0.0,0.0,False
2018-11-12,3.66,59.85,0.14184060402838572,-0.005664793555697045,0.0,0.0,0.0,0.0,0.0,0.0,False
2018-11-13,3.712,55.63,0.014107667510679267,-0.0731188079167806,0.0,0.0,0.0,0.0,0.0,0.0,False
2018-11-14,4.837,56.16,0.264723878916892,0.009482135630353383,0.0,0.0,0.0,0.0,0.0,0.0,False
2018-11-15,3.596,56.45,-0.29647257723147225,0.005150530878116122,0.0,0.0,0.0,0.0,0.0,0.0,False
2018-11-16,3.865,56.49,0.07213956543001143,0.0007083407414993914,0.0,0.0,0.0,0.0,0.0,0.0,False
2018-11-19,4.7,57.16,0.1956008266766276,0.01179072172449569,0.0,0.0,0.0,0.0,0.0,0.0,False
2018-11-20,4.65,53.39,-0.010695289116747997,-0.06823089054957165,0.0,0.0,0.0,0.0,0.0,0.0,False
2018-11-21,4.451,54.41,-0.043738429565547854,0.01892449798573903,0.0,0.0,0.0,0.0,0.0,0.0,False
2018-11-22,4.451,,0.0,,0.0,0.0,0.0,0.0,0.0,0.0,False
2018-11-23,4.262,,-0.04339025635729188,,0.0,0.0,0.0,0.0,0.0,0.0,False
2018-11-26,4.28,51.46,0.0042144759172801916,,0.0,0.0,0.0,0.0,0.0,0.0,False
2018-11-27,4.161,51.31,-0.028197579592901256,-0.002919141899724753,0.0,0.0,0.0,0.0,0.0,0.0,False
2018-11-28,4.715,50.06,0.12499348608461669,-0.024663378950245285,0.0,0.0,0.0,0.0,0.0,0.0,False
2018-11-29,2.894,51.46,-0.4881092878761286,0.027582520849970038,0.0,0.0,0.0,0.0,0.0,0.0,False
2018-11-30,4.419,50.78,0.42327379793931064,-0.01330223057706581,0.0,0.0,0.0,0.0,0.0,0.0,False
2018-12-03,4.4,52.98,-0.004308885224387327,0.04241190756739144,0.0,0.0,0.0,0.0,0.0,0.0,False
2018-12-04,4.457,53.21,0.012871353040203148,0.004331864764353988,0.0,0.0,0.0,0.0,0.0,0.0,False
2018-12-05,4.006,52.64,-0.10668265672079214,-0.010770061591216074,0.0,0.0,0.0,0.0,0.0,0.0,False
2018-12-06,4.217,51.54,0.05133073752079609,-0.02111808179284269,0.0,0.0,0.0,0.0,-0.0119090061634778,0.0,False
2018-12-07,4.488,52.76,0.06228319345597266,0.02339512262489496,0.0,0.0,0.0,0.0,-0.0119090061634778,0.0,False
2018-12-10,2.977,51.07,-0.4104910861867561,-0.03255608718956138,0.0,0.0,0.0,0.0,-0.0119090061634778,0.0,False
2018-12-11,4.407,51.65,0.39227810382621064,0.011292954906095165,0.0,0.0,0.0,0.0,-0.0119090061634778,0.0,False
2018-12-12,3.853,51.04,-0.13434212021582925,-0.011880556529113129,0.0,0.0,0.0,0.0,0.0,0.0,False
2018-12-13,4.124,52.69,0.0679715005106929,0.031816045184659636,0.0,0.0,0.0,0.0,0.0,0.0,False
2018-12-14,3.753,51.26,-0.0942680460018297,-0.027514963285269367,0.0,0.0,0.0,0.0,0.0,0.0,False
2018-12-17,3.8,49.8,0.01244554657945618,-0.02889573690531755,0.0,0.0,0.0,0.0,0.0,0.0,False
2018-12-18,3.742,46.12,-0.015380838880442171,-0.07676828862974894,0.0,0.0,0.0,0.0,0.0,0.0,False
2018-12-19,3.64,47.96,-0.027636546203248402,0.039120634758455175,0.0,0.0,0.0,0.0,0.0,0.0,False
2018-12-20,3.583,45.64,-0.015783243325832697,-0.04958280516543878,0.0,0.0,0.0,0.0,0.0,0.0,False
2018-12-21,3.7,45.38,0.03213238132736218,-0.005713045642179004,0.0,0.0,0.0,0.0,0.0,0.0,False
2018-12-24,3.467,,-0.06504315294729257,,0.0,0.0,0.0,0.0,0.0,0.0,False
2018-12-25,3.423,,-0.012772307154838014,,0.0,0.0,0.0,0.0,0.0,0.0,False
2018-12-26,3.458,46.04,0.010173027713050509,,0.0,0.0,0.0,0.0,0.0,0.0,False
2018-12-27,3.546,44.48,0.02512982039091738,-0.03447093391135514,0.0,0.0,0.0,0.0,0.0,0.0,False
2018-12-28,3.303,45.15,-0.07098906124336368,0.014950629920667868,0.0,0.0,0.0,0.0,0.0,0.0,False
2018-12-31,2.683,,-0.20789557496516553,,0.0,0.0,0.0,0.0,0.0,0.0,False
2019-01-01,2.851,,0.06073423848704784,,0.0,0.0,0.0,0.0,0.0,0.0,False
2019-01-02,2.829,46.31,-0.007746517611104675,,0.0,0.0,0.0,0.0,0.0,0.0,False
2019-01-03,2.614,46.92,-0.07904167711739996,0.013086103292614393,0.0,0.0,0.0,0.0,0.0,0.0,False
2019-01-04,2.905,47.76,0.10555177510184433,0.01774444529907182,0.0,0.0,0.0,0.0,0.0,0.0,False
2019-01-07,2.847,48.27,-0.020167582007974083,0.010621780588055074,0.0,0.0,0.0,0.0,0.0,0.0,False
2019-01-08,2.967,49.58,0.04128553301278437,0.026777276934642824,0.0,0.0,0.0,0.0,0.0,0.0,False
2019-01-09,2.706,52.19,-0.09207981156008849,0.05130337904827709,0.0,0.0,0.0,0.0,0.0,0.0,False
2019-01-10,2.706,52.42,0.0,0.004397292239938455,0.0,0.0,0.0,0.0,0.0,0.0,False
2019-01-11,2.95,51.44,0.08633364060313209,-0.018872117965896162,0.0,0.0,0.0,0.0,0.0,0.0,False
2019-01-14,3.591,50.31,0.1966255448922174,-0.022212215426136606,0.0,0.0,0.0,0.0,0.0,0.0,False
2019-01-15,2.846,51.8,-0.2325162155762852,0.02918628476220997,0.0,0.0,0.0,0.0,0.0,0.0,False
2019-01-16,3.58,52.08,0.22944830074494837,0.005390848634876377,0.0,0.0,0.0,0.0,0.0,0.0,False
2019-01-17,3.413,51.83,-0.04777113048803905,-0.004811865698698625,0.0,0.0,0.0,0.0,0.0,0.0,False
2019-01-18,2.883,53.6,-0.16876025126830485,0.03357993587514141,0.0,0.0,0.0,0.0,0.0,0.0,False
2019-01-21,3.482,51.83,0.18877542268973224,-0.03357993587514141,0.0,0.0,0.0,0.0,0.0,0.0,False
2019-01-22,2.803,52.59,-0.21691656916334612,0.014556855399638025,0.0,0.0,0.0,0.0,0.0,0.0,False
2019-01-23,2.922,52.44,0.041578041145856615,-0.002856328705754141,0.0,0.0,0.0,0.0,0.0,0.0,False
2019-01-24,3.13,52.94,0.068764691223554,0.009489537903456302,0.0,0.0,0.0,0.0,0.0,0.0,False
2019-01-25,2.868,53.53,-0.08741808181468791,0.011083047606334606,0.0,0.0,0.0,0.0,0.0,0.0,False
2019-01-28,2.806,51.79,-0.021854941057104726,-0.03304516396948998,0.0,0.0,0.0,0.0,0.0,0.0,False
2019-01-29,2.846,53.07,0.014154517987391424,0.024414716404003833,0.0,0.0,0.0,0.0,0.0,0.0,False
2019-01-30,2.808,54.18,-0.013442013504096018,0.0207000398171453,0.0,0.0,0.0,0.0,0.0,0.0,False
2019-01-31,2.818,53.84,0.003554927312923839,-0.006295151320476755,0.0,0.0,0.0,0.0,0.0,0.0,False
2019-02-01,2.699,55.29,-0.04314607944062088,0.02657537501336904,0.0,0.0,0.0,0.0,-0.0176643040031194,0.0,False
2019-02-04,2.66,54.57,-0.01455521124225978,-0.013107779151700694,0.0,0.0,0.0,0.0,-0.0077854301780462,0.0,False
2019-02-05,2.662,53.69,0.0007515971793120579,-0.016257516763662494,0.0,0.0,0.0,0.0,-0.0087492708116769,0.0,False
2019-02-06,2.671,53.94,0.0033752141549039383,0.004645553277105918,0.0,0.0,0.0,0.0,-0.0087492708116769,0.0,False
2019-02-07,2.551,52.68,-0.045967494968149336,-0.023636440836503514,0.0,0.0,0.0,0.0,-0.0087492708116769,0.0,False
2019-02-08,2.634,52.75,0.0320181641614149,0.0013278954810953536,0.0,0.0,0.0,0.0,-0.0087492708116769,0.0,False
2019-02-11,2.76,52.43,0.04672707640796914,-0.0060848257717345255,0.0,0.0,0.0,0.0,0.0,0.0,False
2019-02-12,2.71,53.14,-0.018282044837448885,0.013450993747226025,0.0,0.0,0.0,0.0,0.0,0.0,False
2019-02-13,2.575,53.84,-0.05109910077591007,0.01308674500480489,0.0,0.0,0.0,0.0,0.0,0.0,False
2019-02-14,2.573,54.4,-0.0007770008160924435,0.010347468525424564,0.0,0.0,0.0,0.0,0.0,0.0,False
2019-02-15,2.729,55.58,0.05886270842659447,0.021459270452460988,0.0,0.0,0.0,0.0,0.0,0.0,False
2019-02-18,2.656,55.58,-0.027114010112014086,0.0,0.0,0.0,0.0,0.0,0.0,0.0,False
2019-02-19,2.77,56.12,0.04202608858505974,0.009668830919902227,0.0,0.0,0.0,0.0,0.0,0.0,False
2019-02-20,2.69,56.9,-0.02930612658549947,0.013803085898024925,0.0,0.0,0.0,0.0,0.0,0.0,False
2019-02-21,2.73,56.95,0.01476041558312069,0.0008783487609065332,0.0,0.0,0.0,0.0,0.0,0.0,False
2019-02-22,2.739,57.01,0.003291281084072617,0.0010530011502991599,0.0,0.0,0.0,0.0,0.0,0.0,False
2019-02-25,2.859,55.32,0.042879023059233745,-0.03009218424693305,0.0,0.0,0.0,0.0,0.0,0.0,False
2019-02-26,2.811,55.4,-0.016931621415779974,0.0014450869566804414,0.0,0.0,0.0,0.0,0.0,-0.0196008179336786,False
2019-02-27,2.813,56.92,0.0007112375833251416,0.027067179468413194,0.0,0.0,0.0,0.0,0.0,-0.0196008179336786,False
2019-02-28,2.823,57.21,0.003548619763632299,0.005081935058786513,0.0,0.0,0.0,0.0,0.0,-0.0196008179336786,False
2019-03-01,2.943,55.76,0.04162931997998354,-0.02567194182816923,0.0,0.0,0.0,0.0,0.0,-0.0196008179336786,False
2019-03-04,2.857,56.6,-0.029657346002699647,0.014952218756868696,0.0,0.0,0.0,0.0,0.0,0.0,False
2019-03-05,2.884,56.55,0.009406096174066514,-0.0008837826470076138,0.0,0.0,0.0,0.0,0.0,0.0,False
2019-03-06,3.18,56.22,0.09770297736938294,-0.00585263708374395,0.0,0.0,0.0,0.0,0.0,0.0,False
2019-03-07,2.866,56.6,-0.10396386738610541,0.006736419730751564,0.0,0.0,0.0,0.0,0.0,0.0,False
2019-03-08,2.9,55.77,0.01179340758644809,-0.014772894807674852,0.0,0.0,0.0,0.0,0.0,0.0,False
2019-03-11,2.772,56.79,-0.04514165566477146,0.018124163487878597,0.0,0.0,0.0,0.0,0.0,0.0,False
2019-03-12,2.902,56.89,0.04583107313433943,0.0017593248732152844,0.0,0.0,0.0,0.0,0.0,0.0,False
2019-03-13,2.82,58.27,-0.028663269511973954,0.023967802392427018,0.0,0.0,0.0,0.0,0.0,0.0,False
2019-03-14,2.86,58.59,0.014084739881738972,0.0054766524017138,0.0,0.0,0.0,0.0,0.0,0.0,False
2019-03-15,2.795,58.51,-0.022989518224698857,-0.00136635375655203,0.0,0.0,0.0,0.0,0.0,0.0,False
2019-03-18,2.856,59.09,0.021589937870275522,0.00986402555743826,0.0,0.0,0.0,0.0,0.0,0.0,False
2019-03-19,2.874,59.12,0.006282743179495398,0.0005075712823634504,0.0,0.0,0.0,0.0,0.0,0.0,False
2019-03-20,2.825,60.12,-0.017196423058428945,0.016773288244826823,0.0,0.0,0.0,0.0,0.0,0.0,False
2019-03-21,2.877,59.98,0.018239719971006485,-0.002331391563910934,0.0,0.0,0.0,0.0,0.0,0.0,False
2019-03-22,2.88,58.87,0.001042209578443698,-0.01867955028069268,0.0,0.0,0.0,0.0,0.0,0.0,False
2019-03-25,2.755,58.71,-0.044372851542976655,-0.002721552964075613,0.0,0.0,0.0,0.0,-0.0168591532856225,0.0,False
2019-03-26,2.803,59.87,0.01727282957777332,0.019565474861166443,0.0,0.0,0.0,0.0,-0.0168591532856225,0.0,False
2019-03-27,2.713,59.39,-0.03263523850585648,-0.008049682909492262,0.0,0.0,0.0,0.0,-0.0168591532856225,0.0,False
2019-03-28,2.839,59.29,0.04539684381403941,-0.001685204308492061,0.0,0.0,0.0,0.0,-0.0168591532856225,0.0,False
2019-03-29,2.797,60.19,-0.014904463271011359,0.015065567840403027,0.0,0.0,0.0,0.0,0.0,0.0,False
2019-04-01,2.802,61.59,0.0017860336949924172,0.022993294139272535,0.0,0.0,0.0,0.0,0.0,0.0,False
2019-04-02,2.775,62.53,-0.009682700716417303,0.01514692188025446,0.0,0.0,0.0,0.0,0.0,0.0,False
2019-04-03,2.791,62.46,0.005749207355787211,-0.0011200897242735763,0.0,0.0,0.0,0.0,0.0,0.0,False
2019-04-04,2.686,62.12,-0.03834685645313929,-0.005458353574447017,0.0,0.0,0.0,0.0,0.0,0.0,False
2019-04-05,2.664,63.1,-0.008224345422903068,0.015652771266681853,0.0,0.0,0.0,0.0,0.0,0.0,False
2019-04-08,2.72,64.37,0.02080312762976322,0.019926916517357007,0.0,0.0,0.0,0.0,0.0,0.0,False
2019-04-09,2.826,64.05,0.03823040395442967,-0.004983657721781221,0.0,0.0,0.0,0.0,0.0,0.0,False
2019-04-10,2.7,64.62,-0.04561051125205218,0.008859932053608688,0.0,0.0,0.0,0.0,-0.0186757687479257,0.0,False
2019-04-11,2.708,63.61,0.0029585820397451945,-0.015753269705639283,0.0,0.0,0.0,0.0,-0.0186757687479257,0.0,False
2019-04-12,2.789,63.86,0.02947275359532331,0.003922496595922809,0.0,0.0,0.0,0.0,-0.0137360841035842,-0.0137360841035842,False
2019-04-15,2.696,63.43,-0.03391391559529133,-0.006756251640830158,0.0,0.0,0.0,0.0,-0.0137360841035842,-0.0137360841035842,False
2019-04-16,2.681,64.01,-0.005579333796238317,0.009102385508106714,0.0,0.0,0.0,0.0,-0.0008917972445487,-0.0008917972445487,False
2019-04-17,2.559,63.74,-0.0465733020761705,-0.004227012164721877,0.0,0.0,0.0,0.0,-0.0008917972445487,-0.0008917972445487,False
2019-04-18,2.49,64.02,-0.027333846701035447,0.004383225552526682,0.0,0.0,0.0,0.0,-0.0008917972445487,-0.0008917972445487,False
2019-04-19,2.49,,0.0,,0.0,0.0,0.0,0.0,-0.0008917972445487,-0.0008917972445487,False
2019-04-22,2.524,65.66,0.013562234202350365,,0.0,0.0,0.0,0.0,0.0,0.0,False
2019-04-23,2.53,66.24,0.002374358060462045,0.008794598003557752,0.0,0.0,0.0,0.0,0.0,0.0,False
2019-04-24,2.5,65.96,-0.011928570865273658,-0.004236012385606003,0.0,0.0,0.0,0.0,0.0,0.0,False
2019-04-25,2.602,65.23,0.03998964821615836,-0.011129011883393325,0.0,0.0,0.0,0.0,0.0,0.0,False
2019-04-26,2.566,63.29,-0.01393211389686888,-0.03019214702079065,0.0,0.0,0.0,0.0,-0.0155000789090991,0.0,False
2019-04-29,2.58,63.39,0.005441132740081511,0.0015787815088605939,0.0,0.0,0.0,0.0,-0.0155000789090991,0.0,False
2019-04-30,2.59,63.83,0.003868476777920238,0.006917178971891147,0.0,0.0,0.0,0.0,-0.0155000789090991,0.0,False
2019-05-01,2.62,63.55,0.011516442061559218,-0.004396301632502819,0.0,0.0,0.0,0.0,-0.0155000789090991,0.0,False
2019-05-02,2.63,61.75,0.003809528416667596,-0.028733022127376273,0.0,0.0,0.0,0.0,0.0,0.0,False
2019-05-03,2.6,61.98,-0.0114724011622368,0.0037177768515155307,0.0,0.0,0.0,0.0,0.0,0.0,False
2019-05-06,2.54,62.3,-0.02334736399699111,0.005149673433805013,0.0,0.0,0.0,0.0,0.0,0.0,False
2019-05-07,2.573,61.41,0.012908452269161819,-0.014388737452099676,0.0,0.0,0.0,0.0,0.0,0.0,False
2019-05-08,2.663,62.13,0.03438077353218805,0.011656275734295285,0.0,0.0,0.0,0.0,0.0,0.0,False
2019-05-09,2.595,61.58,-0.025866790213943114,-0.008891821579248393,0.0,0.0,0.0,0.0,0.0,-0.0112543273717165,False
2019-05-10,2.619,61.65,0.009206048907722919,0.0011360871139984852,0.0,0.0,0.0,0.0,0.0,-0.0112590305507183,False
2019-05-13,2.621,60.97,0.0007633588156943372,-0.011091289690628336,0.0,0.0,0.0,0.0,0.0,-0.0112590305507183,False
2019-05-14,2.7,61.82,0.029695848669014202,0.013844996784246,0.0,0.0,0.0,0.0,0.0,-0.0112590305507183,False
2019-05-15,2.69,62.03,-0.0037105793965357403,0.0033912022810556053,0.0,0.0,0.0,0.0,0.0,-0.0112590305507183,False
2019-05-16,2.689,62.93,-0.0003718163270201025,0.014404858553816347,0.0,0.0,0.0,0.0,0.0,0.0,False
2019-05-17,2.631,62.77,-0.021805375228571955,-0.002545745209402206,0.0,0.0,0.0,0.0,0.0,0.0,False
2019-05-20,2.699,63.12,0.025517331977711888,0.005560424208178816,0.0,0.0,0.0,0.0,0.0,0.0,False
2019-05-21,2.656,63.02,-0.0160601024216801,-0.0015855402084907766,0.0,0.0,0.0,0.0,0.0,0.0,False
2019-05-22,2.574,61.42,-0.03136012244025255,-0.025716621316451693,0.0,0.0,0.0,0.0,0.0,0.0,False
2019-05-23,2.604,57.65,0.011587615172387933,-0.063345268297609,0.0,0.0,0.0,0.0,0.0,0.0,False
2019-05-24,2.598,58.4,-0.002306806097915115,0.012925643119113595,0.0,0.0,0.0,0.0,0.0,0.0,False
2019-05-27,2.598,58.4,0.0,0.0,0.0,0.0,0.0,0.0,0.0,0.0,False
2019-05-28,2.582,58.91,-0.006177625823956978,0.008694965699414858,0.0,0.0,0.0,0.0,0.0,0.0,False
2019-05-29,2.624,58.84,0.016135578657391902,-0.0011889598003591573,0.0,0.0,0.0,0.0,0.0,0.0,False
2019-05-30,2.557,56.47,-0.025865174772793043,-0.04111237204849161,0.0,0.0,0.0,0.0,0.0,0.0,False
2019-05-31,2.454,53.49,-0.041115350020329844,-0.054214803141586554,0.0,0.0,0.0,0.0,0.0,0.0,False
2019-06-03,2.403,53.25,-0.021001389534387904,-0.004496915953624114,0.0,0.0,0.0,0.0,-0.007831335067749,0.0,False
2019-06-04,2.419,53.5,0.006636274873558334,0.004683849312426158,0.0,0.0,0.0,0.0,-0.0142920650541782,0.0,False
2019-06-05,2.425,51.57,0.0024772927615562823,-0.03674154583909317,0.0,0.0,0.0,0.0,-0.0142920650541782,0.0,False
2019-06-06,2.324,52.59,-0.04254168539978176,0.01958587953838542,0.0,0.0,0.0,0.0,-0.0142920650541782,0.0,False
2019-06-07,2.43,53.95,0.04460141836279241,0.02553170410289063,0.0,0.0,0.0,0.0,-0.0142920650541782,0.0,False
2019-06-10,2.382,53.33,-0.019950786419348665,-0.011558667091633001,0.0,0.0,0.0,0.0,0.0,0.0,False
2019-06-11,2.393,53.3,0.004607337993127736,-0.0005626934407119144,0.0,0.0,0.0,0.0,0.0,0.0,False
2019-06-12,2.386,51.13,-0.002929485250511732,-0.04156492207989082,0.0,0.0,0.0,0.0,0.0,0.0,False
2019-06-13,2.358,52.38,-0.011804521560545234,0.024153429987658015,0.0,0.0,0.0,0.0,0.0,0.0,False
2019-06-14,2.413,52.47,0.02305698452771543,0.0017167386190544143,0.0,0.0,0.0,0.0,0.0,0.0,False
2019-06-17,2.401,51.94,-0.004985469403778531,-0.010152371464017929,0.0,0.0,0.0,0.0,0.0,0.0,False
2019-06-18,2.336,53.86,-0.027445252273135545,0.03629888114885027,0.0,0.0,0.0,0.0,0.0,0.0,False
2019-06-19,2.276,53.74,-0.026020548701896185,-0.002230484196107607,0.0,0.0,0.0,0.0,0.0,0.0,False
2019-06-20,2.185,56.88,-0.04080368771653087,0.056786182307640765,0.0,0.0,0.0,0.0,0.0,0.0,False
2019-06-21,2.169,57.35,-0.007349596702816208,0.00822905808039387,0.0,0.0,0.0,0.0,0.0,0.0,False
2019-06-24,2.284,57.73,0.051662059949026395,0.006604125497462476,0.0,0.0,0.0,0.0,0.0,0.0,False
2019-06-25,2.286,57.63,0.0008752735788551957,-0.0017337036242670578,0.0,0.0,0.0,0.0,0.0,0.0,False
2019-06-26,2.291,59.17,0.0021848380987394833,0.026371391240027187,0.0,0.0,0.0,0.0,0.0,0.0,False
2019-06-27,2.298,59.18,0.0030507759552055314,0.0001689902834609569,0.0,0.0,0.0,0.0,0.0,0.0,False
2019-06-28,2.399,58.2,0.043012804430993645,-0.01669829223467101,0.0,0.0,0.0,0.0,0.0,0.0,False
2019-07-01,2.267,58.91,-0.05659461233216567,0.01212550079620378,0.0,0.0,0.0,0.0,-0.017290374264121,0.0,False
2019-07-02,2.343,56.0,0.03297478800026665,-0.050659164798446454,0.0,0.0,0.0,0.0,-0.017290374264121,0.0,False
2019-07-03,2.29,57.06,-0.022880341959510275,0.018751655050204263,0.0,0.0,0.0,0.0,-0.017290374264121,0.0,False
2019-07-04,2.263,,-0.011860450914747966,,0.0,0.0,0.0,0.0,-0.017290374264121,0.0,False
2019-07-05,2.389,,0.05418350169227215,,0.0,0.0,0.0,0.0,0.0,0.0,False
2019-07-08,2.505,57.35,0.047413866193155685,,0.0,0.0,0.0,0.0,0.0,0.0,False
2019-07-09,2.454,57.57,-0.02056938824810839,0.003828755112338378,0.0,0.0,0.0,0.0,0.0,0.0,False
2019-07-10,2.561,60.28,0.04267846092866845,0.04599877507057659,0.0,0.0,0.0,0.0,0.0,0.0,False
2019-07-11,2.436,59.93,-0.05004045736973761,-0.005823159288200763,0.0,0.0,0.0,0.0,0.0,0.0,False
2019-07-12,2.453,59.99,0.006954415428701566,0.0010006671949076562,0.0,0.0,0.0,0.0,0.0,0.0,False
2019-07-15,2.51,59.3,0.02297098786734031,-0.011568575661321745,0.0,0.0,0.0,0.0,0.0,0.0,False
2019-07-16,2.306,57.44,-0.08476833129682515,-0.0318683812637115,0.0,0.0,0.0,0.0,0.0,0.0,False
2019-07-17,2.404,56.5,0.041619594826093786,-0.016500286587572965,0.0,0.0,0.0,0.0,0.0,0.0,False
2019-07-18,2.29,55.08,-0.04858219910681283,-0.025453964291941134,0.0,0.0,0.0,0.0,-0.0032372213900089,0.0,False
2019-07-19,2.349,55.42,0.025437888110627527,0.006153865574377804,0.0,0.0,0.0,0.0,-0.0032372213900089,0.0,False
2019-07-22,2.293,55.87,-0.024128701801008345,0.008087024036225188,0.0,0.0,0.0,0.0,-0.0032372213900089,0.0,False
2019-07-23,2.301,56.58,0.003482807177461411,0.012628002402363947,0.0,0.0,0.0,0.0,-0.0032372213900089,0.0,False
2019-07-24,2.227,55.9,-0.03268842277799833,-0.012091185712368002,0.0,0.0,0.0,0.0,0.0,0.0,False
2019-07-25,2.253,55.88,0.011607273174876864,-0.00035784577229236447,0.0,0.0,0.0,0.0,0.0,0.0,False
2019-07-26,2.23,56.04,-0.010261075978080014,0.002859187080045622,0.0,0.0,0.0,0.0,0.0,0.0,False
2019-07-29,2.139,56.85,-0.04166315537175891,0.014350498727738525,0.0,0.0,0.0,0.0,0.0,0.0,False
2019-07-30,2.16,58.04,0.009769791595805266,0.020716207819441834,0.0,0.0,0.0,0.0,0.0,0.0,False
2019-07-31,2.233,58.53,0.03323775116194716,0.008407015287142272,0.0,0.0,0.0,0.0,0.0,0.0,False
2019-08-01,2.488,53.64,0.10813320201891208,-0.08724438488965136,0.0,0.0,0.0,0.0,0.0,0.0,False
2019-08-02,2.213,55.67,-0.1171301138080203,0.037146343781938373,0.0,0.0,0.0,0.0,-0.0136382859200239,0.0,False
2019-08-05,2.07,54.63,-0.06680045379163502,-0.018858219787789565,0.0,0.0,0.0,0.0,-0.0136382859200239,0.0,False
2019-08-06,2.124,53.6,0.025752496102414812,-0.0190341143308701,0.0,0.0,0.0,0.0,-0.0136382859200239,0.0,False
2019-08-07,2.378,51.14,0.11295869488889765,-0.046982098213715684,0.0,0.0,0.0,0.0,-0.0136382859200239,0.0,False
2019-08-08,2.146,52.6,-0.10265415406008338,0.028149149880623447,0.0,0.0,0.0,0.0,0.0,0.0,False
2019-08-09,2.119,54.41,-0.012661364922344598,0.03383184075416956,0.0,0.0,0.0,0.0,0.0,0.0,False
2019-08-12,2.194,54.98,0.034782082566876316,0.010421522239266068,0.0,0.0,0.0,0.0,0.0,0.0,False
2019-08-13,2.417,57.05,0.0968007398683074,0.03695859357098463,0.0,0.0,0.0,0.0,0.0,0.0,False
2019-08-14,2.228,55.16,-0.08142277965630818,-0.03369002338298355,0.0,0.0,0.0,0.0,0.0,0.0,False
2019-08-15,2.19,54.51,-0.017202778236628302,-0.011853881848911563,0.0,0.0,0.0,0.0,0.0,0.0,False
2019-08-16,2.2,54.83,0.0045558165358609015,0.005853318339767988,0.0,0.0,0.0,0.0,-0.0090024545788764,0.0,False
2019-08-19,2.21,56.24,0.004535155165391158,0.02539075808645208,0.0,0.0,0.0,0.0,-0.0090024545788764,0.0,False
2019-08-20,2.219,56.18,0.004064128420795399,-0.0010674258263119185,0.0,0.0,0.0,0.0,-0.0090024545788764,0.0,False
2019-08-21,2.177,55.65,-0.019108861698046375,-0.009478743954543845,0.0,0.0,0.0,0.0,-0.0090024545788764,0.0,False
2019-08-22,2.28,55.33,0.04622766071393891,-0.005766820811535567,0.0,0.0,0.0,0.0,0.0,0.0,False
2019-08-23,2.395,54.08,0.04920778789652924,-0.022850825175309453,0.0,0.0,0.0,0.0,0.0,0.0,False
2019-08-26,2.233,53.54,-0.07003725800485772,-0.010035393642502388,0.0,0.0,0.0,0.0,0.0,0.0,False
2019-08-27,2.426,54.99,0.08289783766383751,0.02672231242751666,0.0,0.0,0.0,0.0,0.0,0.0,False
2019-08-28,2.452,55.76,0.010660207552106504,0.013905415932545573,0.0,0.0,0.0,0.0,0.0,0.0,False
2019-08-29,2.296,56.67,-0.06573553961664502,0.016188203729259776,0.0,0.0,0.0,0.0,0.0,0.0,False
2019-08-30,2.324,55.07,0.012121360532344805,-0.028639866907138156,0.0,0.0,0.0,0.0,0.0,0.0,False
2019-09-02,2.485,55.07,0.06698282055892735,0.0,0.0,0.0,0.0,0.0,0.0,0.0,False
2019-09-03,2.651,53.91,0.06466426775829637,-0.021289113810812665,0.0,0.0,0.0,0.0,0.0,0.0,False
2019-09-04,2.492,56.22,-0.06185132638168167,0.04195657601480818,0.0,0.0,0.0,0.0,0.0,0.0,False
2019-09-05,2.491,56.33,-0.00040136464516338233,0.001954687428236568,0.0,0.0,0.0,0.0,0.0,0.0,False
2019-09-06,2.795,56.45,0.11514787032701901,0.0021280376890491226,0.0,0.0,0.0,0.0,0.0,0.0,False
2019-09-09,2.585,57.88,-0.07810659864666991,0.025016611167611558,0.0,0.0,0.0,0.0,0.0,0.0,False
2019-09-10,2.78,57.37,0.07272541974215307,-0.008850383149503038,0.0,0.0,0.0,0.0,0.0,0.0,False
2019-09-11,2.851,55.66,0.025218882227989292,-0.030259762516035238,0.0,0.0,0.0,0.0,0.0,0.0,False
2019-09-12,2.574,55.13,-0.10220870075659994,-0.009567723496152425,0.0,0.0,0.0,0.0,0.0,0.0,False
2019-09-13,2.614,54.76,0.015420506028095304,-0.006734032181344496,0.0,0.0,0.0,0.0,0.0,0.0,False
2019-09-16,2.75,63.1,0.05071929647644968,0.14176076912692004,0.0,0.0,0.0,0.0,0.0,0.0,False
2019-09-17,2.84,59.26,0.0322031404946348,-0.062786227401749,0.0,0.0,0.0,0.0,0.0,0.0,False
2019-09-18,2.803,58.19,-0.013113779990463481,-0.018221023476840514,0.0,0.0,0.0,0.0,0.0,0.0,False
2019-09-19,2.538,58.19,-0.09931390289045539,0.0,0.0,0.0,0.0,0.0,-0.0043298676609992,0.0,False
2019-09-20,2.34,57.92,-0.0812254399225858,-0.0046507705911169595,0.0,0.0,0.0,0.0,-0.0043298676609992,0.0,False
2019-09-23,2.555,58.69,0.08790129428605786,0.013206606492781603,0.0,0.0,0.0,0.0,-0.0043298676609992,0.0,False
2019-09-24,2.789,57.22,0.08763088498968408,-0.02536586694827836,0.0,0.0,0.0,0.0,-0.0043298676609992,0.0,False
2019-09-25,2.54,56.38,-0.09351902761490671,-0.014789001935997526,0.0,0.0,0.0,0.0,0.0,0.0,False
2019-09-26,2.596,56.24,0.02180771781139834,-0.002486238183557532,0.0,0.0,0.0,0.0,0.0,0.0,False
2019-09-27,2.565,55.95,-0.012013320219110724,-0.005169812744474811,0.0,0.0,0.0,0.0,-0.0135295763611793,0.0,False
2019-09-30,2.37,54.09,-0.07906852347569304,-0.03380910887459887,0.0,0.0,0.0,0.0,-0.0135295763611793,0.0,False
2019-10-01,2.58,53.6,0.08489944378648628,-0.009100257806579304,0.0,0.0,0.0,0.0,-0.0168676152825355,0.0,False
2019-10-02,2.247,52.67,-0.138193405730334,-0.017503034581458632,0.0,0.0,0.0,0.0,-0.0168676152825355,0.0,False
2019-10-03,2.5,52.41,0.10669473867096302,-0.004948620681223037,0.0,0.0,0.0,0.0,-0.0168676152825355,0.0,False
2019-10-04,2.352,52.84,-0.06102470183777464,0.008171066840049868,0.0,0.0,0.0,0.0,-0.0168676152825355,0.0,False
2019-10-07,2.63,52.76,0.11171781615329268,-0.0015151518050107171,0.0,0.0,0.0,0.0,0.0,0.0,False
2019-10-08,2.491,52.64,-0.05429960990962979,-0.0022770408320522684,0.0,0.0,0.0,0.0,0.0,0.0,False
2019-10-09,2.436,52.63,-0.02232688643239278,-0.0001899876513742349,0.0,0.0,0.0,0.0,0.0,0.0,False
2019-10-10,2.218,53.57,-0.09375146091947528,0.017702910527181537,0.0,0.0,0.0,0.0,0.0,0.0,False
2019-10-11,2.457,54.76,0.10233520461086676,0.021970790527378714,0.0,0.0,0.0,0.0,0.0,0.0,False
2019-10-14,2.28,53.57,-0.07476565057269269,-0.021970790527378714,0.0,0.0,0.0,0.0,0.0,0.0,False
2019-10-15,2.647,52.81,0.1492514802786148,-0.014288643174027005,0.0,0.0,0.0,0.0,0.0,0.0,False
2019-10-16,2.44,53.42,-0.0814288839398537,0.011484640962972748,0.0,0.0,0.0,0.0,0.0,0.0,False
2019-10-17,2.633,53.89,0.07612584120906185,0.00875972426359084,0.0,0.0,0.0,0.0,0.0,0.0,False
2019-10-18,2.603,53.75,-0.011459254501743898,-0.002601264937633463,0.0,0.0,0.0,0.0,0.0,0.0,False
2019-10-21,2.538,53.28,-0.025288256720232605,-0.008782640775638395,0.0,0.0,0.0,0.0,0.0,0.0,False
2019-10-22,2.272,54.21,-0.11071586843329095,0.017304367040113178,0.0,0.0,0.0,0.0,0.0,0.0,False
2019-10-23,2.532,55.9,0.10834900342302489,0.030698986888806346,0.0,0.0,0.0,0.0,-0.0082531832158565,0.0,False
2019-10-24,2.533,56.11,0.000394866737608357,0.0037496696018273212,0.0,0.0,0.0,0.0,-0.0082531832158565,0.0,False
2019-10-25,2.561,56.52,0.010993436197850093,0.007280508053446155,0.0,0.0,0.0,0.0,-0.0082531832158565,0.0,False
2019-10-28,2.49,55.6,-0.02811509674077184,-0.016411356559790313,0.0,0.0,0.0,0.0,-0.0082531832158565,0.0,False
2019-10-29,2.639,55.34,0.05811734704457061,-0.004687226897756247,0.0,0.0,0.0,0.0,0.0,0.0,False
2019-10-30,2.737,54.85,0.03646237253735507,-0.008893787637540562,0.0,0.0,0.0,0.0,0.0,0.0,False
2019-10-31,2.73,54.02,-0.0025608208616736405,-0.015247838356769794,0.0,0.0,0.0,0.0,0.0,0.0,False
2019-11-01,2.802,56.04,0.026031838717946787,0.0367113731043367,0.0,0.0,0.0,0.0,-0.0142914094030857,0.0,False
2019-11-04,2.849,56.33,0.01663460760095603,0.005161531437815725,0.0,0.0,0.0,0.0,-0.0142914094030857,0.0,False
2019-11-05,2.77,57.04,-0.028120735316524037,0.012525523199418132,0.0,0.0,0.0,0.0,-0.0142914094030857,0.0,False
2019-11-06,2.696,56.15,-0.02707812714918656,-0.01572609492158783,0.0,0.0,0.0,0.0,-0.0142914094030857,0.0,False
2019-11-07,2.84,56.91,0.052034859123054056,0.013444391430580183,0.0,0.0,0.0,0.0,0.0,0.0,False
2019-11-08,2.87,57.02,0.010507977598415152,0.0019310108694936545,0.0,0.0,0.0,0.0,0.0,0.0,False
2019-11-11,2.728,56.61,-0.05074328979031417,-0.0072164354359580685,0.0,0.0,0.0,0.0,0.0,0.0,False
2019-11-12,2.621,56.67,-0.04001281563994641,0.0010593221329600055,0.0,0.0,0.0,0.0,0.0,0.0,False
2019-11-13,2.65,56.88,0.011003715656861535,0.003698815313457615,0.0,0.0,0.0,0.0,0.0,0.0,False
2019-11-14,2.719,56.57,0.025704525652202936,-0.005464976139921696,0.0,0.0,0.0,0.0,0.0,0.0,False
2019-11-15,2.7,57.54,-0.007012392640050269,0.017001548768337926,0.0,0.0,0.0,0.0,0.0,0.0,False
2019-11-18,2.566,56.82,-0.05090350681683886,-0.01259198169736031,0.0,0.0,0.0,0.0,0.0,0.0,False
2019-11-19,2.529,54.93,-0.01452429850561654,-0.03382872907151313,0.0,0.0,0.0,0.0,0.0,0.0,False
2019-11-20,2.56,56.71,0.01218329080364311,0.0318909146714077,0.0,0.0,0.0,0.0,0.0,0.0,False
2019-11-21,2.53,58.36,-0.01178795575204239,0.028680161628648726,0.0,0.0,0.0,0.0,0.0,0.0,False
2019-11-22,2.62,57.68,0.034955015033576786,-0.011720230677891408,0.0,0.0,0.0,0.0,0.0,0.0,False
2019-11-25,2.531,57.79,-0.03455983621001846,0.0019052573529929617,0.0,0.0,0.0,0.0,0.0,0.0,False
2019-11-26,2.47,58.25,-0.024396330923101228,0.007928342116123588,0.0,0.0,0.0,0.0,0.0,0.0,False
2019-11-27,2.383,58.12,-0.035857952523280834,-0.0022342537437278764,0.0,0.0,0.0,0.0,0.0,0.0,False
2019-11-28,2.272,,-0.04769969725770018,,0.0,0.0,0.0,0.0,0.0,0.0,False
2019-11-29,2.136,58.12,-0.061725579760956384,,0.0,0.0,0.0,0.0,0.0,0.0,False
2019-12-02,2.329,55.97,0.08650406980425551,-0.03769400579881399,0.0,0.0,0.0,0.0,-0.0119495671242475,0.0,False
2019-12-03,2.441,56.15,0.04696880050861896,0.00321084828118412,0.0,0.0,0.0,0.0,-0.0119495671242475,0.0,False
2019-12-04,2.192,58.46,-0.10759342232505376,0.04031607849864738,0.0,0.0,0.0,0.0,-0.0119495671242475,0.0,False
2019-12-05,2.427,58.42,0.10184155765869518,-0.0006844627235045309,0.0,0.0,0.0,0.0,-0.0034764762967824,0.0,False
2019-12-06,2.334,59.2,-0.039072392880100115,0.013263244930365126,0.0,0.0,0.0,0.0,-0.0034764762967824,0.0,False
2019-12-09,2.145,58.99,-0.08444398148438392,-0.0035536038749768295,0.0,0.0,0.0,0.0,-0.0034764762967824,0.0,False
2019-12-10,2.264,59.22,0.05399360796095609,0.0038913846584618383,0.0,0.0,0.0,0.0,-0.0145691893994808,-0.0145691893994808,False
2019-12-11,2.148,58.74,-0.05259598369431806,-0.008138396902971579,0.0,0.0,0.0,0.0,-0.0145691893994808,-0.0145691893994808,False
2019-12-12,2.271,59.18,0.05568308647680298,0.007462721201589417,0.0,0.0,0.0,0.0,-0.0145691893994808,-0.0145691893994808,False
2019-12-13,2.296,60.11,0.010948215333898559,0.01559257007900694,0.0,0.0,0.0,0.0,-0.0145691893994808,-0.0145691893994808,False
2019-12-16,2.34,60.21,0.018982450912290116,0.0016622344252859023,0.0,0.0,0.0,0.0,0.0,0.0,False
2019-12-17,2.3,60.88,-0.017241806434506124,0.011066262077074285,0.0,0.0,0.0,0.0,0.0,0.0,False
2019-12-18,2.286,60.93,-0.006105557562484987,0.0008209507069727451,0.0,0.0,0.0,0.0,0.0,0.0,False
2019-12-19,2.168,61.3,-0.05299848179521904,0.006054178681762501,0.0,0.0,0.0,0.0,0.0,0.0,False
2019-12-20,2.328,60.43,0.07120444629179146,-0.014294172568698471,0.0,0.0,0.0,0.0,0.0,0.0,False
2019-12-23,2.145,60.51,-0.08186997748921099,0.001322970260762446,0.0,0.0,0.0,0.0,0.0,0.0,False
2019-12-24,2.11,61.17,-0.016451604892005256,0.010848232620244147,0.0,0.0,0.0,0.0,0.0,0.0,False
2019-12-25,2.138,61.17,0.013182865114878317,0.0,0.0,0.0,0.0,0.0,0.0,0.0,False
2019-12-26,2.213,61.72,0.03447824846605929,0.00895115424048587,0.0,0.0,0.0,0.0,0.0,0.0,False
2019-12-27,2.231,61.76,0.00810085438148278,0.0006478782215610934,0.0,0.0,0.0,0.0,0.0,0.0,False
2019-12-30,2.186,61.66,-0.020376525696048642,-0.001620483258516714,0.0,0.0,0.0,0.0,0.0,0.0,False
2019-12-31,2.149,61.14,-0.017070772093973452,-0.008469105995315473,0.0,0.0,0.0,0.0,0.0,0.0,False
2020-01-01,,,,,0.0,0.0,0.0,0.0,0.0,0.0,False
2020-01-02,2.093,61.17,,,0.0,0.0,0.0,0.0,0.0,0.0,False
2020-01-03,2.113,63.0,0.00951029517005697,0.02947785313705875,0.0,0.0,0.0,0.0,-0.0126816015690565,0.0,False
2020-01-06,2.135,63.27,0.01035790804666814,0.004276556767260686,0.0,0.0,0.0,0.0,-0.0126816015690565,0.0,False
2020-01-07,2.183,62.7,0.022233430887218963,-0.009049835519918226,0.0,0.0,0.0,0.0,-0.0126816015690565,0.0,False
2020-01-08,2.141,59.65,-0.019427067960261057,-0.04986729909494958,0.0,0.0,0.0,0.0,-0.0126816015690565,0.0,False
2020-01-09,2.166,59.56,0.011609138971253152,-0.001509940728117165,0.0,0.0,0.0,0.0,0.0,0.0,False
2020-01-10,2.168,59.02,0.0009229349986009661,-0.009107838301014581,0.0,0.0,0.0,0.0,0.0,0.0,False
2020-01-13,2.203,58.17,0.01601498424280612,-0.01450661159212352,0.0,0.0,0.0,0.0,0.0,0.0,False
2020-01-14,2.15,58.34,-0.024352225680634554,0.0029182065169051086,0.0,0.0,0.0,0.0,0.0,0.0,False
2020-01-15,2.01,57.86,-0.06733312006858716,-0.008261664891586307,0.0,0.0,0.0,0.0,0.0,0.0,False
2020-01-16,2.077,58.52,0.03278982282299092,0.011342276603934387,0.0,0.0,0.0,0.0,0.0,0.0,False
2020-01-17,2.003,58.55,-0.03627848821029389,0.0005125138918025129,0.0,0.0,0.0,0.0,0.0,0.0,False
2020-01-20,,,,,0.0,0.0,0.0,0.0,0.0,0.0,False
2020-01-21,1.989,58.25,,,0.0,0.0,0.0,0.0,0.0,0.0,False
2020-01-22,1.992,56.76,0.001507159290571325,-0.025912240153968646,0.0,0.0,0.0,0.0,0.0,0.0,False
2020-01-23,1.926,55.51,-0.03369384578647272,-0.022268667589771418,0.0,0.0,0.0,0.0,0.0,0.0,False
2020-01-24,1.968,54.09,0.021572485254127804,-0.025913858818734425,0.0,0.0,0.0,0.0,0.0,0.0,False
2020-01-27,1.915,53.09,-0.02730017599745227,-0.01866073928775558,0.0,0.0,0.0,0.0,0.0,0.0,False
2020-01-28,1.934,53.33,0.009872774398493211,0.004510438016930518,0.0,0.0,0.0,0.0,0.0,0.0,False
2020-01-29,1.877,53.29,-0.02991563942673081,-0.0007503283038197139,0.0,0.0,0.0,0.0,-0.0082654077559709,0.0,False
2020-01-30,1.94,52.19,0.033013215470865,-0.020857790653369346,0.0,0.0,0.0,0.0,-0.0082654077559709,0.0,False
2020-01-31,1.841,51.58,-0.05237907082429594,-0.011756905202123136,0.0,0.0,0.0,0.0,-0.0130020920187234,0.0,False
2020-02-03,1.9,50.06,0.031544983921453884,-0.029911714449570415,0.0,0.0,0.0,0.0,-0.0130020920187234,-0.0142610408365726,False
2020-02-04,1.872,49.59,-0.014846508116994284,-0.009433085502585481,0.0,0.0,0.0,0.0,-0.0130020920187234,-0.0142610408365726,False
2020-02-05,1.861,50.87,-0.005893400395286741,0.025484158333631157,0.0,0.0,0.0,0.0,-0.0130020920187234,-0.0142610408365726,False
2020-02-06,2.001,50.94,0.07253307794148267,0.0013751107166370957,0.0,0.0,0.0,0.0,0.0,-0.0142610408365726,False
2020-02-07,1.93,50.34,-0.03612705268480221,-0.011848479844140947,0.0,0.0,0.0,0.0,0.0,0.0,False
2020-02-10,1.766,49.59,-0.08880290073502584,-0.015010789206127306,0.0,0.0,0.0,0.0,0.0,0.0,False
2020-02-11,1.882,50.0,0.06361793898141954,0.00823380492710335,0.0,0.0,0.0,0.0,0.0,0.0,False
2020-02-12,1.929,51.13,0.02466669276040423,0.022348403663762006,0.0,0.0,0.0,0.0,0.0,0.0,False
2020-02-13,1.913,51.41,-0.008329043465476249,0.0054612969755054586,0.0,0.0,0.0,0.0,0.0,0.0,False
2020-02-14,1.856,52.03,-0.030249056094106885,0.01198776923479894,0.0,0.0,0.0,0.0,0.0,0.0,False
2020-02-17,,,,,0.0,0.0,0.0,0.0,0.0,0.0,False
2020-02-18,1.971,52.1,,,0.0,0.0,0.0,0.0,0.0,0.0,False
2020-02-19,1.955,53.31,-0.008150834733254064,0.02295898207534819,0.0,0.0,0.0,0.0,0.0,0.0,False
2020-02-20,1.974,53.77,0.00967174757396072,0.00859175998691697,0.0,0.0,0.0,0.0,0.0,0.0,False
2020-02-21,1.959,53.36,-0.007627802048886023,-0.007654289214218402,0.0,0.0,0.0,0.0,0.0,0.0,False
2020-02-24,1.89,51.36,-0.035857309890852784,-0.03820174222566264,0.0,0.0,0.0,0.0,0.0,0.0,False
2020-02-25,1.851,49.78,-0.02085079548019053,-0.031246362442259645,0.0,0.0,0.0,0.0,0.0,0.0,False
2020-02-26,1.837,48.67,-0.007592227358371839,-0.022550473094082868,0.0,0.0,0.0,0.0,-0.0085731800645589,0.0,False
2020-02-27,1.868,47.17,0.01673453357366228,-0.03130472654919281,0.0,0.0,0.0,0.0,-0.0085731800645589,0.0,False
2020-02-28,1.732,44.83,-0.07559152966640748,-0.05088053912882229,0.0,0.0,0.0,0.0,-0.0085731800645589,0.0,False
2020-03-02,1.797,46.78,0.036841797661178566,0.0425782029886852,0.0,0.0,0.0,0.0,-0.0085731800645589,0.0,False
2020-03-03,1.78,47.27,-0.009505243497428206,0.010420083649111955,0.0,0.0,0.0,0.0,-0.0123942475765943,0.0,False
2020-03-04,1.83,46.78,0.027702602549335764,-0.010420083649111955,0.0,0.0,0.0,0.0,-0.0123942475765943,0.0,False
2020-03-05,1.876,45.9,0.02482588373070327,-0.01899064408953377,0.0,0.0,0.0,0.0,-0.0123942475765943,0.0,False
2020-03-06,1.902,41.14,0.013764113539165734,-0.10948423284168829,0.0,0.0,0.0,0.0,-0.0123942475765943,0.0,False
2020-03-09,1.74,31.05,-0.08902085089676093,-0.28138207584532315,0.0,0.0,0.0,0.0,0.0,0.0,False
2020-03-10,1.985,34.47,0.13173380091271614,0.10449057214928592,0.0,0.0,0.0,0.0,0.0,0.0,False
2020-03-11,1.995,33.13,0.005025136202673086,-0.03965016421696932,0.0,0.0,0.0,0.0,0.0,0.0,False
2020-03-12,1.841,31.56,-0.08033514809088604,-0.04854872033413127,0.0,0.0,0.0,0.0,0.0,0.0,False
2020-03-13,2.065,31.72,0.11482132416205526,0.005056900788973806,0.0,0.0,0.0,0.0,-0.0038799084722995,0.0,False
2020-03-16,1.89,28.96,-0.08855339734144507,-0.09103182924913122,0.0,0.0,0.0,0.0,-0.0038799084722995,0.0,False
2020-03-17,1.852,26.96,-0.02031069284756326,-0.07156128147340945,0.0,0.0,0.0,0.0,-0.0038799084722995,0.0,False
2020-03-18,1.647,20.48,-0.11731068502848446,-0.2749054858727993,0.0,0.0,0.0,0.0,-0.0038799084722995,0.0,False
2020-03-19,1.821,25.09,0.1004303495499676,0.20302056020702386,0.0,0.0,0.0,0.0,-0.0102343745529651,0.0,False
2020-03-20,1.765,19.48,-0.03123511036021087,-0.2530810621639419,0.0,0.0,0.0,0.0,-0.0102343745529651,0.0,False
2020-03-23,1.909,23.33,0.07842885435835056,0.18035178781894956,0.0,0.0,0.0,0.0,-0.0102343745529651,0.0,False
2020-03-24,1.653,21.03,-0.14398772590472342,-0.10379009631873037,0.0,0.0,0.0,0.0,-0.0130526423454284,-0.0130526423454284,False
2020-03-25,1.659,20.75,0.003623192369420325,-0.013403743037900817,0.0,0.0,0.0,0.0,-0.0130526423454284,-0.0130526423454284,False
2020-03-26,1.94,16.6,0.15647296186692927,-0.2231435513142097,0.0,0.0,0.0,0.0,-0.0130526423454284,-0.0130526423454284,False
2020-03-27,1.671,15.48,-0.14926572346198008,-0.06985382720091682,0.0,0.0,0.0,0.0,-0.0130526423454284,-0.0130526423454284,False
2020-03-30,1.931,14.1,0.14461575383312075,-0.0933740707774584,0.0,0.0,0.0,0.0,0.0,0.0,False
2020-03-31,1.978,20.51,0.02404822975414289,0.3747377747001668,0.0,0.0,0.0,0.0,-0.0026055388152599,0.0,False
2020-04-01,1.587,20.28,-0.22024079165624832,-0.011277393361306842,0.0,0.0,0.0,0.0,-0.0026055388152599,0.0,False
2020-04-02,1.552,25.18,-0.022301019783244946,0.2164148498932188,0.0,0.0,0.0,0.0,-0.0026055388152599,0.0,False
2020-04-03,1.621,28.36,0.04349882099251201,0.11892967304772561,0.0,0.0,0.0,0.0,-0.0026055388152599,0.0,False
2020-04-06,1.64,26.21,0.01165299908256795,-0.07883868432861174,0.0,0.0,0.0,0.0,0.0,0.0,False
2020-04-07,1.83,23.54,0.10961972501722256,-0.10743991550318466,0.0,0.0,0.0,0.0,-0.0112420618534088,0.0,False
2020-04-08,2.11,24.97,0.1423719806346455,0.05897400245955131,0.0,0.0,0.0,0.0,-0.0112420618534088,0.0,False
2020-04-09,1.733,22.9,-0.196833936754506,-0.08653819373148774,0.0,0.0,0.0,0.0,-0.0112420618534088,0.0,False
2020-04-10,,,,,0.0,0.0,0.0,0.0,-0.0112420618534088,0.0,False
2020-04-13,1.86,22.36,,,0.0,0.0,0.0,0.0,0.0,0.0,False
2020-04-14,1.826,20.15,-0.018448705552333244,-0.10406935989420685,0.0,0.0,0.0,0.0,0.0,0.0,False
2020-04-15,1.748,19.96,-0.04365550493943304,-0.009474017509373933,0.0,0.0,0.0,0.0,-0.0127723477780818,0.0,False
2020-04-16,1.59,19.82,-0.09473826100120347,-0.0070387419814759156,0.0,0.0,0.0,0.0,-0.0127723477780818,0.0,False
2020-04-17,1.753,18.31,0.09759458970695717,-0.07924417021542274,0.0,0.0,0.0,0.0,-0.0127723477780818,0.0,False
2020-04-20,2.312,-36.98,0.27678434487103354,,0.0,0.0,0.0,0.0,-0.0127723477780818,0.0,False
2020-04-21,1.821,8.91,-0.23872715006466005,,0.0,0.0,0.0,0.0,0.0,0.0,False
2020-04-22,2.236,13.64,0.2053027545473819,0.42583241093259794,0.0,0.0,0.0,0.0,0.0,0.0,False
2020-04-23,2.155,15.06,-0.036897831737141784,0.09903556995643159,0.0,0.0,0.0,0.0,0.0,0.0,False
2020-04-24,2.224,15.99,0.03151665283262506,0.05992130447411537,0.0,0.0,0.0,0.0,0.0,0.0,False
2020-04-27,1.916,12.17,-0.14906769683966725,-0.272989619846427,0.0,0.0,0.0,0.0,0.0,0.0,False
2020-04-28,1.948,12.4,0.016563525671674517,0.018722565611555275,0.0,0.0,0.0,0.0,0.0,0.0,False
2020-04-29,2.196,15.04,0.11983431842694092,0.19301684591070245,0.0,0.0,0.0,0.0,-0.0027899239212274,0.0,False
2020-04-30,1.63,19.23,-0.2980575088286133,0.2457582410789949,0.0,0.0,0.0,0.0,-0.0029214620590209,0.0,False
2020-05-01,2.242,19.72,0.3187883098312973,0.025161789573800775,0.0,0.0,0.0,0.0,-0.0117183489104112,0.0,False
2020-05-04,1.78,20.47,-0.23075496034597442,0.03732705049870866,0.0,0.0,0.0,0.0,-0.0117183489104112,0.0,False
2020-05-05,2.134,24.56,0.18138478857556783,0.1821587036057437,0.0,0.0,0.0,0.0,-0.0117183489104112,0.0,False
2020-05-06,2.308,23.88,0.07838319576629138,-0.02807781475454041,0.0,0.0,0.0,0.0,-0.0117183489104112,0.0,False
2020-05-07,1.894,23.68,-0.19769035388196654,-0.00841047850859633,0.0,0.0,0.0,0.0,0.0,0.0,False
2020-05-08,2.207,24.73,0.1529431325107128,0.04338627151751995,0.0,0.0,0.0,0.0,0.0,0.0,False
2020-05-11,1.826,24.02,-0.18950634510182252,-0.02913026488148729,0.0,0.0,0.0,0.0,0.0,0.0,False
2020-05-12,1.72,25.76,-0.05980349134741503,0.06993608458431533,0.0,0.0,0.0,0.0,-0.0147318486124277,0.0,False
2020-05-13,1.616,25.37,-0.062370330726458034,-0.015255527624962184,0.0,0.0,0.0,0.0,-0.0147318486124277,0.0,False
2020-05-14,1.681,27.4,0.039434894327574854,0.07697563978283384,0.0,0.0,0.0,0.0,-0.0098369214683771,0.0,False
2020-05-15,1.833,29.44,0.08656511443108938,0.07181128046665108,0.0,0.0,0.0,0.0,-0.0098369214683771,0.0,False
2020-05-18,2.05,31.83,0.11188582429274885,0.07805494743332586,0.0,0.0,0.0,0.0,-0.0098369214683771,0.0,False
2020-05-19,2.122,32.3,0.03451924704147458,0.014657988934609456,0.0,0.0,0.0,0.0,-0.0098369214683771,0.0,False
2020-05-20,1.909,33.56,-0.10577949544818077,0.03826765137039434,0.0,0.0,0.0,0.0,0.0,0.0,False
2020-05-21,1.75,34.3,-0.08696375680818791,0.021810472572888706,0.0,0.0,0.0,0.0,0.0,0.0,False
2020-05-22,1.958,33.49,0.11230775617289601,-0.023898467365780718,0.0,0.0,0.0,0.0,0.0,0.0,False
2020-05-25,,,,,0.0,0.0,0.0,0.0,0.0,0.0,False
2020-05-26,1.793,34.7,,,0.0,0.0,0.0,0.0,0.0,0.0,False
2020-05-27,1.722,32.8,-0.04040378861745675,-0.05631117156271559,0.0,0.0,0.0,0.0,0.0,0.0,False
2020-05-28,1.975,33.67,0.13708199234754626,0.026178717782885386,0.0,0.0,0.0,0.0,0.0,0.0,False
2020-05-29,1.94,35.57,-0.0178804252778485,0.05489535278738078,0.0,0.0,0.0,0.0,-0.0122499633580446,0.0,False
2020-06-01,1.924,35.49,-0.008281620831722014,-0.0022516193019588293,0.0,0.0,0.0,0.0,-0.0049009211361408,0.0,False
2020-06-02,1.876,36.88,-0.02526450165948191,0.03841843202998785,0.0,0.0,0.0,0.0,-0.011391595005989,0.0,False
2020-06-03,1.915,37.33,0.020575772048576524,0.012127894238099568,0.0,0.0,0.0,0.0,-0.011391595005989,0.0,False
2020-06-04,1.917,37.42,0.0010438414308980848,0.002408027919451161,0.0,0.0,0.0,0.0,-0.011391595005989,0.0,False
2020-06-05,1.941,39.49,0.0124418401233658,0.0538421544526142,0.0,0.0,0.0,0.0,-0.011391595005989,0.0,False
2020-06-08,1.892,38.17,-0.025568833557186754,-0.03399760854141931,0.0,0.0,0.0,0.0,0.0,0.0,False
2020-06-09,1.863,38.98,-0.015446379010235045,0.020998827322276092,0.0,0.0,0.0,0.0,0.0,0.0,False
2020-06-10,1.925,39.54,0.032737876120296105,0.014264123663056072,0.0,0.0,0.0,0.0,0.0,0.0,False
2020-06-11,2.045,36.43,0.06047182175501753,-0.0819202067219984,0.0,0.0,0.0,0.0,0.0,0.0,False
2020-06-12,1.731,36.24,-0.16669851330069285,-0.005229129845693681,0.0,0.0,0.0,0.0,0.0,0.0,False
2020-06-15,1.917,37.07,0.10206218786943522,0.022644535987862202,0.0,0.0,0.0,0.0,0.0,0.0,False
2020-06-16,1.614,38.26,-0.17204589421575034,0.0315969468494659,0.0,0.0,0.0,0.0,0.0,0.0,False
2020-06-17,1.727,37.91,0.06767022931678446,-0.009190034483863574,0.0,0.0,0.0,0.0,0.0,0.0,False
2020-06-18,1.898,38.79,0.0944149010231945,0.022947551923632403,0.0,0.0,0.0,0.0,0.0,0.0,False
2020-06-19,1.49,39.72,-0.24202458023036827,0.023692357725096258,0.0,0.0,0.0,0.0,0.0,0.0,False
2020-06-22,1.664,40.6,0.11044822244164904,0.02191322743071522,0.0,0.0,0.0,0.0,0.0,0.0,False
2020-06-23,1.637,40.4,-0.016359044010018975,-0.00493828164058252,0.0,0.0,0.0,0.0,0.0,0.0,False
2020-06-24,1.723,37.91,0.051201659156794754,-0.06361485543886136,0.0,0.0,0.0,0.0,0.0,0.0,False
2020-06-25,1.482,38.66,-0.15067443067189745,0.019590544251941733,0.0,0.0,0.0,0.0,0.0,0.0,False
2020-06-26,1.605,38.53,0.07973122970808405,-0.003368315142118661,0.0,0.0,0.0,0.0,-0.007072371430695,0.0,False
2020-06-29,1.863,39.67,0.14906433503747224,0.02915807588817243,0.0,0.0,0.0,0.0,-0.007072371430695,0.0,False
2020-06-30,1.76,39.27,-0.05687428256939098,-0.010134365936320222,0.0,0.0,0.0,0.0,-0.007072371430695,0.0,False
2020-07-01,1.721,39.88,-0.022408291820658066,0.015414076503719176,0.0,0.0,0.0,0.0,-0.0052797272801399,0.0,False
2020-07-02,1.785,40.57,0.03651289800219992,0.017153932124718274,0.0,0.0,0.0,0.0,-0.0184573549777269,0.0,False
2020-07-03,,,,,0.0,0.0,0.0,0.0,-0.0184573549777269,0.0,False
2020-07-06,2.335,40.51,,,0.0,0.0,0.0,0.0,-0.0184573549777269,0.0,False
2020-07-07,1.76,40.59,-0.28269808207080016,0.0019728736362072397,0.0,0.0,0.0,0.0,-0.0048614628612995,0.0,False
2020-07-08,1.876,40.91,0.06382804153397237,0.007852801090500794,0.0,0.0,0.0,0.0,-0.0048614628612995,0.0,False
2020-07-09,1.821,39.64,-0.02975604983856195,-0.031535822479519915,0.0,0.0,0.0,0.0,-0.0048614628612995,0.0,False
2020-07-10,1.847,40.56,0.014176900471632004,0.02294364982114061,0.0,0.0,0.0,0.0,-0.0048614628612995,0.0,False
2020-07-13,1.797,40.06,-0.02744409341568088,-0.012404029045255616,0.0,0.0,0.0,0.0,0.0,0.0,False
2020-07-14,1.746,40.3,-0.028791150384011588,0.005973138714964854,0.0,0.0,0.0,0.0,0.0,0.0,False
2020-07-15,1.917,41.2,0.09343400664609702,0.022086787402843644,0.0,0.0,0.0,0.0,0.0,0.0,False
2020-07-16,2.35,40.74,0.20365386409256014,-0.011227845556820881,0.0,0.0,0.0,0.0,0.0,0.0,False
2020-07-17,1.876,40.55,-0.22527347757203475,-0.00467463023723802,0.0,0.0,0.0,0.0,0.0,0.0,False
2020-07-20,1.684,40.83,-0.10796993476389782,0.006881324770062314,0.0,0.0,0.0,0.0,-0.0114284865558147,-0.0114284865558147,False
2020-07-21,1.66,41.76,-0.014354313451683143,0.022521838242898884,0.0,0.0,0.0,0.0,-0.0114284865558147,-0.0114284865558147,False
2020-07-22,1.69,41.88,0.01791092656653026,0.0028694424279529507,0.0,0.0,0.0,0.0,-0.0028106812387704,-0.0114284865558147,False
2020-07-23,1.785,40.99,0.054689886296620194,-0.021480251486089674,0.0,0.0,0.0,0.0,-0.0028106812387704,-0.0114284865558147,False
2020-07-24,1.994,41.23,0.11072425630804428,0.005838012202562304,0.0,0.0,0.0,0.0,-0.0028106812387704,0.0,False
2020-07-27,1.734,41.46,-0.13971179318129645,0.005562960288824748,0.0,0.0,0.0,0.0,-0.0028106812387704,0.0,False
2020-07-28,1.83,40.89,0.053885088494979416,-0.013843572631082601,0.0,0.0,0.0,0.0,-0.0182665735483169,0.0,False
2020-07-29,1.854,41.13,0.013029500290333895,0.00585224786578209,0.0,0.0,0.0,0.0,-0.0182665735483169,0.0,False
2020-07-30,1.829,39.85,-0.013576097734934844,-0.03161537700610895,0.0,0.0,0.0,0.0,-0.0182665735483169,0.0,False
2020-07-31,2.418,40.1,0.27917138278387243,0.006253929076299514,0.0,0.0,0.0,0.0,-0.015199281896154,0.0,False
2020-08-03,1.95,40.83,-0.2151113796169456,0.018040771018960733,0.0,0.0,0.0,0.0,-0.0047959052026271,0.0,False
2020-08-04,2.193,41.67,0.11744109686009574,0.02036434010287813,0.0,0.0,0.0,0.0,-0.0047959052026271,0.0,False
2020-08-05,2.191,42.25,-0.0009124088224218285,0.013822908368820386,0.0,0.0,0.0,0.0,-0.0047959052026271,0.0,False
2020-08-06,2.985,41.93,0.30924168623123593,-0.007602792620511334,0.0,0.0,0.0,0.0,-0.0047959052026271,0.0,False
2020-08-07,2.15,41.16,-0.32813190470499387,-0.018534650216822435,0.0,0.0,0.0,0.0,0.0,0.0,False
2020-08-10,2.18,41.94,0.013857034661426293,0.01877311450792485,0.0,0.0,0.0,0.0,0.0,0.0,False
2020-08-11,2.67,41.53,0.20275359561116046,-0.009823967831111613,0.0,0.0,0.0,0.0,0.0,0.0,False
2020-08-12,2.152,42.6,-0.21568083011262018,0.025438195632662808,0.0,0.0,0.0,0.0,0.0,0.0,False
2020-08-13,2.182,42.26,0.01384424511134108,-0.008013241087414524,0.0,0.0,0.0,0.0,-0.0159044619649648,0.0,False
2020-08-14,3.104,42.05,0.35244971491009325,-0.004981625768953446,0.0,0.0,0.0,0.0,-0.0159044619649648,0.0,False
2020-08-17,2.476,42.89,-0.2260472474986227,0.01977931210983197,0.0,0.0,0.0,0.0,-0.0159044619649648,0.0,False
2020-08-18,2.87,42.89,0.1476676749491802,0.0,0.0,0.0,0.0,0.0,-0.0159044619649648,0.0,False
2020-08-19,2.426,42.91,-0.1680682192496714,0.00046620047464429604,0.0,0.0,0.0,0.0,0.0,0.0,False
2020-08-20,2.827,42.62,0.15297226818959486,-0.006781272332962107,0.0,0.0,0.0,0.0,0.0,0.0,False
2020-08-21,3.158,42.32,0.11072283712199704,-0.0070638391204274065,0.0,0.0,0.0,0.0,0.0,0.0,False
2020-08-24,2.616,42.44,-0.18829248223849804,0.002831526195738565,0.0,0.0,0.0,0.0,0.0,0.0,False
2020-08-25,2.596,43.17,-0.0076746347531087,0.017054495821603677,0.0,0.0,0.0,0.0,0.0,0.0,False
2020-08-26,2.825,43.21,0.08453656575656077,0.0009261403764559972,0.0,0.0,0.0,0.0,0.0,0.0,False
2020-08-27,3.216,42.88,0.12962998671831572,-0.007666433181295229,0.0,0.0,0.0,0.0,0.0,0.0,False
2020-08-28,2.916,42.96,-0.09792553717030827,0.0018639334380625705,0.0,0.0,0.0,0.0,0.0,0.0,False
2020-08-31,2.63,42.61,-0.10322896795673864,-0.008180482688788793,0.0,0.0,0.0,0.0,0.0,0.0,False
2020-09-01,2.527,42.76,-0.03995101778361587,0.0035141186450240447,0.0,0.0,0.0,0.0,0.0,0.0,False
2020-09-02,2.15,42.76,-0.16156498626648585,0.0,0.0,0.0,0.0,0.0,0.0,0.0,False
2020-09-03,3.374,41.39,0.4506311419842052,-0.032563780396203335,0.0,0.0,0.0,0.0,0.0,0.0,False
2020-09-04,1.8,39.69,-0.6283123192216575,-0.04194003896566745,0.0,0.0,0.0,0.0,0.0,0.0,False
2020-09-07,,,,,0.0,0.0,0.0,0.0,0.0,0.0,False
2020-09-08,3.235,36.87,,,0.0,0.0,0.0,0.0,0.0,0.0,False
2020-09-09,2.406,38.05,-0.2960633104003768,0.03150287206164171,0.0,0.0,0.0,0.0,-0.0137550719082355,0.0,False
2020-09-10,2.798,37.25,0.15093925869080238,-0.021249139482126367,0.0,0.0,0.0,0.0,-0.0137550719082355,0.0,False
2020-09-11,3.29,37.33,0.161982688533991,0.0021453481009241493,0.0,0.0,0.0,0.0,-0.0137550719082355,0.0,False
2020-09-14,3.284,37.23,-0.0018253731870987444,-0.0026824050418672307,0.0,0.0,0.0,0.0,-0.0137550719082355,0.0,False
2020-09-15,2.741,38.29,-0.1807393742695329,0.028073877604577913,0.0,0.0,0.0,0.0,0.0,0.0,False
2020-09-16,3.249,40.17,0.1700244393663144,0.04793168288198757,0.0,0.0,0.0,0.0,0.0,0.0,False
2020-09-17,1.65,40.99,-0.6775719687744741,0.020207686145055526,0.0,0.0,0.0,0.0,0.0,0.0,False
2020-09-18,3.285,41.09,0.6885913640240848,0.0024366483790720928,0.0,0.0,0.0,0.0,0.0,0.0,False
2020-09-21,1.33,39.26,-0.9041877097029115,-0.04555859404700335,0.0,0.0,0.0,0.0,-0.0074925981462001,0.0,False
2020-09-22,1.49,39.55,0.11359717772370531,0.007359505365347907,0.0,0.0,0.0,0.0,-0.0074925981462001,0.0,False
2020-09-23,1.74,39.92,0.15510899326906985,0.009311757229600204,0.0,0.0,0.0,0.0,-0.0074925981462001,0.0,False
2020-09-24,3.343,40.11,0.6529834942115239,0.004748228338698368,0.0,0.0,0.0,0.0,-0.011184487491846,-0.011184487491846,False
2020-09-25,3.277,40.06,-0.01994023772128406,-0.001247349544289289,0.0,0.0,0.0,0.0,-0.011184487491846,-0.011184487491846,False
2020-09-28,2.101,40.47,-0.44451494785381407,0.01018262865010211,0.0,0.0,0.0,0.0,-0.011184487491846,-0.011184487491846,False
2020-09-29,2.561,39.03,0.19798438535452478,-0.03623037769525084,0.0,0.0,0.0,0.0,-0.011184487491846,-0.011184487491846,False
2020-09-30,2.527,40.05,-0.013364978811330919,0.025798092321844823,0.0,0.0,0.0,0.0,0.0,0.0,False
2020-10-01,2.527,38.51,0.0,-0.039210725687550685,0.0,0.0,0.0,0.0,-0.0186537187546491,0.0,False
2020-10-02,2.438,36.9,-0.035854797346977385,-0.04270639678033605,0.0,0.0,0.0,0.0,-0.0108683295547962,0.0,False
2020-10-05,3.293,39.12,0.3006209723351473,0.05842229412013511,0.0,0.0,0.0,0.0,-0.0116505362093448,0.0,False
2020-10-06,3.096,40.52,-0.061688047666746515,0.03516183421386598,0.0,0.0,0.0,0.0,-0.0116505362093448,0.0,False
2020-10-07,2.606,39.82,-0.17229447702482736,-0.017426380744432368,0.0,0.0,0.0,0.0,-0.0116505362093448,0.0,False
2020-10-08,2.627,41.04,0.008026032000749472,0.030177902226463882,0.0,0.0,0.0,0.0,-0.0116505362093448,0.0,False
2020-10-09,2.741,40.44,0.04248030661724611,-0.014727806710243652,0.0,0.0,0.0,0.0,0.0,0.0,False
2020-10-12,3.355,39.22,0.20212895310299617,-0.030632573384070216,0.0,0.0,0.0,0.0,0.0,0.0,False
2020-10-13,3.341,40.03,-0.004181607049025482,0.02044235223628199,0.0,0.0,0.0,0.0,0.0,0.0,False
2020-10-14,3.189,40.86,-0.04656277534669906,0.020522416384993747,0.0,0.0,0.0,0.0,0.0,0.0,False
2020-10-15,3.261,40.84,0.022326508779261678,-0.0004895960930113574,0.0,0.0,0.0,0.0,0.0,0.0,False
2020-10-16,3.364,40.7,0.031096845303519416,-0.0034339008479151722,0.0,0.0,0.0,0.0,0.0,0.0,False
2020-10-19,2.795,40.69,-0.18529863550363923,-0.00024573043495124125,0.0,0.0,0.0,0.0,0.0,0.0,False
2020-10-20,2.57,41.37,-0.08392620769993397,0.01657361845972183,0.0,0.0,0.0,0.0,0.0,0.0,False
2020-10-21,2.95,39.88,0.1378992714446,-0.03668103537968248,0.0,0.0,0.0,0.0,0.0,0.0,False
2020-10-22,3.007,40.46,0.019137733654663647,0.014438886645961713,0.0,0.0,0.0,0.0,0.0,0.0,False
2020-10-23,3.285,39.73,0.08842374793018193,-0.018207261913091966,0.0,0.0,0.0,0.0,0.0,0.0,False
2020-10-26,3.14,38.39,-0.04514385201641202,-0.0343095608138011,0.0,0.0,0.0,0.0,0.0,0.0,False
2020-10-27,3.07,39.34,-0.02254523832105626,0.024444803948206584,0.0,0.0,0.0,0.0,-0.0025788098573684,0.0,False
2020-10-28,2.996,37.27,-0.02439949594413271,-0.0540530994697459,0.0,0.0,0.0,0.0,-0.0025788098573684,0.0,False
2020-10-29,3.06,35.94,0.021136850309316335,-0.036337832135754145,0.0,0.0,0.0,0.0,-0.0025788098573684,0.0,False
2020-10-30,3.354,35.64,0.09173874743672772,-0.008382278752804062,0.0,0.0,0.0,0.0,-0.0151260700076818,0.0,False
2020-11-02,3.219,36.6,-0.04108291108434603,0.02657963780471162,0.0,0.0,0.0,0.0,-0.0151260700076818,0.0,False
2020-11-03,3.195,37.44,-0.00748366448717297,0.022691411202070633,0.0,0.0,0.0,0.0,-0.0151260700076818,0.0,False
2020-11-04,3.14,38.97,-0.017364287909336085,0.04005246774122684,0.0,0.0,0.0,0.0,-0.0151260700076818,0.0,False
2020-11-05,2.977,38.56,-0.05330671788652275,-0.01057664960827287,0.0,0.0,0.0,0.0,0.0,0.0,False
2020-11-06,2.67,36.97,-0.10883760962148104,-0.04210869679380469,0.0,0.0,0.0,0.0,0.0,0.0,False
2020-11-09,2.859,40.05,0.06839344092801658,0.08002190056582803,0.0,0.0,0.0,0.0,0.0,0.0,False
2020-11-10,3.041,41.18,0.0617144953550528,0.027824028085274843,0.0,0.0,0.0,0.0,0.0,0.0,False
2020-11-11,3.026,41.23,-0.0049447933290633905,0.001213445119165435,0.0,0.0,0.0,0.0,0.0,0.0,False
2020-11-12,2.969,40.9,-0.019016419584541477,-0.008036083670052818,0.0,0.0,0.0,0.0,0.0,0.0,False
2020-11-13,3.122,39.93,0.05024862631161753,-0.024002141973626046,0.0,0.0,0.0,0.0,0.0,0.0,False
2020-11-16,2.795,41.14,-0.11064171548617785,0.029852963149681333,0.0,0.0,0.0,0.0,0.0,0.0,False
2020-11-17,2.55,41.24,-0.09173874743672761,0.0024277749239480784,0.0,0.0,0.0,0.0,0.0,0.0,False
2020-11-18,2.767,41.64,0.08167034163445408,0.009652584598009106,0.0,0.0,0.0,0.0,0.0,0.0,False
2020-11-19,2.659,41.57,-0.03981358854390615,-0.001682490482222132,0.0,0.0,0.0,0.0,0.0,0.0,False
2020-11-20,2.65,41.99,-0.003390472262751909,0.010052741431555656,0.0,0.0,0.0,0.0,0.0,0.0,False
2020-11-23,2.711,42.91,0.022757930518397695,0.021673404307331445,0.0,0.0,0.0,0.0,0.0,0.0,False
2020-11-24,2.809,44.71,0.0355109776055782,0.041092291242455836,0.0,0.0,0.0,0.0,0.0,0.0,False
2020-11-25,2.865,45.58,0.019739802044596244,0.019271833571648855,0.0,0.0,0.0,0.0,0.0,0.0,False
2020-11-26,,,,,0.0,0.0,0.0,0.0,0.0,0.0,False
2020-11-27,,,,,0.0,0.0,0.0,0.0,0.0,0.0,False
2020-11-30,2.89,45.2,,,0.0,0.0,0.0,0.0,-0.0184341631829738,0.0,False
2020-12-01,2.806,44.54,-0.029496520444071583,-0.014709425008964327,0.0,0.0,0.0,0.0,-0.0184341631829738,0.0,False
2020-12-02,2.723,45.23,-0.030025767988646646,0.015372921660530281,0.0,0.0,0.0,0.0,-0.0184341631829738,0.0,False
2020-12-03,2.476,45.65,-0.0950898588692729,0.00924302355122597,0.0,0.0,0.0,0.0,-0.0111527983099222,0.0,False
2020-12-04,2.508,46.23,0.01284126794832463,0.012625330959156411,0.0,0.0,0.0,0.0,-0.0035788360983133,0.0,False
2020-12-07,2.432,45.72,-0.030771658666753687,-0.011093099073524293,0.0,0.0,0.0,0.0,-0.0035788360983133,0.0,False
2020-12-08,2.399,45.64,-0.013661980246363004,-0.001751313932734977,0.0,0.0,0.0,0.0,-0.0035788360983133,0.0,False
2020-12-09,2.45,45.48,0.021036040699078162,-0.0035118561115394797,0.0,0.0,0.0,0.0,-0.0035788360983133,0.0,False
2020-12-10,2.57,46.76,0.04781787435049267,0.027755467721532145,0.0,0.0,0.0,0.0,0.0,0.0,False
2020-12-11,2.597,46.59,0.010451033773482998,-0.0036422107751619137,0.0,0.0,0.0,0.0,0.0,0.0,False
2020-12-14,2.682,47.02,0.032205852178875394,0.009187117283218083,0.0,0.0,0.0,0.0,0.0,0.0,False
2020-12-15,2.662,47.58,-0.007485064886566972,0.011839461762888082,0.0,0.0,0.0,0.0,0.0,0.0,False
2020-12-16,2.665,47.86,0.0011263376448880091,0.005867577605415342,0.0,0.0,0.0,0.0,0.0,0.0,False
2020-12-17,2.636,48.34,-0.010941440977547012,0.009979292795109895,0.0,0.0,0.0,0.0,0.0,0.0,False
2020-12-18,2.7,49.04,0.023989156370022635,0.014376916352619062,0.0,0.0,0.0,0.0,0.0,0.0,False
2020-12-21,2.67,47.79,-0.011173300598125269,-0.02581987903788896,0.0,0.0,0.0,0.0,0.0,0.0,False
2020-12-22,2.749,47.02,0.0291587367709506,-0.01624336947814342,0.0,0.0,0.0,0.0,0.0,0.0,False
2020-12-23,2.585,47.94,-0.06151170122271632,0.019377185894314586,0.0,0.0,0.0,0.0,0.0,0.0,False
2020-12-24,2.498,48.18,-0.03423509625700638,0.004993768180487024,0.0,0.0,0.0,0.0,0.0,0.0,False
2020-12-25,,,,,0.0,0.0,0.0,0.0,0.0,0.0,False
2020-12-28,2.357,47.5,,,0.0,0.0,0.0,0.0,0.0,0.0,False
2020-12-29,2.439,47.85,0.03419849527978913,0.007341406858368149,0.0,0.0,0.0,0.0,0.0,0.0,False
2020-12-30,2.422,48.24,-0.006994474102882675,0.008117434519966604,0.0,0.0,0.0,0.0,-0.0180431138724088,0.0,False
2020-12-31,2.555,48.35,0.05345857852476732,0.0022776694803732234,0.0,0.0,0.0,0.0,-0.0180431138724088,0.0,False
2021-01-01,,,,,0.0,0.0,0.0,0.0,-0.0180431138724088,0.0,False
2021-01-04,2.561,47.47,,,0.0,0.0,0.0,0.0,-0.0180431138724088,0.0,False
2021-01-05,2.673,49.78,0.042803629939393795,0.04751536437621917,0.0,0.0,0.0,0.0,0.0,0.0,False
2021-01-06,2.684,50.45,0.00410678195265346,0.013369449860172189,0.0,0.0,0.0,0.0,-0.0158276185393333,0.0,False
2021-01-07,2.696,50.63,0.004460973940625168,0.0035615391821997022,0.0,0.0,0.0,0.0,-0.0158276185393333,0.0,False
2021-01-08,2.7,52.14,0.0014825799602228296,0.029388122523537952,0.0,0.0,0.0,0.0,-0.0158276185393333,0.0,False
2021-01-11,2.747,52.15,0.017257634102853414,0.0001917729414255831,0.0,0.0,0.0,0.0,-0.0158276185393333,0.0,False
2021-01-12,2.707,53.08,-0.014668396480972734,0.01767602801722523,0.0,0.0,0.0,0.0,0.0,0.0,False
2021-01-13,2.689,52.81,-0.006671633345436523,-0.005099642745164612,0.0,0.0,0.0,0.0,0.0,0.0,False
2021-01-14,2.633,53.47,-0.021045496772555294,0.012420182241798194,0.0,0.0,0.0,0.0,0.0,0.0,False
2021-01-15,2.737,52.25,0.03873854954436973,-0.023080858115719582,0.0,0.0,0.0,0.0,0.0,0.0,False
2021-01-18,,,,,0.0,0.0,0.0,0.0,0.0,0.0,False
2021-01-19,2.596,52.87,,,0.0,0.0,0.0,0.0,0.0,0.0,False
2021-01-20,2.562,53.16,-0.013183595367301182,0.005470163597685929,0.0,0.0,0.0,0.0,0.0,0.0,False
2021-01-21,2.491,53.0,-0.028103967194499035,-0.003014320292922701,0.0,0.0,0.0,0.0,0.0,0.0,False
2021-01-22,2.557,52.28,0.02615046002900623,-0.013678024796100807,0.0,0.0,0.0,0.0,0.0,0.0,False
2021-01-25,2.598,52.78,0.015907221939358118,0.009518442319156772,0.0,0.0,0.0,0.0,0.0,0.0,False
2021-01-26,2.656,52.61,0.02207931336577973,-0.0032261153324619762,0.0,0.0,0.0,0.0,-0.0024536773562431,0.0,False
2021-01-27,2.76,52.81,0.038409448114871014,0.0037943509761260152,0.0,0.0,0.0,0.0,-0.0024536773562431,0.0,False
2021-01-28,2.664,52.26,-0.035401927050915716,-0.010469306626375463,0.0,0.0,0.0,0.0,-0.0024536773562431,0.0,False
2021-01-29,2.564,52.16,-0.0382602136197191,-0.0019153424740689928,0.0,0.0,0.0,0.0,-0.0119027514010667,0.0,False
2021-02-01,2.821,53.55,0.09552289296143557,0.02629987927536037,0.0,0.0,0.0,0.0,-0.0119656156748533,0.0,False
2021-02-02,2.842,54.77,0.007416597655049761,0.022526801901872506,0.0,0.0,0.0,0.0,-0.0178280174732208,0.0,False
2021-02-03,2.843,55.67,0.0003518029939537648,0.016298803399785733,0.0,0.0,0.0,0.0,-0.0178280174732208,0.0,False
2021-02-04,2.935,56.19,0.03184762061119706,0.009297402928690524,0.0,0.0,0.0,0.0,-0.0178280174732208,0.0,False
2021-02-05,2.863,56.8,-0.024837427164081882,0.0107975206029991,0.0,0.0,0.0,0.0,-0.0178280174732208,0.0,False
2021-02-08,2.941,57.95,0.02687963345588007,0.020044244058655458,0.0,0.0,0.0,0.0,0.0,0.0,False
2021-02-09,2.823,58.34,-0.040949510300505754,0.006707394653814092,0.0,0.0,0.0,0.0,0.0,0.0,False
2021-02-10,2.91,58.69,0.03035293191204902,0.005981390130667563,0.0,0.0,0.0,0.0,0.0,0.0,False
2021-02-11,2.836,58.22,-0.02575847251352026,-0.008040416252765858,0.0,0.0,0.0,0.0,0.0,0.0,False
2021-02-12,2.945,59.5,0.037714208433669016,0.02174737423410722,0.0,0.0,0.0,0.0,0.0,0.0,False
2021-02-15,,,,,0.0,0.0,0.0,0.0,0.0,0.0,False
2021-02-16,2.995,60.07,,,0.0,0.0,0.0,0.0,-0.0038712490350008,0.0,False
2021-02-17,3.04,61.09,0.014913283850717551,0.0168376377996049,0.0,0.0,0.0,0.0,-0.0038712490350008,0.0,False
2021-02-18,2.977,60.4,-0.02094143338449106,-0.011359081720906161,0.0,0.0,0.0,0.0,-0.0038712490350008,0.0,False
2021-02-19,3.038,59.12,0.020283322139941884,-0.021419828300822452,0.0,0.0,0.0,0.0,-0.0038712490350008,0.0,False
2021-02-22,3.16,61.67,0.03937262342523962,0.04222831236345481,0.0,0.0,0.0,0.0,0.0,0.0,False
2021-02-23,2.885,61.66,-0.09104712763875789,-0.00016216654539746855,0.0,0.0,0.0,0.0,0.0,0.0,False
2021-02-24,2.822,63.21,-0.022079046529440483,0.024827094026202978,0.0,0.0,0.0,0.0,0.0,0.0,False
2021-02-25,2.809,63.43,-0.0046173053085156734,0.0034744191615985187,0.0,0.0,0.0,0.0,0.0,0.0,False
2021-02-26,2.771,61.55,-0.013620282241265436,-0.03008708301534302,0.0,0.0,0.0,0.0,0.0,0.0,False
2021-03-01,2.7,60.54,-0.02595649287055779,-0.01654554903688954,0.0,0.0,0.0,0.0,-0.0142194293439388,0.0,False
2021-03-02,2.875,59.7,0.06280090123903026,-0.013972283195016644,0.0,0.0,0.0,0.0,-0.0071265511214733,0.0,False
2021-03-03,2.816,61.33,-0.020735235953517783,0.02693709923933607,0.0,0.0,0.0,0.0,-0.0071265511214733,0.0,False
2021-03-04,2.829,63.81,0.004605854023634226,0.03964079824236322,0.0,0.0,0.0,0.0,-0.0071265511214733,0.0,False
2021-03-05,2.701,66.08,-0.04630121750895155,0.03495621133246729,0.0,0.0,0.0,0.0,-0.0071265511214733,0.0,False
2021-03-08,2.755,65.03,0.019795367794399277,-0.016017427331662226,0.0,0.0,0.0,0.0,0.0,0.0,False
2021-03-09,2.662,64.02,-0.03433972263195806,-0.015653167339343632,0.0,0.0,0.0,0.0,0.0,0.0,False
2021-03-10,2.62,64.45,-0.015903402199914263,0.006694194843479551,0.0,0.0,0.0,0.0,0.0,0.0,False
2021-03-11,2.703,66.02,0.031187949521304992,0.024067997039850297,0.0,0.0,0.0,0.0,0.0,0.0,False
2021-03-12,2.636,65.59,-0.025099650654049732,-0.006534481119402358,0.0,0.0,0.0,0.0,0.0,0.0,False
2021-03-15,2.484,65.36,-0.059392452569028475,-0.003512794753897097,0.0,0.0,0.0,0.0,0.0,0.0,False
2021-03-16,2.654,64.82,0.06619777183878339,-0.00829625283834634,0.0,0.0,0.0,0.0,0.0,0.0,False
2021-03-17,2.528,64.55,-0.048639459625404724,-0.004174080420749959,0.0,0.0,0.0,0.0,-0.0087576285004615,0.0,False
2021-03-18,2.45,59.95,-0.03134045172797528,-0.07392923581912747,0.0,0.0,0.0,0.0,-0.0087576285004615,0.0,False
2021-03-19,2.535,61.43,0.034105612486510783,0.024387433702312222,0.0,0.0,0.0,0.0,-0.0087576285004615,0.0,False
2021-03-22,2.674,61.48,0.053381841636604865,0.0008136034945591675,0.0,0.0,0.0,0.0,-0.0087576285004615,0.0,False
2021-03-23,2.674,57.75,0.0,-0.06258856926849177,0.0,0.0,0.0,0.0,0.0,0.0,False
2021-03-24,2.518,61.12,-0.060110543057596,0.05671579545636174,0.0,0.0,0.0,0.0,0.0,0.0,False
2021-03-25,2.616,58.47,0.03818149797279691,-0.04432534267068622,0.0,0.0,0.0,0.0,0.0,0.0,False
2021-03-26,2.679,60.93,0.023797156967519384,0.041211862072824346,0.0,0.0,0.0,0.0,0.0,0.0,False
2021-03-29,2.765,61.49,0.031597044411826536,0.009148895704974791,0.0,0.0,0.0,0.0,0.0,0.0,False
2021-03-30,2.757,60.55,-0.0028975029326385737,-0.015405089966276542,0.0,0.0,0.0,0.0,0.0,0.0,False
2021-03-31,2.753,59.19,-0.0014519058811892638,-0.022716861296467883,0.0,0.0,0.0,0.0,-0.0128925256431102,0.0,False
2021-04-01,2.52,61.41,-0.08843232463713846,0.03682007963867395,0.0,0.0,0.0,0.0,-0.0128925256431102,0.0,False
2021-04-02,,,,,0.0,0.0,0.0,0.0,-0.0128925256431102,0.0,False
2021-04-05,2.657,58.73,,,0.0,0.0,0.0,0.0,-0.0128925256431102,0.0,False
2021-04-06,2.65,59.34,-0.0026380267795457213,0.010332945328247689,0.0,0.0,0.0,0.0,0.0,0.0,False
2021-04-07,2.52,59.77,-0.05030073847479888,0.0072202479734864156,0.0,0.0,0.0,0.0,0.0,0.0,False
2021-04-08,2.724,59.61,0.07784248676393413,-0.0026805176043271928,0.0,0.0,0.0,0.0,0.0,0.0,False
2021-04-09,2.526,59.29,-0.07546436435896675,-0.005382687512558881,0.0,0.0,0.0,0.0,0.0,0.0,False
2021-04-12,2.561,59.7,0.013760783289088918,0.006891362679279922,0.0,0.0,0.0,0.0,-0.007203210145235,0.0,False
2021-04-13,2.805,60.2,0.09100573175727145,0.008340331916219412,0.0,0.0,0.0,0.0,-0.007203210145235,0.0,False
2021-04-14,2.65,63.15,-0.05684389897652886,0.04784049648172406,0.0,0.0,0.0,0.0,-0.007203210145235,0.0,False
2021-04-15,2.805,63.42,0.05684389897652886,0.004266420313701502,0.0,0.0,0.0,0.0,-0.007203210145235,0.0,False
2021-04-16,2.68,63.16,-0.04558674445189426,-0.004108079722760394,0.0,0.0,0.0,0.0,0.0,0.0,False
2021-04-19,2.885,63.33,0.07370810543729744,0.0026879611408983095,0.0,0.0,0.0,0.0,0.0,0.0,False
2021-04-20,2.727,62.61,-0.056322796096611505,-0.011434140771120482,0.0,0.0,0.0,0.0,0.0,0.0,False
2021-04-21,2.692,61.34,-0.012917692080969934,-0.020492851071113094,0.0,0.0,0.0,0.0,0.0,0.0,False
2021-04-22,2.924,61.45,0.0826681301050507,0.0017916773259383234,0.0,0.0,0.0,0.0,0.0,0.0,False
2021-04-23,2.818,62.18,-0.03692512841104367,0.011809568618563304,0.0,0.0,0.0,0.0,0.0,0.0,False
2021-04-26,2.954,62.02,0.047132770632699605,-0.002576490958304589,0.0,0.0,0.0,0.0,0.0,0.0,False
2021-04-27,2.942,63.03,-0.004070561929942151,0.01615388985271604,0.0,0.0,0.0,0.0,-0.0021488964557647,0.0,False
2021-04-28,3.011,63.81,0.023182627320351035,0.012299114355236895,0.0,0.0,0.0,0.0,-0.0021488964557647,0.0,False
2021-04-29,2.957,65.0,-0.018097008629256894,0.018477352015381143,0.0,0.0,0.0,0.0,-0.0021488964557647,0.0,False
2021-04-30,2.931,63.5,-0.0088315791415845,-0.023347363996991,0.0,0.0,0.0,0.0,-0.0121732736006379,0.0,False
2021-05-03,2.96,64.46,0.009845606607213453,0.01500497048864613,0.0,0.0,0.0,0.0,-0.0121732736006379,0.0,False
2021-05-04,3.004,65.72,0.014755465565919446,0.019358416781775745,0.0,0.0,0.0,0.0,-0.0121732736006379,0.0,False
2021-05-05,2.982,65.63,-0.007350517559341574,-0.001370384683436754,0.0,0.0,0.0,0.0,-0.0121732736006379,0.0,False
2021-05-06,2.984,64.73,0.0006704659989675843,-0.01380813592821184,0.0,0.0,0.0,0.0,0.0,0.0,False
2021-05-07,3.011,64.96,0.009007567158082486,0.003546923296003257,0.0,0.0,0.0,0.0,0.0,0.0,False
2021-05-10,2.973,64.92,-0.012700705483636332,-0.0006159532070322271,0.0,0.0,0.0,0.0,0.0,0.0,False
2021-05-11,2.955,65.31,-0.006072893157899051,0.005989421268175477,0.0,0.0,0.0,0.0,0.0,0.0,False
2021-05-12,3.018,65.96,0.02109570948759565,0.00990333377683239,0.0,0.0,0.0,0.0,0.0,0.0,False
2021-05-13,3.026,63.82,0.002647255020507,-0.032981876841300384,0.0,0.0,0.0,0.0,0.0,0.0,False
2021-05-14,2.95,65.32,-0.02543644501443576,0.023231647252166532,0.0,0.0,0.0,0.0,0.0,0.0,False
2021-05-17,3.17,66.24,0.07192641753746076,0.013986241974739855,0.0,0.0,0.0,0.0,0.0,0.0,False
2021-05-18,3.091,65.49,-0.02523692473920991,-0.011387050847042168,0.0,0.0,0.0,0.0,0.0,0.0,False
2021-05-19,2.88,63.28,-0.07070436900212473,-0.03432813577056315,0.0,0.0,0.0,0.0,0.0,0.0,False
2021-05-20,3.002,61.95,0.041488439063415594,-0.021241715384246795,0.0,0.0,0.0,0.0,-0.0044260956346988,0.0,False
2021-05-21,2.84,63.61,-0.05547468103815545,0.026443082615561053,0.0,0.0,0.0,0.0,-0.0044260956346988,0.0,False
2021-05-24,2.886,66.13,0.016067408178564557,0.038851810995858216,0.0,0.0,0.0,0.0,-0.0044260956346988,0.0,False
2021-05-25,2.87,66.27,-0.005559430580149405,0.002114804413563931,0.0,0.0,0.0,0.0,-0.0044260956346988,0.0,False
2021-05-26,2.91,66.41,0.013841051411871419,0.002110341452486786,0.0,0.0,0.0,0.0,0.0,0.0,False
2021-05-27,2.85,66.87,-0.020834086902842053,0.006902788513265534,0.0,0.0,0.0,0.0,0.0,0.0,False
2021-05-28,2.986,66.31,0.04661570483643951,-0.008409720685111033,0.0,0.0,0.0,0.0,-0.0112382303923368,0.0,False
2021-05-31,,,,,0.0,0.0,0.0,0.0,-0.0112382303923368,0.0,False
2021-06-01,3.104,67.8,,,0.0,0.0,0.0,0.0,-0.0112382303923368,0.0,False
2021-06-02,3.086,68.79,-0.005815848380003263,0.014496190591573033,0.0,0.0,0.0,0.0,-0.0133181568235158,0.0,False
2021-06-03,3.041,68.81,-0.014689345245741503,0.00029069767646650035,0.0,0.0,0.0,0.0,-0.0133181568235158,0.0,False
2021-06-04,3.124,69.57,0.026927823282212104,0.010984356721160715,0.0,0.0,0.0,0.0,-0.0133181568235158,0.0,False
2021-06-07,3.07,69.21,-0.017436670378333963,-0.005188079081777985,0.0,0.0,0.0,0.0,-0.0133181568235158,0.0,False
2021-06-08,3.11,70.11,0.012945164592037095,0.012920076365104727,0.0,0.0,0.0,0.0,0.0,0.0,False
2021-06-09,3.137,69.9,0.008644203017398322,-0.0029997879791121562,0.0,0.0,0.0,0.0,0.0,0.0,False
2021-06-10,3.158,70.34,0.006671986624909199,0.006274977806072002,0.0,0.0,0.0,0.0,0.0,0.0,False
2021-06-11,3.314,71.0,0.048217003170920814,0.009339249995479193,0.0,0.0,0.0,0.0,0.0,0.0,False
2021-06-14,3.352,70.94,0.011401263615465451,-0.0008454276958396179,0.0,0.0,0.0,0.0,0.0,0.0,False
2021-06-15,3.24,72.06,-0.03398385281559846,0.01566465597447131,0.0,0.0,0.0,0.0,0.0,0.0,False
2021-06-16,3.277,72.03,0.011355039912439358,-0.0004164064186760186,0.0,0.0,0.0,0.0,0.0,0.0,False
2021-06-17,3.24,71.06,-0.011355039912439358,-0.013558108308390437,0.0,0.0,0.0,0.0,-0.0031937453895807,0.0,False
2021-06-18,3.215,71.64,-0.007745972114655553,0.008128986599630572,0.0,0.0,0.0,0.0,-0.0031937453895807,0.0,False
2021-06-21,3.201,73.64,-0.004364096701856557,0.02753477917236591,0.0,0.0,0.0,0.0,-0.0127747971564531,0.0,False
2021-06-22,3.21,73.15,0.002807676154198413,-0.006676228898744085,0.0,0.0,0.0,0.0,-0.0127747971564531,0.0,False
2021-06-23,3.352,73.11,0.043286245477912155,-0.00054697116090896,0.0,0.0,0.0,0.0,-0.0127747971564531,0.0,False
2021-06-24,3.418,73.31,0.019498402073562682,0.0027318689302715526,0.0,0.0,0.0,0.0,-0.0127747971564531,0.0,False
2021-06-25,3.496,74.21,0.02256387309988983,0.012201886746546542,0.0,0.0,0.0,0.0,0.0,0.0,False
2021-06-28,3.576,72.98,0.022625399517978595,-0.016713480973740147,0.0,0.0,0.0,0.0,0.0,0.0,False
2021-06-29,3.606,73.14,0.00835426746985779,0.0021899817129327204,0.0,0.0,0.0,0.0,0.0,0.0,False
2021-06-30,3.619,73.52,0.0035986198004800407,0.005182065326196472,0.0,0.0,0.0,0.0,-0.0133016817271709,0.0,False
2021-07-01,3.632,75.33,0.003585716157441299,0.024320983790172335,0.0,0.0,0.0,0.0,-0.0133016817271709,0.0,False
2021-07-02,3.668,75.37,0.009863093655171573,0.0005308560177752497,0.0,0.0,0.0,0.0,-0.0133016817271709,0.0,False
2021-07-05,,,,,0.0,0.0,0.0,0.0,-0.0133016817271709,0.0,False
2021-07-06,3.608,73.62,,,0.0,0.0,0.0,0.0,0.0,0.0,False
2021-07-07,3.574,72.22,-0.009468185463141099,-0.019199712101563016,0.0,0.0,0.0,0.0,0.0,0.0,False
2021-07-08,3.667,72.98,0.025688472351952596,0.010468415158990219,0.0,0.0,0.0,0.0,-0.0032981187105178,0.0,False
2021-07-09,3.716,74.56,0.013273931862403332,0.02141873936903327,0.0,0.0,0.0,0.0,-0.0032981187105178,0.0,False
2021-07-12,3.749,74.21,0.008841316802182808,-0.0047052583952931215,0.0,0.0,0.0,0.0,-0.0032981187105178,0.0,False
2021-07-13,3.684,75.24,-0.017490019360714593,0.01378409245078771,0.0,0.0,0.0,0.0,-0.0032981187105178,0.0,False
2021-07-14,3.66,73.06,-0.0065359709797854215,-0.02940198306569375,0.0,0.0,0.0,0.0,0.0,0.0,False
2021-07-15,3.601,71.67,-0.01625156274653672,-0.019208771361308052,0.0,0.0,0.0,0.0,0.0,0.0,False
2021-07-16,3.674,71.76,0.020069402126195568,0.001254967744712232,0.0,0.0,0.0,0.0,0.0,0.0,False
2021-07-19,3.75,66.45,0.02047485318938569,-0.07687743259128599,0.0,0.0,0.0,0.0,0.0,0.0,False
2021-07-20,3.876,67.32,0.03304785404620025,0.013007584163350572,0.0,0.0,0.0,0.0,0.0,0.0,False
2021-07-21,3.99,70.26,0.028987536873252395,0.04274527751507584,0.0,0.0,0.0,0.0,0.0,0.0,False
2021-07-22,3.976,72.15,-0.0035149421074445186,0.026544638382199004,0.0,0.0,0.0,0.0,-0.0137034133076667,0.0,False
2021-07-23,4.034,72.24,0.014482150737692434,0.0012466238888499959,0.0,0.0,0.0,0.0,-0.0137034133076667,0.0,False
2021-07-26,4.076,72.15,0.010357675828458257,-0.0012466238888499959,0.0,0.0,0.0,0.0,-0.0137034133076667,0.0,False
2021-07-27,4.002,71.68,-0.018321879198936797,-0.006535516553205056,0.0,0.0,0.0,0.0,-0.0053240936249494,0.0,False
2021-07-28,4.044,72.37,0.010440064996683374,0.009580080211361697,0.0,0.0,0.0,0.0,-0.0053240936249494,0.0,False
2021-07-29,4.119,73.62,0.018376114295718837,0.01712487907283844,0.0,0.0,0.0,0.0,-0.0053240936249494,0.0,False
2021-07-30,3.92,73.93,-0.04951876165157265,0.004201971618133626,0.0,0.0,0.0,0.0,-0.0120533956214785,0.0,False
2021-08-02,4.101,71.31,0.04513919260755106,-0.03608212952879608,0.0,0.0,0.0,0.0,-0.010856008157134,0.0,False
2021-08-03,4.19,70.64,0.021469887524124376,-0.009440013744507425,0.0,0.0,0.0,0.0,-0.010856008157134,0.0,False
2021-08-04,4.221,68.19,0.0073713328663151945,-0.03529862976314391,0.0,0.0,0.0,0.0,-0.010856008157134,0.0,False
2021-08-05,4.316,69.1,0.022256980595526388,0.013256804241063236,0.0,0.0,0.0,0.0,-0.010856008157134,0.0,False
2021-08-06,4.219,68.26,-0.02273091425368645,-0.01223078729506355,0.0,0.0,0.0,0.0,0.0,0.0,False
2021-08-09,4.143,66.56,-0.018177970046936887,-0.025220146965607704,0.0,0.0,0.0,0.0,0.0,0.0,False
2021-08-10,4.089,68.33,-0.013119721712759436,0.02624511227973425,0.0,0.0,0.0,0.0,0.0,0.0,False
2021-08-11,4.059,69.3,-0.007363803525744617,0.014095997403170024,0.0,0.0,0.0,0.0,0.0,0.0,False
2021-08-12,4.021,69.12,-0.009406009941623772,-0.0026007817000568423,0.0,0.0,0.0,0.0,0.0,0.0,False
2021-08-13,3.875,68.36,-0.03698496510982663,-0.01105626624840994,0.0,0.0,0.0,0.0,0.0,0.0,False
2021-08-16,3.946,67.44,0.018156744795113422,-0.01354954455379076,0.0,0.0,0.0,0.0,0.0,0.0,False
2021-08-17,3.851,66.5,-0.02436955276765196,-0.01403636603179148,0.0,0.0,0.0,0.0,0.0,0.0,False
2021-08-18,3.852,65.36,0.0002596391031073342,-0.01729149711006084,0.0,0.0,0.0,0.0,0.0,0.0,False
2021-08-19,3.83,63.69,-0.005727690743324354,-0.025882886168473007,0.0,0.0,0.0,0.0,0.0,0.0,False
2021-08-20,3.932,62.25,0.026283399092365434,-0.02286902903845789,0.0,0.0,0.0,0.0,0.0,0.0,False
2021-08-23,3.945,65.65,0.0033007520129173518,0.05317906540398898,0.0,0.0,0.0,0.0,0.0,0.0,False
2021-08-24,3.916,67.5,-0.007378229629573685,0.027789997129678667,0.0,0.0,0.0,0.0,0.0,0.0,False
2021-08-25,3.897,68.54,-0.004863698311691644,0.015289918567978233,0.0,0.0,0.0,0.0,0.0,0.0,False
2021-08-26,4.184,67.42,0.0710607004060495,-0.01647580664054793,0.0,0.0,0.0,0.0,0.0,0.0,False
2021-08-27,4.37,68.84,0.043495282344877095,0.020843261537423885,0.0,0.0,0.0,0.0,0.0,0.0,False
2021-08-30,4.25,69.28,-0.02784402617117343,0.006371292910841042,0.0,0.0,0.0,0.0,0.0,0.0,False
2021-08-31,4.515,68.43,0.06048620393262327,-0.01234493928977276,0.0,0.0,0.0,0.0,0.0,0.0,False
2021-09-01,4.798,68.63,0.0607939775485542,0.0029184319561368355,0.0,0.0,0.0,0.0,0.0,0.0,False
2021-09-02,4.832,70.07,0.007061296215010948,0.020764985461898533,0.0,0.0,0.0,0.0,0.0,0.0,False
2021-09-03,4.85,69.34,0.00371824431687795,-0.010472802125564229,0.0,0.0,0.0,0.0,0.0,0.0,False
2021-09-06,,,,,0.0,0.0,0.0,0.0,0.0,0.0,False
2021-09-07,4.71,68.49,,,0.0,0.0,0.0,0.0,0.0,0.0,False
2021-09-08,4.66,69.36,-0.010672459890771702,0.012622583262473341,0.0,0.0,0.0,0.0,0.0,0.0,False
2021-09-09,5.072,68.26,0.08471976899737022,-0.015986388993725953,0.0,0.0,0.0,0.0,0.0,0.0,False
2021-09-10,5.067,69.82,-0.0009862906411521877,0.022596558198329397,0.0,0.0,0.0,0.0,0.0,0.0,False
2021-09-13,5.43,70.54,0.06919020745207138,0.010259423131016021,0.0,0.0,0.0,0.0,0.0,0.0,False
2021-09-14,5.39,70.53,-0.007393749024938279,-0.00014177358781797267,0.0,0.0,0.0,0.0,0.0,0.0,False
2021-09-15,5.676,72.59,0.051701374376890374,0.028789020076660954,0.0,0.0,0.0,0.0,0.0,0.0,False
2021-09-16,5.382,72.69,-0.053186706993082034,0.0013766521997951031,0.0,0.0,0.0,0.0,0.0,0.0,False
2021-09-17,5.328,72.09,-0.010084119066626096,-0.008288485080057306,0.0,0.0,0.0,0.0,0.0,0.0,False
2021-09-20,5.132,70.41,-0.03748048648469804,-0.023580039885445103,0.0,0.0,0.0,0.0,0.0,0.0,False
2021-09-21,4.96,70.51,-0.03408970601655392,0.0014192451999077704,0.0,0.0,0.0,0.0,0.0,0.0,False
2021-09-22,4.969,72.37,0.0018128718833474444,0.026037305147086798,0.0,0.0,0.0,0.0,0.0,0.0,False
2021-09-23,5.043,73.43,0.014782530474404698,0.014540722585482335,0.0,0.0,0.0,0.0,0.0,0.0,False
2021-09-24,5.1,74.18,0.011239396635691845,0.01016200059792638,0.0,0.0,0.0,0.0,0.0,0.0,False
2021-09-27,5.731,75.54,0.11664949583932027,0.018167745222865683,0.0,0.0,0.0,0.0,0.0,0.0,False
2021-09-28,5.841,75.44,0.01901197948857214,-0.001324678959108816,0.0,0.0,0.0,0.0,0.0,0.0,False
2021-09-29,5.73,75.06,-0.019186484331524145,-0.005049844618326915,0.0,0.0,0.0,0.0,0.0,0.0,False
2021-09-30,5.951,75.22,0.037843741936066655,0.0021293593353153284,0.0,0.0,0.0,0.0,-0.0131465904414653,0.0,False
2021-10-01,5.619,76.01,-0.05740556053265378,0.010447757535758662,0.0,0.0,0.0,0.0,-0.0131465904414653,0.0,False
2021-10-04,5.888,77.68,0.04676266929651396,0.021732913405120513,0.0,0.0,0.0,0.0,-0.0157477222383022,0.0,False
2021-10-05,6.522,79.17,0.10226469594055221,0.018999615200272935,0.0,0.0,0.0,0.0,-0.0157477222383022,0.0,False
2021-10-06,6.0,77.66,-0.0834216081390724,-0.019257114879821735,0.0,0.0,0.0,0.0,-0.0157477222383022,0.0,False
2021-10-07,5.677,78.46,-0.055336545039465834,0.010248616477885442,0.0,0.0,0.0,0.0,-0.0157477222383022,0.0,False
2021-10-08,5.806,79.55,0.02246894141384903,0.01379681400238919,0.0,0.0,0.0,0.0,0.0,0.0,False
2021-10-11,5.46,80.64,-0.061443075845624584,0.013609049539263118,0.0,0.0,0.0,0.0,0.0,0.0,False
2021-10-12,5.656,80.75,0.03526813883745805,0.0013631577797070804,0.0,0.0,0.0,0.0,-0.0158630479127168,0.0,False
2021-10-13,5.75,80.67,0.01648292621498748,-0.0009912031538830135,0.0,0.0,0.0,0.0,-0.0158630479127168,0.0,False
2021-10-14,5.92,81.43,0.029136594086655254,0.009376996530157555,0.0,0.0,0.0,0.0,-0.0158630479127168,0.0,False
2021-10-15,5.6,82.39,-0.055569851154810834,0.011720314848458813,0.0,0.0,0.0,0.0,-0.0158630479127168,0.0,False
2021-10-18,4.989,82.62,-0.1155311088622033,0.0027877116411199054,0.0,0.0,0.0,0.0,0.0,0.0,False
2021-10-19,5.465,83.19,0.0911286327496017,0.006875366327177446,0.0,0.0,0.0,0.0,0.0,0.0,False
2021-10-20,5.562,84.4,0.0175936341832712,0.014440253306115203,0.0,0.0,0.0,0.0,0.0,0.0,False
2021-10-21,4.94,82.64,-0.11859242461194186,-0.02107357679052857,0.0,0.0,0.0,0.0,0.0,0.0,False
2021-10-22,5.28,84.53,0.06656076651833898,0.02261267612945339,0.0,0.0,0.0,0.0,0.0,0.0,False
2021-10-25,5.72,84.64,0.08004270767353616,0.0013004671691527747,0.0,0.0,0.0,0.0,0.0,0.0,False
2021-10-26,5.59,85.64,-0.022989518224698635,0.011745495611492629,0.0,0.0,0.0,0.0,-0.0011758729815483,0.0,False
2021-10-27,6.198,82.66,0.10324737219854874,-0.03541665463789556,0.0,0.0,0.0,0.0,-0.0011758729815483,0.0,False
2021-10-28,5.418,82.78,-0.13449991570265318,0.0014506772369999865,0.0,0.0,0.0,0.0,-0.0011758729815483,0.0,False
2021-10-29,5.49,83.5,0.01320151185853602,0.008660145536223851,0.0,0.0,0.0,0.0,-0.0135341929271817,0.0,False
2021-11-01,5.202,84.08,-0.05388508849497953,0.006922094711885762,0.0,0.0,0.0,0.0,-0.0135341929271817,0.0,False
2021-11-02,5.522,83.91,0.05969694648150292,-0.0020239306867173568,0.0,0.0,0.0,0.0,-0.0135341929271817,0.0,False
2021-11-03,5.67,80.82,0.026449004231698048,-0.037520336231651186,0.0,0.0,0.0,0.0,-0.0135341929271817,0.0,False
2021-11-04,5.73,78.88,0.010526412986987532,-0.02429674935594761,0.0,0.0,0.0,0.0,0.0,0.0,False
2021-11-05,5.51,81.25,-0.039150907561825266,0.029603110915466857,0.0,0.0,0.0,0.0,0.0,0.0,False
2021-11-08,5.505,81.96,-0.0009078529901798138,0.008700502160852608,0.0,0.0,0.0,0.0,0.0,0.0,False
2021-11-09,5.07,84.12,-0.08231595257155133,0.026013027463799965,0.0,0.0,0.0,0.0,0.0,0.0,False
2021-11-10,4.59,81.23,-0.09946079353063819,-0.0349597137716362,0.0,0.0,0.0,0.0,0.0,0.0,False
2021-11-11,5.149,81.47,0.11492249699155055,0.002950217259687804,0.0,0.0,0.0,0.0,0.0,0.0,False
2021-11-12,4.97,80.87,-0.03538268095546693,-0.007391927214819738,0.0,0.0,0.0,0.0,0.0,0.0,False
2021-11-15,5.017,80.85,0.009412305393578624,-0.0002473410846155488,0.0,0.0,0.0,0.0,0.0,0.0,False
2021-11-16,5.27,80.76,0.0491982170511549,-0.0011137925784785452,0.0,0.0,0.0,0.0,0.0,0.0,False
2021-11-17,4.914,78.32,-0.06994208845428362,-0.03067879522238215,0.0,0.0,0.0,0.0,-0.0149919390678405,0.0,False
2021-11-18,4.902,78.92,-0.0024449889930664437,0.007631682932159656,0.0,0.0,0.0,0.0,-0.0149919390678405,0.0,False
2021-11-19,5.145,76.11,0.048382084180092155,-0.03625501887511451,0.0,0.0,0.0,0.0,-0.0149919390678405,0.0,False
2021-11-22,4.769,76.74,-0.07588872996992557,0.008243422539506717,0.0,0.0,0.0,0.0,-0.0149919390678405,0.0,False
2021-11-23,4.723,78.32,-0.009692448402107257,0.020379913403448136,0.0,0.0,0.0,0.0,0.0,0.0,False
2021-11-24,5.114,78.32,0.07953768595501476,0.0,0.0,0.0,0.0,0.0,0.0,0.0,False
2021-11-25,,,,,0.0,0.0,0.0,0.0,0.0,0.0,False
2021-11-26,,,,,0.0,0.0,0.0,0.0,0.0,0.0,False
2021-11-29,4.521,69.88,,,0.0,0.0,0.0,0.0,0.0,0.0,False
2021-11-30,4.567,66.14,0.010123325890393886,-0.055005777712209714,0.0,0.0,0.0,0.0,-0.004114031791687,0.0,False
2021-12-01,4.258,65.44,-0.0700569677315741,-0.010640015259154367,0.0,0.0,0.0,0.0,-0.004114031791687,0.0,False
2021-12-02,4.08,66.6,-0.04270257805521749,0.017570885251851465,0.0,0.0,0.0,0.0,-0.004114031791687,0.0,False
2021-12-03,3.79,66.39,-0.0737309693217354,-0.003158134815275382,0.0,0.0,0.0,0.0,-0.004114031791687,0.0,False
2021-12-06,3.525,69.62,-0.07248558283010298,0.04750543965222498,0.0,0.0,0.0,0.0,0.0,0.0,False
2021-12-07,3.708,71.94,0.050612211439376775,0.032780555884184714,0.0,0.0,0.0,0.0,0.0,0.0,False
2021-12-08,3.815,72.43,0.028448017032811634,0.00678813993975691,0.0,0.0,0.0,0.0,0.0,0.0,False
2021-12-09,3.814,70.87,-0.00026215755819314346,-0.021773365385070242,0.0,0.0,0.0,0.0,0.0,0.0,False
2021-12-10,3.714,71.71,-0.026569044247713114,0.011782995072318947,0.0,0.0,0.0,0.0,0.0,0.0,False
2021-12-13,3.617,71.19,-0.026464509960553162,-0.007277848778701745,0.0,0.0,0.0,0.0,0.0,0.0,False
2021-12-14,3.747,70.57,0.0353105668415894,-0.008747234103043233,0.0,0.0,0.0,0.0,0.0,0.0,False
2021-12-15,3.668,70.89,-0.02130896541733196,0.004524254854187504,0.0,0.0,0.0,0.0,0.0,0.0,False
2021-12-16,3.618,72.34,-0.013725167421114959,0.020247846657025725,0.0,0.0,0.0,0.0,0.0,0.0,False
2021-12-17,3.485,70.93,-0.03745334276061629,-0.019683751309956143,0.0,0.0,0.0,0.0,-0.0155714601278305,0.0,False
2021-12-20,3.91,68.69,0.11506932978478734,-0.03208984698820494,0.0,0.0,0.0,0.0,-0.0155714601278305,0.0,False
2021-12-21,3.96,71.1,0.012706651269114744,0.034483708583404216,0.0,0.0,0.0,0.0,-0.0155714601278305,0.0,False
2021-12-22,3.976,72.82,0.004032263527938396,0.023903305938092423,0.0,0.0,0.0,0.0,-0.0155714601278305,0.0,False
2021-12-23,3.63,73.89,-0.0910436405175683,0.01458685805326887,0.0,0.0,0.0,0.0,0.0,0.0,False
2021-12-24,,,,,0.0,0.0,0.0,0.0,0.0,0.0,False
2021-12-27,3.708,75.49,,,0.0,0.0,0.0,0.0,0.0,0.0,False
2021-12-28,4.055,76.01,0.08945803986376744,0.006864713426415925,0.0,0.0,0.0,0.0,0.0,0.0,False
2021-12-29,4.024,76.58,-0.007674254769937994,0.0074710354711990945,0.0,0.0,0.0,0.0,0.0,0.0,False
2021-12-30,3.561,76.83,-0.12223502850179746,0.003259242830395692,0.0,0.0,0.0,0.0,-0.0145941209048032,0.0,False
2021-12-31,3.507,75.33,-0.015280433137599525,-0.019716727041940274,0.0,0.0,0.0,0.0,-0.0145941209048032,0.0,False
2022-01-03,3.653,75.99,0.04078777665510436,0.00872329084408996,0.0,0.0,0.0,0.0,-0.0145941209048032,0.0,False
2022-01-04,3.717,77.0,0.01736814350196947,0.013203669171990562,0.0,0.0,0.0,0.0,-0.0145941209048032,0.0,False
2022-01-05,3.683,77.83,-0.009189253852186718,0.010721539117612977,0.0,0.0,0.0,0.0,0.0,0.0,False
2022-01-06,3.812,79.47,0.034426348329027245,0.02085263098079082,0.0,0.0,0.0,0.0,0.0,0.0,False
2022-01-07,3.685,79.0,-0.033883460150655687,-0.005931739485066423,0.0,0.0,0.0,0.0,0.0,0.0,False
2022-01-10,3.834,78.11,0.03963811898215286,-0.011329762844815683,0.0,0.0,0.0,0.0,0.0,0.0,False
2022-01-11,3.881,81.17,0.012184207763316524,0.03842763115087866,0.0,0.0,0.0,0.0,0.0,0.0,False
2022-01-12,4.857,82.51,0.22432811097683847,0.01637377734316736,0.0,0.0,0.0,0.0,0.0,0.0,False
2022-01-13,3.958,81.97,-0.20468211618323373,-0.0065661714513129965,0.0,0.0,0.0,0.0,0.0,0.0,False
2022-01-14,4.262,83.82,0.07399968649605126,0.022318315831986624,0.0,0.0,0.0,0.0,0.0,0.0,False
2022-01-17,,,,,0.0,0.0,0.0,0.0,0.0,0.0,False
2022-01-18,3.983,85.42,,,0.0,0.0,0.0,0.0,-0.0046650879085063,0.0,False
2022-01-19,4.89,86.84,0.20515699928727327,0.01648707959677065,0.0,0.0,0.0,0.0,-0.0046650879085063,0.0,False
2022-01-20,3.648,86.29,-0.2930132312746956,-0.006353628489874197,0.0,0.0,0.0,0.0,-0.0046650879085063,0.0,False
2022-01-21,3.999,85.16,0.09186525765259645,-0.013181876494937406,0.0,0.0,0.0,0.0,-0.0046650879085063,0.0,False
2022-01-24,4.2,84.48,0.04904019542464133,-0.008017020067327962,0.0,0.0,0.0,0.0,0.0,0.0,False
2022-01-25,3.883,86.61,-0.07847647453979256,0.024900462385001987,0.0,0.0,0.0,0.0,-0.0040638223290443,0.0,False
2022-01-26,4.277,88.33,0.09664377849524142,0.01966451841408734,0.0,0.0,0.0,0.0,-0.0040638223290443,0.0,False
2022-01-27,4.43,87.61,0.035147754812272725,-0.008184654078768006,0.0,0.0,0.0,0.0,-0.0040638223290443,0.0,False
2022-01-28,5.69,87.67,0.2503106640811954,0.0006846189222216026,0.0,0.0,0.0,0.0,-0.0120044918730854,0.0,False
2022-01-31,4.66,89.16,-0.19969480000068507,0.01685274291717409,0.0,0.0,0.0,0.0,-0.0115531487390398,0.0,False
2022-02-01,4.578,88.22,-0.017753226607179595,-0.010598813840874577,0.0,0.0,0.0,0.0,-0.0104767959564924,0.0,False
2022-02-02,6.7,88.16,0.38084530486654544,-0.0006803492721889626,0.0,0.0,0.0,0.0,-0.0104767959564924,0.0,False
2022-02-03,4.888,90.17,-0.3153243045276264,0.022543432107211103,0.0,0.0,0.0,0.0,-0.0104767959564924,0.0,False
2022-02-04,5.34,92.27,0.08844243110280936,0.023022284078648703,0.0,0.0,0.0,0.0,-0.0104767959564924,0.0,False
2022-02-07,4.221,91.25,-0.23515358617174176,-0.011116069127863781,0.0,0.0,0.0,0.0,0.0,0.0,False
2022-02-08,4.218,89.32,-0.0007109847437789529,-0.021377565490643846,0.0,0.0,0.0,0.0,0.0,0.0,False
2022-02-09,4.058,89.57,-0.03867084065295989,0.00279501551514727,0.0,0.0,0.0,0.0,0.0,0.0,False
2022-02-10,3.959,89.83,-0.024698773279629327,0.0028985527540115186,0.0,0.0,0.0,0.0,0.0,0.0,False
2022-02-11,3.97,93.1,0.002774626575105632,0.035755189041905666,0.0,0.0,0.0,0.0,0.0,0.0,False
2022-02-14,4.189,95.52,0.05369594726579874,0.025661465361270785,0.0,0.0,0.0,0.0,0.0,0.0,False
2022-02-15,4.31,92.07,0.02847586215075837,-0.03678649234453779,0.0,0.0,0.0,0.0,0.0,0.0,False
2022-02-16,4.39,93.83,0.01839132297142365,0.018935477002203882,0.0,0.0,0.0,0.0,0.0,0.0,False
2022-02-17,4.486,91.78,0.021632209010936654,-0.02209022533527083,0.0,0.0,0.0,0.0,0.0,0.0,False
2022-02-18,4.431,91.26,-0.012336143880664174,-0.005681833467431119,0.0,0.0,0.0,0.0,0.0,0.0,False
2022-02-21,,,,,0.0,0.0,0.0,0.0,0.0,0.0,False
2022-02-22,4.48,92.11,,,0.0,0.0,0.0,0.0,0.0,0.0,False
2022-02-23,4.593,92.14,0.02491035891676252,0.0003256445076269543,0.0,0.0,0.0,0.0,0.0,0.0,False
2022-02-24,4.641,92.77,0.010396454915382325,0.006814152157409659,0.0,0.0,0.0,0.0,0.0,0.0,False
2022-02-25,4.578,91.68,-0.013667638728663611,-0.011819058698750773,0.0,0.0,0.0,0.0,0.0,0.0,False
2022-02-28,4.461,96.13,-0.025889265384247295,0.04739718911129476,0.0,0.0,0.0,0.0,0.0,0.0,False
2022-03-01,4.598,103.66,0.030248470194861987,0.07541487068383645,0.0,0.0,0.0,0.0,0.0,0.0,False
2022-03-02,4.65,110.74,0.011245793258275238,0.06606879863326043,0.0,0.0,0.0,0.0,0.0,0.0,False
2022-03-03,4.771,107.69,0.02568870693470493,-0.02792838205403214,0.0,0.0,0.0,0.0,-0.0102048721164464,0.0,False
2022-03-04,5.071,115.77,0.060982110278912094,0.07234873487684812,0.0,0.0,0.0,0.0,-0.0102048721164464,0.0,False
2022-03-07,4.833,119.26,-0.04807064394993499,0.02970051947732255,0.0,0.0,0.0,0.0,-0.0102048721164464,0.0,False
2022-03-08,4.527,123.64,-0.06540792440912546,0.03606813356895611,0.0,0.0,0.0,0.0,-0.0102048721164464,0.0,False
2022-03-09,4.561,108.81,0.007482429275741831,-0.12777087530099518,0.0,0.0,0.0,0.0,0.0,0.0,False
2022-03-10,4.669,105.93,0.023403018259236408,-0.026824743354516123,0.0,0.0,0.0,0.0,0.0,0.0,False
2022-03-11,4.819,109.31,0.0316215216693958,0.0314093836973397,0.0,0.0,0.0,0.0,0.0,0.0,False
2022-03-14,4.809,103.22,-0.0020772753626698837,-0.05732524958516283,0.0,0.0,0.0,0.0,0.0,0.0,False
2022-03-15,4.568,96.42,-0.05141368994181672,-0.06814898374310552,0.0,0.0,0.0,0.0,0.0,0.0,False
2022-03-16,4.748,94.85,0.03864800439371274,-0.016416952596452816,0.0,0.0,0.0,0.0,0.0,0.0,False
2022-03-17,5.111,102.97,0.07367160303872078,0.08214098728763641,0.0,0.0,0.0,0.0,0.0,0.0,False
2022-03-18,4.946,104.69,-0.03281591068691814,0.016565918662603707,0.0,0.0,0.0,0.0,0.0,0.0,False
2022-03-21,4.975,112.14,0.005846201511331639,0.06874448836426339,0.0,0.0,0.0,0.0,0.0,0.0,False
2022-03-22,5.227,111.03,0.04941212912022874,-0.00994765562935207,0.0,0.0,0.0,0.0,-0.0106632020324468,0.0,False
2022-03-23,5.316,114.89,0.01688364112021401,0.03417471379909909,0.0,0.0,0.0,0.0,-0.0106632020324468,0.0,False
2022-03-24,5.401,114.2,0.01586298075975523,-0.00602385164336372,0.0,0.0,0.0,0.0,-0.0106632020324468,0.0,False
2022-03-25,5.701,116.2,0.054057476438690744,0.017361547195901217,0.0,0.0,0.0,0.0,-0.0106632020324468,0.0,False
2022-03-28,5.636,107.55,-0.011467004013010929,-0.07735698870407237,0.0,0.0,0.0,0.0,0.0,0.0,False
2022-03-29,5.33,104.25,-0.0558233558586807,-0.03116399503482814,0.0,0.0,0.0,0.0,0.0,0.0,False
2022-03-30,5.714,107.81,0.0695680656308284,0.033578557872115944,0.0,0.0,0.0,0.0,0.0,0.0,False
2022-03-31,5.756,100.53,0.0073234852165398046,-0.06991422813369752,0.0,0.0,0.0,0.0,0.0,0.0,False
2022-04-01,5.86,99.32,0.017906814563799944,-0.012109229777363062,0.0,0.0,0.0,0.0,0.0,0.0,False
2022-04-04,5.712,103.29,-0.025580378551637972,0.03919360537857575,0.0,0.0,0.0,0.0,-0.0101266130805015,0.0,False
2022-04-05,5.95,101.98,0.040821994520255034,-0.012763850391531939,0.0,0.0,0.0,0.0,-0.0101266130805015,0.0,False
2022-04-06,6.107,96.39,0.026044434683459405,-0.056374253831132926,0.0,0.0,0.0,0.0,-0.0101266130805015,0.0,False
2022-04-07,6.05,96.05,-0.009377382198247686,-0.0035335725813112617,0.0,0.0,0.0,0.0,-0.0101266130805015,0.0,False
2022-04-08,6.423,98.35,0.05982702623290548,0.023663655620502766,0.0,0.0,0.0,0.0,0.0,0.0,False
2022-04-11,6.723,94.22,0.04564918521124417,-0.04290007156317355,0.0,0.0,0.0,0.0,0.0,0.0,False
2022-04-12,6.59,100.52,-0.019981134972483883,0.06472423940349614,0.0,0.0,0.0,0.0,0.0,0.0,False
2022-04-13,7.174,104.26,0.08491003059567515,0.03653106666456907,0.0,0.0,0.0,0.0,0.0,0.0,False
2022-04-14,7.423,106.84,0.03411990902531903,0.024444608901800002,0.0,0.0,0.0,0.0,0.0,0.0,False
2022-04-15,,,,,0.0,0.0,0.0,0.0,0.0,0.0,False
2022-04-18,8.038,108.24,,,0.0,0.0,0.0,0.0,0.0,0.0,False
2022-04-19,7.352,102.54,-0.08920791097362346,-0.05409801750697785,0.0,0.0,0.0,0.0,0.0,0.0,False
2022-04-20,7.158,102.56,-0.026741772709552025,0.00019502681680538814,0.0,0.0,0.0,0.0,0.0,0.0,False
2022-04-21,7.186,103.89,0.003904076347492902,0.012884653910080424,0.0,0.0,0.0,0.0,0.0,0.0,False
2022-04-22,6.59,102.86,-0.0865813401769111,-0.009963806735670211,0.0,0.0,0.0,0.0,0.0,0.0,False
2022-04-25,6.669,99.6,0.011916575135753282,-0.032206675756217606,0.0,0.0,0.0,0.0,0.0,0.0,False
2022-04-26,7.068,102.62,0.05810763080728076,0.029870680923266946,0.0,0.0,0.0,0.0,-0.0036823991686105,0.0,False
2022-04-27,7.436,101.96,0.05075551540174783,-0.006452266005904761,0.0,0.0,0.0,0.0,-0.0036823991686105,0.0,False
2022-04-28,6.954,105.47,-0.06701603627352815,0.03384597278060841,0.0,0.0,0.0,0.0,-0.0036823991686105,0.0,False
2022-04-29,7.299,104.59,0.0484203188838257,-0.00837860752234576,0.0,0.0,0.0,0.0,-0.0114834373816847,0.0,False
2022-05-02,7.507,105.18,0.02809856612136996,0.005625223395020917,0.0,0.0,0.0,0.0,-0.0114834373816847,0.0,False
2022-05-03,8.025,102.53,0.06672575042521434,-0.025517729479197726,0.0,0.0,0.0,0.0,-0.0114834373816847,0.0,False
2022-05-04,8.3,107.84,0.03369384578647283,0.050493208481996454,0.0,0.0,0.0,0.0,-0.0114834373816847,0.0,False
2022-05-05,8.42,108.17,0.01435431345168281,0.0030554164782010673,0.0,0.0,0.0,0.0,0.0,0.0,False
2022-05-06,8.35,109.72,-0.008348289391471031,0.014227602427205,0.0,0.0,0.0,0.0,0.0,0.0,False
2022-05-09,7.106,103.08,-0.1613220412639289,-0.06242628028523889,0.0,0.0,0.0,0.0,0.0,0.0,False
2022-05-10,7.385,99.74,0.03851141838450789,-0.03293858566618724,0.0,0.0,0.0,0.0,0.0,0.0,False
2022-05-11,7.708,105.5,0.04280783456877679,0.05614415279814455,0.0,0.0,0.0,0.0,0.0,0.0,False
2022-05-12,7.822,106.15,0.01468152578120252,0.0061422352331437224,0.0,0.0,0.0,0.0,0.0,0.0,False
2022-05-13,7.754,110.52,-0.008731437084585014,0.04034331190595086,0.0,0.0,0.0,0.0,0.0,0.0,False
2022-05-16,7.956,114.07,0.02571752174298858,0.03161579498459055,0.0,0.0,0.0,0.0,0.0,0.0,False
2022-05-17,8.339,112.31,0.047016944113122516,-0.015549390064861335,0.0,0.0,0.0,0.0,0.0,0.0,False
2022-05-18,8.368,109.67,0.0034716022177185835,-0.023787048202827954,0.0,0.0,0.0,0.0,0.0,0.0,False
2022-05-19,8.308,112.21,-0.007196001308701128,0.022896258904657962,0.0,0.0,0.0,0.0,0.0,0.0,False
2022-05-20,7.97,112.63,-0.041534413211742116,0.003735994382830121,0.0,0.0,0.0,0.0,0.0,0.0,False
2022-05-23,8.813,110.32,0.10054341131539957,-0.020722876574558846,0.0,0.0,0.0,0.0,0.0,0.0,False
2022-05-24,8.78,112.55,-0.003751496470498328,0.020012333867694743,0.0,0.0,0.0,0.0,0.0,0.0,False
2022-05-25,8.993,112.88,0.023970089285353158,0.0029277401918177404,0.0,0.0,0.0,0.0,0.0,0.0,False
2022-05-26,8.837,116.19,-0.017499044396510843,0.028901474650211867,0.0,0.0,0.0,0.0,0.0,0.0,False
2022-05-27,8.64,114.96,-0.022544869719903105,-0.010642540424001368,0.0,0.0,0.0,0.0,-0.0106461811810731,0.0,False
2022-05-30,,,,,0.0,0.0,0.0,0.0,-0.0106461811810731,0.0,False
2022-05-31,8.138,114.38,,,0.0,0.0,0.0,0.0,-0.0108055546879768,-0.0108055546879768,False
2022-06-01,8.696,115.26,0.06631870023940989,0.007664207521350441,0.0,0.0,0.0,0.0,-0.0108090415596961,-0.0108055546879768,False
2022-06-02,8.409,116.88,-0.033560588968147176,0.013957321433923475,0.0,0.0,0.0,0.0,-0.0034617502242326,-0.0108055546879768,False
2022-06-03,8.523,118.97,0.01346583068939955,0.01772359304599025,0.0,0.0,0.0,0.0,-0.0034617502242326,-0.0108055546879768,False
2022-06-06,9.322,118.41,0.08960880641038838,-0.004718182145569294,0.0,0.0,0.0,0.0,-0.0034617502242326,0.0,False
2022-06-07,9.278,119.55,-0.0047311916209968885,0.009581515561468912,0.0,0.0,0.0,0.0,-0.0034617502242326,0.0,False
2022-06-08,8.637,121.94,-0.0715907060314036,0.019794426575336033,0.0,0.0,0.0,0.0,0.0,0.0,False
2022-06-09,8.963,121.52,0.0370496920770762,-0.003450262192152387,0.0,0.0,0.0,0.0,0.0,0.0,False
2022-06-10,8.85,120.73,-0.012687533355386638,-0.006522210943221474,0.0,0.0,0.0,0.0,0.0,0.0,False
2022-06-13,8.609,120.92,-0.02760929134402046,0.0015725225669616094,0.0,0.0,0.0,0.0,0.0,0.0,False
2022-06-14,7.189,118.92,-0.18025608767408308,-0.01667817178136044,0.0,0.0,0.0,0.0,0.0,0.0,False
2022-06-15,7.42,115.32,0.03162697717755458,-0.030740125359695725,0.0,0.0,0.0,0.0,0.0,0.0,False
2022-06-16,7.393,117.56,-0.0036454506043259727,0.01923796878051487,0.0,0.0,0.0,0.0,0.0,0.0,False
2022-06-17,6.85,109.56,-0.07628495430082927,-0.07047649715583937,0.0,0.0,0.0,0.0,-0.0108522307127714,0.0,False
2022-06-20,,,,,0.0,0.0,0.0,0.0,-0.0108522307127714,0.0,False
2022-06-21,6.743,110.49,,,0.0,0.0,0.0,0.0,-0.0108522307127714,0.0,False
2022-06-22,6.858,106.22,0.016910924288283447,-0.03941260413083114,0.0,0.0,0.0,0.0,-0.0108522307127714,0.0,False
2022-06-23,6.54,105.75,-0.047478688571621186,-0.004434597067865198,0.0,0.0,0.0,0.0,0.0,0.0,False
2022-06-24,6.281,109.07,-0.040407961996863584,0.03091206001426361,0.0,0.0,0.0,0.0,0.0,0.0,False
2022-06-27,6.546,111.44,0.04132497260674506,0.021496451530898852,0.0,0.0,0.0,0.0,0.0,0.0,False
2022-06-28,6.551,113.66,0.0007635336707505491,0.019725206397425588,0.0,0.0,0.0,0.0,0.0,0.0,False
2022-06-29,6.69,111.65,0.020996164390397754,-0.01784255758280917,0.0,0.0,0.0,0.0,0.0,0.0,False
2022-06-30,5.52,107.76,-0.1922360138511332,-0.03546244618405758,0.0,0.0,0.0,0.0,0.0,0.0,False
2022-07-01,5.712,110.3,0.03419136474827944,0.023297394157347995,0.0,0.0,0.0,0.0,-0.0103869121521711,0.0,False
2022-07-04,,,,,0.0,0.0,0.0,0.0,-0.0103869121521711,0.0,False
2022-07-05,5.523,101.55,,,0.0,0.0,0.0,0.0,-0.0103869121521711,0.0,False
2022-07-06,5.493,100.31,-0.005446636558567031,-0.012285897131000034,0.0,0.0,0.0,0.0,-0.0103869121521711,0.0,False
2022-07-07,6.297,104.62,0.13659877514612218,0.04206934704707166,0.0,0.0,0.0,0.0,0.0,0.0,False
2022-07-08,6.034,106.78,-0.042663188769736404,0.020435905129574827,0.0,0.0,0.0,0.0,0.0,0.0,False
2022-07-11,6.319,106.09,0.04615082705444906,-0.006482852600860234,0.0,0.0,0.0,0.0,0.0,0.0,False
2022-07-12,6.81,97.69,0.07483115237010263,-0.08248859080632887,0.0,0.0,0.0,0.0,0.0,0.0,False
2022-07-13,6.689,98.44,-0.01792773402515002,0.0076480258580042815,0.0,0.0,0.0,0.0,0.0,0.0,False
2022-07-14,6.9,97.79,0.03105702546694289,-0.0066249031986718165,0.0,0.0,0.0,0.0,0.0,0.0,False
2022-07-15,6.997,99.59,0.013960074160545899,0.01823943561936492,0.0,0.0,0.0,0.0,0.0,0.0,False
2022-07-18,7.479,104.48,0.06661760744577072,0.04793390758457239,0.0,0.0,0.0,0.0,0.0,0.0,False
2022-07-19,7.13,106.12,-0.04778785878332581,0.015574863741417921,0.0,0.0,0.0,0.0,0.0,0.0,False
2022-07-20,7.899,104.45,0.1024249347560775,-0.015862041266964333,0.0,0.0,0.0,0.0,0.0,0.0,False
2022-07-21,7.784,98.44,-0.014665824298578212,-0.05926126247971908,0.0,0.0,0.0,0.0,0.0,0.0,False
2022-07-22,8.195,97.71,0.05145386731208923,-0.007443317566603547,0.0,0.0,0.0,0.0,0.0,0.0,False
2022-07-25,8.571,99.83,0.044860199720952565,0.021464831392082218,0.0,0.0,0.0,0.0,0.0,0.0,False
2022-07-26,8.825,97.74,0.029204190902614613,-0.02115784750632521,0.0,0.0,0.0,0.0,-0.0037581995129585,0.0,False
2022-07-27,8.65,100.03,-0.02002928187557229,0.023159249155080275,0.0,0.0,0.0,0.0,-0.0037581995129585,0.0,False
2022-07-28,8.118,99.11,-0.06347550252708212,-0.009239796578471626,0.0,0.0,0.0,0.0,-0.0037581995129585,0.0,False
2022-07-29,8.374,101.31,0.031047849180245723,0.021954778646968265,0.0,0.0,0.0,0.0,-0.0109663000330328,0.0,False
2022-08-01,8.33,96.59,-0.00526821141820033,-0.04770990687438115,0.0,0.0,0.0,0.0,-0.0129189826548099,0.0,False
2022-08-02,7.706,97.14,-0.07786420997478549,0.0056780207263944504,0.0,0.0,0.0,0.0,-0.0129189826548099,0.0,False
2022-08-03,7.81,93.25,0.01340571764762899,-0.04086917839367388,0.0,0.0,0.0,0.0,-0.0129189826548099,0.0,False
2022-08-04,8.122,91.29,0.039171465412511264,-0.02124280594693584,0.0,0.0,0.0,0.0,-0.0129189826548099,0.0,False
2022-08-05,8.051,91.77,-0.00878012194626221,0.005244194253932299,0.0,0.0,0.0,0.0,0.0,0.0,False
2022-08-08,7.767,93.52,-0.03591231788033333,0.01888987033289169,0.0,0.0,0.0,0.0,0.0,0.0,False
2022-08-09,7.825,93.18,0.007439746988706641,-0.003642210775162802,0.0,0.0,0.0,0.0,0.0,0.0,False
2022-08-10,7.86,94.68,0.00446287001489809,0.015969678257132358,0.0,0.0,0.0,0.0,0.0,0.0,False
2022-08-11,8.863,97.02,0.12009870131514555,0.024414358171287454,0.0,0.0,0.0,0.0,0.0,0.0,False
2022-08-12,8.768,94.86,-0.010776577550601019,-0.022515022367634252,0.0,0.0,0.0,0.0,0.0,0.0,False
2022-08-15,8.728,92.24,-0.004572481674890216,-0.028008244488632705,0.0,0.0,0.0,0.0,0.0,0.0,False
2022-08-16,9.472,89.23,0.08180382961088029,-0.033176570048743415,0.0,0.0,0.0,0.0,0.0,0.0,False
2022-08-17,9.401,90.85,-0.007524011545235965,0.017992488930119954,0.0,0.0,0.0,0.0,0.0,0.0,False
2022-08-18,9.188,93.2,-0.02291778176956205,0.025537926849366066,0.0,0.0,0.0,0.0,0.0,0.0,False
2022-08-19,9.315,93.55,0.013727719226699797,0.003748331028552876,0.0,0.0,0.0,0.0,0.0,0.0,False
2022-08-22,9.81,93.42,0.05177626952372005,-0.0013905976461368041,0.0,0.0,0.0,0.0,0.0,0.0,False
2022-08-23,9.75,96.46,-0.006134988567515709,0.03202295956686374,0.0,0.0,0.0,0.0,0.0,0.0,False
2022-08-24,9.369,95.52,-0.039860918040704796,-0.009792764996533698,0.0,0.0,0.0,0.0,0.0,0.0,False
2022-08-25,9.47,93.33,0.010722540228935706,-0.02319405006663633,0.0,0.0,0.0,0.0,0.0,0.0,False
2022-08-26,9.332,93.63,-0.014679553038803306,0.0032092453731422665,0.0,0.0,0.0,0.0,0.0,0.0,False
2022-08-29,9.336,97.4,0.00042854082507126634,0.03947536569769117,0.0,0.0,0.0,0.0,0.0,0.0,False
2022-08-30,9.24,92.08,-0.010336009330662144,-0.056168446234861946,0.0,0.0,0.0,0.0,0.0,0.0,False
2022-08-31,8.93,90.09,-0.034125490765184896,-0.02184859375027859,0.0,0.0,0.0,0.0,0.0,0.0,False
2022-09-01,9.33,87.09,0.0438186199708448,-0.033867103958700184,0.0,0.0,0.0,0.0,0.0,0.0,False
2022-09-02,8.997,87.29,-0.03634382642427081,0.0022938420426097395,0.0,0.0,0.0,0.0,0.0,0.0,False
2022-09-05,,,,,0.0,0.0,0.0,0.0,0.0,0.0,False
2022-09-06,8.212,87.35,,,0.0,0.0,0.0,0.0,0.0,0.0,False
2022-09-07,7.901,82.5,-0.03860716541609088,-0.05712474323943084,0.0,0.0,0.0,0.0,0.0,0.0,False
2022-09-08,8.196,84.04,0.0366568966360572,0.018494582636164658,0.0,0.0,0.0,0.0,0.0,0.0,False
2022-09-09,8.044,87.27,-0.018719758466247516,0.03771388519842045,0.0,0.0,0.0,0.0,0.0,0.0,False
2022-09-12,8.287,88.18,0.029761549956500044,0.010373418754571873,0.0,0.0,0.0,0.0,0.0,0.0,False
2022-09-13,8.49,87.84,0.024200978456350164,-0.003863202168571611,0.0,0.0,0.0,0.0,0.0,0.0,False
2022-09-14,8.7,88.88,0.024434025337281895,0.011770167570154477,0.0,0.0,0.0,0.0,0.0,0.0,False
2022-09-15,8.6,85.72,-0.01156082240107592,-0.03620097472599859,0.0,0.0,0.0,0.0,0.0,0.0,False
2022-09-16,8.067,85.57,-0.06398053730462472,-0.0017514161754128565,0.0,0.0,0.0,0.0,0.0,0.0,False
2022-09-19,7.804,86.15,-0.033145243193972274,0.006755208543975044,0.0,0.0,0.0,0.0,0.0,0.0,False
2022-09-20,7.717,84.69,-0.011210735285398954,-0.01709243204043087,0.0,0.0,0.0,0.0,0.0,0.0,False
2022-09-21,7.99,83.38,0.034765072302717304,-0.015589058480856899,0.0,0.0,0.0,0.0,0.0,0.0,False
2022-09-22,7.089,84.02,-0.11964647290530261,0.007646393288585074,0.0,0.0,0.0,0.0,0.0,0.0,False
2022-09-23,7.203,79.07,0.01595331903434527,-0.06072132965840016,0.0,0.0,0.0,0.0,0.0,0.0,False
2022-09-26,6.903,77.17,-0.04254150618588737,-0.024322755613323643,0.0,0.0,0.0,0.0,0.0,0.0,False
2022-09-27,6.76,78.91,-0.020933209666465835,0.022297182063431897,0.0,0.0,0.0,0.0,0.0,0.0,False
2022-09-28,6.955,82.61,0.028437935320533514,0.04582277604147045,0.0,0.0,0.0,0.0,0.0,0.0,False
2022-09-29,6.57,81.78,-0.05694699287888705,-0.010098023637917564,0.0,0.0,0.0,0.0,0.0,0.0,False
2022-09-30,6.4,79.91,-0.026215842130892897,-0.023131713550125,0.0,0.0,0.0,0.0,0.0,0.0,False
2022-10-03,6.989,84.05,0.08803949412936563,0.050510858468252984,0.0,0.0,0.0,0.0,0.0,0.0,False
2022-10-04,7.32,86.87,0.04627284347822824,0.033000888417204166,0.0,0.0,0.0,0.0,-0.010399866849184,0.0,False
2022-10-05,7.11,88.22,-0.029108084158070646,0.01542094640496483,0.0,0.0,0.0,0.0,-0.010399866849184,0.0,False
2022-10-06,6.972,88.9,-0.01960011615737489,0.00767844784306515,0.0,0.0,0.0,0.0,-0.010399866849184,0.0,False
2022-10-07,7.203,93.07,0.032595478249451304,0.04583975567776033,0.0,0.0,0.0,0.0,-0.010399866849184,0.0,False
2022-10-10,6.784,91.6,-0.059930707417624074,-0.01592062651753423,0.0,0.0,0.0,0.0,0.0,0.0,False
2022-10-11,6.596,89.75,-0.0281034937922493,-0.020403244311696156,0.0,0.0,0.0,0.0,0.0,0.0,False
2022-10-12,6.435,87.83,-0.024711563649262525,-0.021624899439363077,0.0,0.0,0.0,0.0,0.0,0.0,False
2022-10-13,7.053,89.59,0.0917012171779521,0.019840578680461185,0.0,0.0,0.0,0.0,0.0,0.0,False
2022-10-14,7.043,86.1,-0.001418842462768799,-0.03973429517580218,0.0,0.0,0.0,0.0,0.0,0.0,False
2022-10-17,6.714,86.0,-0.04783931720543011,-0.001162115180177281,0.0,0.0,0.0,0.0,0.0,0.0,False
2022-10-18,6.286,83.29,-0.06586996018246749,-0.032018802306257754,0.0,0.0,0.0,0.0,0.0,0.0,False
2022-10-19,5.462,86.0,-0.14050991532386248,0.032018802306257754,0.0,0.0,0.0,0.0,0.0,0.0,False
2022-10-20,5.1,86.02,-0.06857448332123317,0.00023253110208276695,0.0,0.0,0.0,0.0,0.0,0.0,False
2022-10-21,4.45,85.47,-0.13633644355213126,-0.006414390177663876,0.0,0.0,0.0,0.0,0.0,0.0,False
2022-10-24,5.753,86.12,0.2568173617030076,0.007576235318236257,0.0,0.0,0.0,0.0,0.0,0.0,False
2022-10-25,5.613,,-0.02463612192109399,,0.0,0.0,0.0,0.0,-0.0042397119104862,0.0,False
2022-10-26,6.217,89.39,0.10220213932713795,,0.0,0.0,0.0,0.0,-0.0042397119104862,0.0,False
2022-10-27,5.186,89.06,-0.18132478817072784,-0.0036985192062042316,0.0,0.0,0.0,0.0,-0.0042397119104862,0.0,False
2022-10-28,5.794,87.85,0.1108602122306861,-0.013679485260450264,0.0,0.0,0.0,0.0,-0.0120883835479617,0.0,False
2022-10-31,6.355,86.54,0.09241900529425884,-0.01502407983636811,0.0,0.0,0.0,0.0,-0.0133166033774614,0.0,False
2022-11-01,6.08,88.36,-0.0442372086633418,0.02081264375517833,0.0,0.0,0.0,0.0,-0.0133166033774614,0.0,False
2022-11-02,5.749,90.06,-0.05597876933692181,0.019056736321508616,0.0,0.0,0.0,0.0,-0.0133166033774614,0.0,False
2022-11-03,6.33,88.14,0.09627430951493099,-0.02154965545958465,0.0,0.0,0.0,0.0,-0.0133166033774614,0.0,False
2022-11-04,5.873,92.58,-0.07493465961570234,0.04914667618928359,0.0,0.0,0.0,0.0,0.0,0.0,False
2022-11-07,6.944,91.8,0.1675124008176665,-0.008460837976679514,0.0,0.0,0.0,0.0,0.0,0.0,False
2022-11-08,6.138,88.8,-0.12337902116050459,-0.03322564762832059,0.0,0.0,0.0,0.0,0.0,0.0,False
2022-11-09,5.865,85.79,-0.045496474092105554,-0.0344842004132504,0.0,0.0,0.0,0.0,0.0,0.0,False
2022-11-10,6.613,86.52,0.12003492658708659,0.00847315149998451,0.0,0.0,0.0,0.0,0.0,0.0,False
2022-11-11,5.879,89.14,-0.1176507292724076,0.029832566433551477,0.0,0.0,0.0,0.0,0.0,0.0,False
2022-11-14,6.299,85.85,0.06900421121967426,-0.03760658017492524,0.0,0.0,0.0,0.0,0.0,0.0,False
2022-11-15,6.034,86.87,-0.04298074990292289,0.011811160928344222,0.0,0.0,0.0,0.0,0.0,0.0,False
2022-11-16,5.59,85.62,-0.07643085356986146,-0.014493847555028694,0.0,0.0,0.0,0.0,0.0,0.0,False
2022-11-17,5.706,81.69,0.020538965624300465,-0.046987305363022536,0.0,0.0,0.0,0.0,0.0,0.0,False
2022-11-18,6.1,80.07,0.06677051838795722,-0.020030343269235473,0.0,0.0,0.0,0.0,-0.0116366446018219,0.0,False
2022-11-21,6.111,79.74,0.001801654733512903,-0.004129910131332792,0.0,0.0,0.0,0.0,-0.0116366446018219,0.0,False
2022-11-22,6.779,80.83,0.10373917253605014,0.013576841792543703,0.0,0.0,0.0,0.0,-0.0116366446018219,0.0,False
2022-11-23,6.57,77.93,-0.03131576595230934,-0.03653719589028359,0.0,0.0,0.0,0.0,-0.0116366446018219,0.0,False
2022-11-24,,,,,0.0,0.0,0.0,0.0,0.0,0.0,False
2022-11-25,6.57,76.45,,,0.0,0.0,0.0,0.0,0.0,0.0,False
2022-11-28,7.196,77.1,0.09101148359176747,0.008466348194211548,0.0,0.0,0.0,0.0,0.0,0.0,False
2022-11-29,6.03,77.96,-0.17677830534919248,0.011092594070076345,0.0,0.0,0.0,0.0,0.0,0.0,False
2022-11-30,6.93,80.48,0.13911280246271773,0.03181283171206939,0.0,0.0,0.0,0.0,0.0,0.0,False
2022-12-01,6.33,81.06,-0.09055957704572704,0.007180914848733622,0.0,0.0,0.0,0.0,0.0,0.0,False
2022-12-02,6.169,79.86,-0.025763485928583352,-0.014914519565087048,0.0,0.0,0.0,0.0,-0.0113219451159238,0.0,False
2022-12-05,5.577,76.83,-0.10088575282008483,-0.03867991275553173,0.0,0.0,0.0,0.0,-0.0113219451159238,0.0,False
2022-12-06,4.58,74.21,-0.19695199928132312,-0.034696276897501654,0.0,0.0,0.0,0.0,-0.0113219451159238,0.0,False
2022-12-07,5.617,71.93,0.20409871542420222,-0.03120548810277768,0.0,0.0,0.0,0.0,-0.0113219451159238,0.0,False
2022-12-08,5.359,71.3,-0.04702032303758252,-0.008797096459014497,0.0,0.0,0.0,0.0,-0.0113219451159238,0.0,False
2022-12-09,4.924,71.05,-0.08465618219050608,-0.0035124728771407376,0.0,0.0,0.0,0.0,0.0,0.0,False
2022-12-12,6.73,72.96,0.31245393533442933,0.026527491222966937,0.0,0.0,0.0,0.0,0.0,0.0,False
2022-12-13,6.733,,0.00044566590650729765,,0.0,0.0,0.0,0.0,0.0,0.0,False
2022-12-14,6.22,77.14,-0.07925090281205582,,0.0,0.0,0.0,0.0,0.0,0.0,False
2022-12-15,5.82,75.89,-0.06646964500774155,-0.016337029364260403,0.0,0.0,0.0,0.0,0.0,0.0,False
2022-12-16,5.602,74.19,-0.038176584905429634,-0.022655553214386615,0.0,0.0,0.0,0.0,-0.0026984643191099,0.0,False
2022-12-19,4.896,75.05,-0.13470513162789177,0.01152518787803647,0.0,0.0,0.0,0.0,-0.0026984643191099,0.0,False
2022-12-20,5.326,75.92,0.08418194218171537,0.011525596222201173,0.0,0.0,0.0,0.0,-0.0026984643191099,0.0,False
2022-12-21,5.332,78.17,0.0011259149247218048,0.029205787930566274,0.0,0.0,0.0,0.0,-0.0026984643191099,0.0,False
2022-12-22,4.171,77.68,-0.24557058710165403,-0.0062881182491691945,0.0,0.0,0.0,0.0,0.0,0.0,False
2022-12-23,4.98,79.57,0.17727407582175347,0.024039313406373886,0.0,0.0,0.0,0.0,-0.014606449753046,0.0,False
2022-12-26,,,,,0.0,0.0,0.0,0.0,-0.014606449753046,0.0,False
2022-12-27,5.282,79.45,,,0.0,0.0,0.0,0.0,-0.014606449753046,0.0,False
2022-12-28,4.194,78.89,-0.23064988139521247,-0.007073415875726852,0.0,0.0,0.0,0.0,-0.014606449753046,0.0,False
2022-12-29,3.934,78.43,-0.06399821251286064,-0.0058479698824234205,0.0,0.0,0.0,0.0,0.0,0.0,False
2022-12-30,4.475,80.16,0.12884963175995123,0.021818130111979528,0.0,0.0,0.0,0.0,0.0,0.0,False
2023-01-02,,,,,0.0,0.0,0.0,0.0,0.0,0.0,False
2023-01-03,3.575,76.87,,,0.0,0.0,0.0,0.0,0.0,0.0,False
2023-01-04,4.172,72.82,0.15443036099255503,-0.05412504061375323,0.0,0.0,0.0,0.0,-0.0102088898420333,0.0,False
2023-01-05,3.358,73.61,-0.21704997848317675,0.010790243323327786,0.0,0.0,0.0,0.0,-0.0102088898420333,0.0,False
2023-01-06,3.352,73.77,-0.0017883760355126288,0.0021712588255962118,0.0,0.0,0.0,0.0,-0.0102088898420333,0.0,False
2023-01-09,3.563,74.69,0.061045704003862555,0.012394069472764002,0.0,0.0,0.0,0.0,-0.0102088898420333,0.0,False
2023-01-10,3.32,75.11,-0.0706381036953021,0.005607491328945002,0.0,0.0,0.0,0.0,0.0,0.0,False
2023-01-11,3.41,77.46,0.026747508367028328,0.030807968388685936,0.0,0.0,0.0,0.0,0.0,0.0,False
2023-01-12,3.695,78.32,0.08026826310473978,0.011041324135648622,0.0,0.0,0.0,0.0,0.0,0.0,False
2023-01-13,3.419,79.9,-0.07763244374300093,0.019972854549973995,0.0,0.0,0.0,0.0,0.0,0.0,False
2023-01-16,,,,,0.0,0.0,0.0,0.0,0.0,0.0,False
2023-01-17,3.218,80.25,,,0.0,0.0,0.0,0.0,0.0,0.0,False
2023-01-18,3.2,79.53,-0.005609238764510582,-0.009012453041081336,0.0,0.0,0.0,0.0,-0.0042981151491403,0.0,False
2023-01-19,3.124,80.31,-0.0240365778282412,0.009759837231326784,0.0,0.0,0.0,0.0,-0.0042981151491403,0.0,False
2023-01-20,3.112,81.27,-0.0038486256612944025,0.011882798564743169,0.0,0.0,0.0,0.0,-0.0042981151491403,0.0,False
2023-01-23,3.43,81.62,0.0972946548617033,0.004297385212545635,0.0,0.0,0.0,0.0,-0.0042981151491403,0.0,False
2023-01-24,3.258,79.86,-0.05144675099799523,-0.021799228342583632,0.0,0.0,0.0,0.0,-0.0041039157658815,0.0,False
2023-01-25,2.915,79.78,-0.11124369037739767,-0.0010022551578146022,0.0,0.0,0.0,0.0,-0.0041039157658815,0.0,False
2023-01-26,2.871,80.64,-0.015209418663528762,0.010721957845797547,0.0,0.0,0.0,0.0,-0.0123825091868639,0.0,False
2023-01-27,2.878,79.73,0.0024352073262492446,-0.011348877808654123,0.0,0.0,0.0,0.0,-0.0124551709741353,0.0,False
2023-01-30,2.821,77.97,-0.020004176445316935,-0.022321789192895736,0.0,0.0,0.0,0.0,-0.0124551709741353,0.0,False
2023-01-31,2.843,78.95,0.007768400649003526,0.01249060338014285,0.0,0.0,0.0,0.0,-0.0106111969798803,0.0,False
2023-02-01,2.536,76.34,-0.11427179609388327,-0.03361769338456799,0.0,0.0,0.0,0.0,-0.0106111969798803,0.0,False
2023-02-02,2.67,75.87,0.051490435837178716,-0.006175697967099936,0.0,0.0,0.0,0.0,-0.0106111969798803,0.0,False
2023-02-03,2.41,73.4,-0.10245172490959453,-0.03309741372951347,0.0,0.0,0.0,0.0,-0.0106111969798803,0.0,False
2023-02-06,2.673,74.11,0.10357468965421834,0.009626540342797085,0.0,0.0,0.0,0.0,0.0,0.0,False
2023-02-07,2.584,77.17,-0.03386285123642652,0.040460304506244604,0.0,0.0,0.0,0.0,0.0,0.0,False
2023-02-08,2.646,78.47,0.023710479772408477,0.016705605669869783,0.0,0.0,0.0,0.0,0.0,0.0,False
2023-02-09,2.492,78.04,-0.059963464767557206,-0.005494870384470829,0.0,0.0,0.0,0.0,0.0,0.0,False
2023-02-10,2.607,79.74,0.04511453402615806,0.021549826198298483,0.0,0.0,0.0,0.0,0.0,0.0,False
2023-02-13,2.883,80.14,0.10063128370490027,0.005003763254789462,0.0,0.0,0.0,0.0,0.0,0.0,False
2023-02-14,2.981,79.08,0.03342739603966938,-0.013315106905582574,0.0,0.0,0.0,0.0,0.0,0.0,False
2023-02-15,2.896,78.57,-0.028928340172464484,-0.006470051114686015,0.0,0.0,0.0,0.0,0.0,0.0,False
2023-02-16,2.389,78.45,-0.1924556061797975,-0.0015284680086882219,0.0,0.0,0.0,0.0,0.0,0.0,False
2023-02-17,2.28,76.31,-0.04669942537732308,-0.027657487877499776,0.0,0.0,0.0,0.0,0.0,0.0,False
2023-02-20,,,,,0.0,0.0,0.0,0.0,0.0,0.0,False
2023-02-21,2.073,76.28,,,0.0,0.0,0.0,0.0,0.0,0.0,False
2023-02-22,2.641,73.95,0.24216079986135264,-0.031021591575409957,0.0,0.0,0.0,0.0,0.0,0.0,False
2023-02-23,2.314,75.26,-0.1321800045435103,0.01755959600848289,0.0,0.0,0.0,0.0,0.0,0.0,False
2023-02-24,2.451,76.19,0.05751847577449065,0.01228143531962722,0.0,0.0,0.0,0.0,-0.0114478655159473,0.0,False
2023-02-27,2.55,75.57,0.03959725462435926,-0.008170841452289856,0.0,0.0,0.0,0.0,-0.0114478655159473,0.0,False
2023-02-28,3.036,76.88,0.17444750036304868,0.017186385629408107,0.0,0.0,0.0,0.0,-0.0114478655159473,0.0,False
2023-03-01,3.299,77.57,0.08307853271306098,0.00893498984074359,0.0,0.0,0.0,0.0,-0.0114478655159473,0.0,False
2023-03-02,3.27,78.05,-0.008829407337282325,0.00616889245866048,0.0,0.0,0.0,0.0,0.0,0.0,False
2023-03-03,3.485,79.62,0.06367805930332504,0.01991567061073063,0.0,0.0,0.0,0.0,0.0,0.0,False
2023-03-06,2.46,80.39,-0.3483066942682157,0.009624472767697512,0.0,0.0,0.0,0.0,0.0,0.0,False
2023-03-07,2.687,,0.08826397968908273,,0.0,0.0,0.0,0.0,0.0,0.0,False
2023-03-08,2.95,76.56,0.09337984071837424,,0.0,0.0,0.0,0.0,0.0,0.0,False
2023-03-09,2.543,75.6,-0.14846068391174572,-0.01261846395921129,0.0,0.0,0.0,0.0,0.0,0.0,False
2023-03-10,2.4,76.55,-0.05787574908608284,0.012487838918205263,0.0,0.0,0.0,0.0,0.0,0.0,False
2023-03-13,2.606,74.68,0.08234774134875344,-0.02473180343017045,0.0,0.0,0.0,0.0,0.0,0.0,False
2023-03-14,2.573,71.18,-0.012743945403046242,-0.04800043859147518,0.0,0.0,0.0,0.0,0.0,0.0,False
2023-03-15,2.958,67.38,0.13944083098900117,-0.054863642103640586,0.0,0.0,0.0,0.0,0.0,0.0,False
2023-03-16,2.626,68.15,-0.11905158840800378,0.011362920164135204,0.0,0.0,0.0,0.0,0.0,0.0,False
2023-03-17,2.338,66.61,-0.11616591283072775,-0.022856441717453713,0.0,0.0,0.0,0.0,0.0,0.0,False
2023-03-20,2.23,67.56,-0.04729427757784932,0.014161375514511576,0.0,0.0,0.0,0.0,0.0,0.0,False
2023-03-21,2.721,69.4,0.198997874329082,0.0268707755731592,0.0,0.0,0.0,0.0,0.0,0.0,False
2023-03-22,2.307,70.71,-0.16505148060949282,0.018700138103390884,0.0,0.0,0.0,0.0,0.0,0.0,False
2023-03-23,2.528,69.77,0.09148049709299444,-0.013382887665004617,0.0,0.0,0.0,0.0,0.0,0.0,False
2023-03-24,2.861,69.22,0.1237427377833622,-0.00791427974394665,0.0,0.0,0.0,0.0,0.0,0.0,False
2023-03-27,2.726,72.87,-0.04833588079363227,0.05138719347499254,0.0,0.0,0.0,0.0,0.0,0.0,False
2023-03-28,2.386,73.12,-0.1332170095986165,0.0034248954637039475,0.0,0.0,0.0,0.0,0.0,0.0,False
2023-03-29,2.184,72.95,-0.08846026579306576,-0.0023276521771000702,0.0,0.0,0.0,0.0,0.0,0.0,False
2023-03-30,2.69,74.32,0.20838313573108902,0.01860581953678775,0.0,0.0,0.0,0.0,0.0,0.0,False
2023-03-31,2.783,75.68,0.03398828893000605,0.018133830238040716,0.0,0.0,0.0,0.0,0.0,0.0,False
2023-04-03,2.586,80.4,-0.0734172021940881,0.06050025144129734,0.0,0.0,0.0,0.0,0.0,0.0,False
2023-04-04,2.106,80.7,-0.205321866637882,0.003724399090982544,0.0,0.0,0.0,0.0,-0.0099035575985908,0.0,False
2023-04-05,2.155,80.69,0.023000309843927313,-0.0001239234154883917,0.0,0.0,0.0,0.0,-0.0099035575985908,0.0,False
2023-04-06,2.238,80.7,0.03779188633402253,0.0001239234154883917,0.0,0.0,0.0,0.0,-0.0099035575985908,0.0,False
2023-04-07,,,,,0.0,0.0,0.0,0.0,-0.0099035575985908,0.0,False
2023-04-10,2.172,79.79,,,0.0,0.0,0.0,0.0,0.0,0.0,False
2023-04-11,2.571,81.54,0.16864652621206344,0.021695514070917632,0.0,0.0,0.0,0.0,0.0,0.0,False
2023-04-12,2.267,83.26,-0.1258375567583606,0.020874544375722337,0.0,0.0,0.0,0.0,0.0,0.0,False
2023-04-13,2.431,82.16,0.06984532380859443,-0.013299676146526274,0.0,0.0,0.0,0.0,0.0,0.0,False
2023-04-14,2.609,82.58,0.07066431082060509,0.005098954837641223,0.0,0.0,0.0,0.0,0.0,0.0,False
2023-04-17,2.21,80.93,-0.16597449062492997,-0.020182936950333463,0.0,0.0,0.0,0.0,0.0,0.0,False
2023-04-18,2.366,80.85,0.06820825002653363,-0.0009889974844954352,0.0,0.0,0.0,0.0,0.0,0.0,False
2023-04-19,2.222,79.18,-0.0627930743387568,-0.02087184434513034,0.0,0.0,0.0,0.0,0.0,0.0,False
2023-04-20,2.427,77.27,0.0882482355270261,-0.024417959732492278,0.0,0.0,0.0,0.0,0.0,0.0,False
2023-04-21,2.233,77.86,-0.08330995388644347,0.007606560236816939,0.0,0.0,0.0,0.0,0.0,0.0,False
2023-04-24,2.273,78.64,0.017754572012385283,0.009968133656601097,0.0,0.0,0.0,0.0,0.0,0.0,False
2023-04-25,2.437,77.05,0.06966722977266293,-0.020425914072785822,0.0,0.0,0.0,0.0,-0.0036448538303375,0.0,False
2023-04-26,2.117,74.33,-0.14076778249034105,-0.03593992302892257,0.0,0.0,0.0,0.0,-0.0036448538303375,0.0,False
2023-04-27,2.6,74.77,0.2055114528747083,0.005902096274621904,0.0,0.0,0.0,0.0,-0.0036448538303375,0.0,False
2023-04-28,2.578,76.78,-0.008497540510440715,0.026527454560826946,0.0,0.0,0.0,0.0,-0.0111881829798221,0.0,False
2023-05-01,2.498,75.65,-0.031523492813609555,-0.014826749338285872,0.0,0.0,0.0,0.0,-0.0111881829798221,0.0,False
2023-05-02,2.495,71.71,-0.0012016824999040443,-0.05348723233988206,0.0,0.0,0.0,0.0,-0.0111881829798221,0.0,False
2023-05-03,2.422,68.62,-0.02969508407258148,-0.04404617046417947,0.0,0.0,0.0,0.0,-0.0111881829798221,0.0,False
2023-05-04,2.366,68.52,-0.023392879574705483,-0.001458363974384369,0.0,0.0,0.0,0.0,0.0,0.0,False
2023-05-05,2.137,71.32,-0.10179778921918448,0.04005111953901963,0.0,0.0,0.0,0.0,0.0,0.0,False
2023-05-08,2.12,73.13,-0.007986887653089414,0.025061886287920387,0.0,0.0,0.0,0.0,0.0,0.0,False
2023-05-09,2.511,73.68,0.16926499149152685,0.007492712664191714,0.0,0.0,0.0,0.0,0.0,0.0,False
2023-05-10,2.191,72.53,-0.13632301956211867,-0.01573112257173026,0.0,0.0,0.0,0.0,0.0,0.0,False
2023-05-11,2.19,70.81,-0.00045651678491998027,-0.024000035711638112,0.0,0.0,0.0,0.0,0.0,0.0,False
2023-05-12,2.529,70.02,0.14392242385941867,-0.01121931813716337,0.0,0.0,0.0,0.0,0.0,0.0,False
2023-05-15,2.542,71.07,0.005127205079434205,0.01488439131228425,0.0,0.0,0.0,0.0,0.0,0.0,False
2023-05-16,2.598,70.85,0.021790745481145457,-0.0031003407021144014,0.0,0.0,0.0,0.0,0.0,0.0,False
2023-05-17,2.365,72.78,-0.0939638963045113,0.026876226047324536,0.0,0.0,0.0,0.0,0.0,0.0,False
2023-05-18,2.592,71.82,0.09165175654613189,-0.013278203386077436,0.0,0.0,0.0,0.0,0.0,0.0,False
2023-05-19,2.37,71.57,-0.08953982334298849,-0.0034869970474300516,0.0,0.0,0.0,0.0,0.0,0.0,False
2023-05-22,2.3,71.81,-0.029980832211935926,0.003347750371720082,0.0,0.0,0.0,0.0,-0.0107737723737955,0.0,False
2023-05-23,2.321,72.87,0.009089004357196173,0.014653289559964477,0.0,0.0,0.0,0.0,-0.0107737723737955,0.0,False
2023-05-24,2.633,74.37,0.12612575322187225,0.020375603033017775,0.0,0.0,0.0,0.0,-0.0107737723737955,0.0,False
2023-05-25,2.307,71.68,-0.13217590132255574,-0.03684086604853398,0.0,0.0,0.0,0.0,-0.0107737723737955,0.0,False
2023-05-26,2.417,72.35,0.04657912252972929,0.009303684410817858,0.0,0.0,0.0,0.0,0.0,0.0,False
2023-05-29,,,,,0.0,0.0,0.0,0.0,0.0,0.0,False
2023-05-30,2.532,69.45,,,0.0,0.0,0.0,0.0,0.0,0.0,False
2023-05-31,2.266,68.11,-0.11099334167611519,-0.0194830239471262,0.0,0.0,0.0,0.0,0.0,0.0,False
2023-06-01,2.158,70.09,-0.04883429576987164,0.02865608525900676,0.0,0.0,0.0,0.0,0.0,0.0,False
2023-06-02,2.299,71.76,0.06329237894510154,0.023547087238307007,0.0,0.0,0.0,0.0,-0.0104848854243755,0.0,False
2023-06-05,2.384,72.14,0.03630550342205885,0.005281457724852778,0.0,0.0,0.0,0.0,-0.0104848854243755,0.0,False
2023-06-06,2.402,71.71,0.007521974454688607,-0.0059784675809098076,0.0,0.0,0.0,0.0,-0.0102398786693811,0.0,False
2023-06-07,2.448,72.52,0.018969640992287706,0.011232177992167358,0.0,0.0,0.0,0.0,-0.0102398786693811,0.0,False
2023-06-08,2.352,71.28,-0.04000533461369915,-0.017246602724096505,0.0,0.0,0.0,0.0,-0.0102398786693811,0.0,False
2023-06-09,2.47,70.16,0.0489521206035054,-0.015837435098626784,0.0,0.0,0.0,0.0,-0.0102398786693811,0.0,False
2023-06-12,1.9,67.08,-0.26236426446749117,-0.04489241110891928,0.0,0.0,0.0,0.0,0.0,0.0,False
2023-06-13,2.407,69.39,0.23652727262854023,0.03385682795644929,0.0,0.0,0.0,0.0,0.0,0.0,False
2023-06-14,2.547,68.22,0.056535037196385085,-0.017004987920957504,0.0,0.0,0.0,0.0,0.0,0.0,False
2023-06-15,2.533,70.61,-0.0055118249777819095,0.034434000537755693,0.0,0.0,0.0,0.0,0.0,0.0,False
2023-06-16,2.632,71.81,0.03833964244353272,0.01685196459397087,0.0,0.0,0.0,0.0,0.0,0.0,False
2023-06-19,,,,,0.0,0.0,0.0,0.0,0.0,0.0,False
2023-06-20,2.57,70.94,,,0.0,0.0,0.0,0.0,0.0,0.0,False
2023-06-21,2.666,72.55,0.03667332284938851,0.02244152998472071,0.0,0.0,0.0,0.0,0.0,0.0,False
2023-06-22,2.704,69.22,0.01415293642420079,-0.04698614112299815,0.0,0.0,0.0,0.0,0.0,0.0,False
2023-06-23,2.22,68.91,-0.19722496229652953,-0.004488532838081483,0.0,0.0,0.0,0.0,0.0,0.0,False
2023-06-26,2.936,69.09,0.27954091486808097,0.0026086971315866236,0.0,0.0,0.0,0.0,0.0,0.0,False
2023-06-27,2.763,67.68,-0.06073106481098978,-0.020619287202735315,0.0,0.0,0.0,0.0,0.0,0.0,False
2023-06-28,2.603,69.54,-0.05965241992885095,0.02711141128174699,0.0,0.0,0.0,0.0,0.0,0.0,False
2023-06-29,2.691,69.85,0.03324824573234031,0.004447959123255352,0.0,0.0,0.0,0.0,0.0,0.0,False
2023-06-30,2.48,70.66,-0.08165431156787795,0.011529556228028426,0.0,0.0,0.0,0.0,0.0,0.0,False
2023-07-03,2.784,69.71,0.11563018229528244,-0.013535862432691559,0.0,0.0,0.0,0.0,-0.0027565546333789,0.0,False
2023-07-04,,,,,0.0,0.0,0.0,0.0,-0.0027565546333789,0.0,False
2023-07-05,2.65,71.78,,,0.0,0.0,0.0,0.0,-0.010899119079113,0.0,False
2023-07-06,2.599,71.76,-0.019432884338777545,-0.00027866796892084267,0.0,0.0,0.0,0.0,-0.010899119079113,0.0,False
2023-07-07,2.66,73.91,0.023199367134254523,0.029520919046254868,0.0,0.0,0.0,0.0,-0.010899119079113,0.0,False
2023-07-10,3.149,73.05,0.1687588193252798,-0.011703998600086862,0.0,0.0,0.0,0.0,-0.010899119079113,0.0,False
2023-07-11,2.778,74.87,-0.12535369778673555,0.024609138045885715,0.0,0.0,0.0,0.0,0.0,0.0,False
2023-07-12,3.105,75.77,0.11128247105329003,0.011949159700687773,0.0,0.0,0.0,0.0,0.0,0.0,False
2023-07-13,2.534,76.86,-0.20321463348649482,0.014283149193415667,0.0,0.0,0.0,0.0,-0.0155071169137954,-0.0155071169137954,False
2023-07-14,2.539,75.44,0.001971220823594244,-0.018647946811495508,0.0,0.0,0.0,0.0,-0.0155071169137954,-0.0155071169137954,False
2023-07-17,2.512,74.17,-0.010691054116589216,-0.01697788257673505,0.0,0.0,0.0,0.0,-0.0155071169137954,-0.0155071169137954,False
2023-07-18,2.629,75.76,0.04552429714179196,0.02121069312935564,0.0,0.0,0.0,0.0,-0.0155071169137954,-0.0155071169137954,False
2023-07-19,2.51,75.4,-0.04632079260405175,-0.004763173863912229,0.0,0.0,0.0,0.0,0.0,0.0,False
2023-07-20,2.823,75.65,0.11751739612765977,0.003310165220455019,0.0,0.0,0.0,0.0,0.0,0.0,False
2023-07-21,2.707,77.06,-0.0419591386391881,0.01846689896364584,0.0,0.0,0.0,0.0,0.0,0.0,False
2023-07-24,2.792,78.81,0.03091717426796181,0.022455553167547215,0.0,0.0,0.0,0.0,-0.0117315612733364,0.0,False
2023-07-25,2.66,79.76,-0.04843206210651818,0.011982233288024169,0.0,0.0,0.0,0.0,-0.0028032828122377,0.0,False
2023-07-26,2.6,79.11,-0.02281467776617141,-0.008182836620277634,0.0,0.0,0.0,0.0,-0.0028032828122377,-0.0117315612733364,False
2023-07-27,2.595,80.17,-0.0019249284095843588,0.013310091021555337,0.0,0.0,0.0,0.0,-0.0028032828122377,-0.0117315612733364,False
2023-07-28,3.176,80.55,0.20203602676703725,0.004728729568123313,0.0,0.0,0.0,0.0,-0.0106840394437313,-0.0117315612733364,False
2023-07-31,2.58,81.8,-0.20783314445136314,0.015399133985718017,0.0,0.0,0.0,0.0,-0.0106840394437313,-0.0117315612733364,False
2023-08-01,2.672,81.37,0.03503785674087323,-0.005270588900136097,0.0,0.0,0.0,0.0,-0.0106840394437313,0.0,False
2023-08-02,2.43,79.5,-0.09493599832194222,-0.023249633048279428,0.0,0.0,0.0,0.0,-0.0106840394437313,0.0,False
2023-08-03,2.67,81.56,0.09418721505970107,0.025581924045968485,0.0,0.0,0.0,0.0,0.0,0.0,False
2023-08-04,2.53,82.76,-0.05385916967272941,0.014605907171088006,0.0,0.0,0.0,0.0,0.0,0.0,False
2023-08-07,3.603,81.94,0.35354752902652753,-0.00995758075861719,0.0,0.0,0.0,0.0,-0.0130374655127525,0.0,False
2023-08-08,3.243,82.94,-0.10526800444077544,0.012130182699509717,0.0,0.0,0.0,0.0,-0.0130374655127525,0.0,False
2023-08-09,3.857,84.35,0.17339085190090997,0.01685735417374179,0.0,0.0,0.0,0.0,-0.0130374655127525,0.0,False
2023-08-10,3.301,82.81,-0.15566422635503474,-0.018425981946368353,0.0,0.0,0.0,0.0,-0.0130374655127525,0.0,False
2023-08-11,3.344,83.17,0.012942242351398958,0.004337878834987485,0.0,0.0,0.0,0.0,0.0,0.0,False
2023-08-14,2.74,82.5,-0.19920977482247615,-0.008088412539961176,0.0,0.0,0.0,0.0,0.0,0.0,False
2023-08-15,2.65,81.06,-0.03339828040184811,-0.017608672140472237,0.0,0.0,0.0,0.0,0.0,0.0,False
2023-08-16,2.592,79.4,-0.022129861508102477,-0.020691252947072414,0.0,0.0,0.0,0.0,0.0,0.0,False
2023-08-17,2.56,80.43,-0.012422519998557147,0.012888872662887074,0.0,0.0,0.0,0.0,0.0,0.0,False
2023-08-18,2.691,81.25,0.049905613253297565,0.010143580293869192,0.0,0.0,0.0,0.0,0.0,0.0,False
2023-08-21,2.632,80.71,-0.0221688582816979,-0.0066683378735659105,0.0,0.0,0.0,0.0,0.0,0.0,False
2023-08-22,2.58,80.25,-0.019954614529544723,-0.0057157213261556095,0.0,0.0,0.0,0.0,0.0,0.0,False
2023-08-23,2.497,78.91,-0.032699387635889976,-0.016838799477181254,0.0,0.0,0.0,0.0,0.0,0.0,False
2023-08-24,2.519,79.52,0.008771986072837024,0.007700599815374964,0.0,0.0,0.0,0.0,0.0,0.0,False
2023-08-25,2.54,80.47,0.008302083659972093,0.011875881809722877,0.0,0.0,0.0,0.0,0.0,0.0,False
2023-08-28,2.665,80.65,0.04803997658736259,0.0022343604131762618,0.0,0.0,0.0,0.0,0.0,0.0,False
2023-08-29,2.556,81.14,-0.04176052110251938,0.006057253207083058,0.0,0.0,0.0,0.0,0.0,0.0,False
2023-08-30,2.48,81.64,-0.030184976338397673,0.006143280163342979,0.0,0.0,0.0,0.0,0.0,0.0,False
2023-08-31,2.768,83.55,0.10986647757853218,0.023125917099759086,0.0,0.0,0.0,0.0,0.0,0.0,False
2023-09-01,2.7,85.52,-0.02487326474513951,0.023305011675386567,0.0,0.0,0.0,0.0,0.0,0.0,False
2023-09-04,,,,,0.0,0.0,0.0,0.0,0.0,0.0,False
2023-09-05,3.706,86.74,,,0.0,0.0,0.0,0.0,0.0,0.0,False
2023-09-06,3.677,87.55,-0.007855925544032916,0.009294920324640188,0.0,0.0,0.0,0.0,0.0,0.0,False
2023-09-07,3.675,86.87,-0.0005440696543350665,-0.007797310460031959,0.0,0.0,0.0,0.0,0.0,0.0,False
2023-09-08,2.53,87.51,-0.37333382992537123,0.0073403242759111365,0.0,0.0,0.0,0.0,0.0,0.0,False
2023-09-11,2.5,87.3,-0.011928570865273658,-0.0024026097021829784,0.0,0.0,0.0,0.0,0.0,0.0,False
2023-09-12,3.445,88.87,0.32063317259146684,0.017824164904826745,0.0,0.0,0.0,0.0,0.0,0.0,False
2023-09-13,2.76,88.59,-0.2216932247365635,-0.003155643326442359,0.0,0.0,0.0,0.0,0.0,0.0,False
2023-09-14,2.983,90.13,0.07769882580355314,0.017234088144377324,0.0,0.0,0.0,0.0,0.0,0.0,False
2023-09-15,3.595,90.83,0.1866144856403984,0.007736554945803498,0.0,0.0,0.0,0.0,0.0,0.0,False
2023-09-18,2.728,91.47,-0.27597525119179434,0.007021422154150692,0.0,0.0,0.0,0.0,0.0,0.0,False
2023-09-19,3.384,91.16,0.21548970176276105,-0.0033948452907894833,0.0,0.0,0.0,0.0,0.0,0.0,False
2023-09-20,3.316,89.2,-0.020299204470928256,-0.0217351647915196,0.0,0.0,0.0,0.0,0.0,0.0,False
2023-09-21,3.524,89.56,0.06083747080088453,0.004027752144589947,0.0,0.0,0.0,0.0,0.0,0.0,False
2023-09-22,3.297,90.0,-0.06658374398433886,0.0049008785997113335,0.0,0.0,0.0,0.0,0.0,0.0,False
2023-09-25,3.341,89.68,0.013257199285025445,-0.0035618915663606643,0.0,0.0,0.0,0.0,0.0,0.0,False
2023-09-26,2.845,91.43,-0.16070709579632525,0.01932587341243064,0.0,0.0,0.0,0.0,0.0,0.0,False
2023-09-27,2.764,93.67,-0.028884161672871,0.024204315044704217,0.0,0.0,0.0,0.0,0.0,0.0,False
2023-09-28,3.593,91.65,0.2623086022259584,-0.021800992935324892,0.0,0.0,0.0,0.0,0.0,0.0,False
2023-09-29,3.497,90.77,-0.02708205005014297,-0.009648139747178597,0.0,0.0,0.0,0.0,0.0,0.0,False
2023-10-02,2.7,88.81,-0.2586536850709553,-0.021829578268122596,0.0,0.0,0.0,0.0,0.0,0.0,False
2023-10-03,3.495,89.26,0.2580816026754902,0.005054202930710794,0.0,0.0,0.0,0.0,0.0,0.0,False
2023-10-04,2.962,84.32,-0.16546865984016645,-0.0569343744080717,0.0,0.0,0.0,0.0,-0.010749913752079,0.0,False
2023-10-05,3.745,82.3,0.23455690112357575,-0.02424797711002835,0.0,0.0,0.0,0.0,-0.010749913752079,0.0,False
2023-10-06,3.338,82.83,-0.11504979172953966,0.00641920692714848,0.0,0.0,0.0,0.0,-0.010749913752079,0.0,False
2023-10-09,3.376,,0.011319751494067498,,0.0,0.0,0.0,0.0,-0.010749913752079,0.0,False
2023-10-10,3.659,85.89,0.08049830930335888,,0.0,0.0,0.0,0.0,0.0,0.0,False
2023-10-11,3.658,83.7,-0.0002733360683957464,-0.025828430282704318,0.0,0.0,0.0,0.0,-0.0073052137158811,-0.0184697732329368,False
2023-10-12,3.875,82.87,0.05762911283663641,-0.00996586263447874,0.0,0.0,0.0,0.0,-0.0073052137158811,-0.0184697732329368,False
2023-10-13,3.584,87.67,-0.0780661676926262,0.05630665073954333,0.0,0.0,0.0,0.0,-0.0103398580104112,-0.0184697732329368,False
2023-10-16,3.479,86.65,-0.029734598942878998,-0.011702749438878612,0.0,0.0,0.0,0.0,-0.0070524923503398,-0.0184697732329368,False
2023-10-17,3.079,86.66,-0.12214002722744177,0.00011540015014777083,0.0,0.0,0.0,0.0,-0.0070524923503398,0.0,False
2023-10-18,2.92,88.35,-0.053021252662172946,0.019313782453941997,0.0,0.0,0.0,0.0,-0.0070524923503398,0.0,False
2023-10-19,3.326,89.35,0.13018676449054567,0.011255042839731999,0.0,0.0,0.0,0.0,-0.0070524923503398,0.0,False
2023-10-20,3.454,89.12,0.03776259895375089,-0.002577465426463199,0.0,0.0,0.0,0.0,-0.0235571321099996,-0.0235571321099996,False
2023-10-23,3.273,85.49,-0.05382598420544338,-0.04158436614083172,0.0,0.0,0.0,0.0,-0.0235571321099996,-0.0114156482741236,False
2023-10-24,2.85,84.58,-0.13838800123848438,-0.01070157799379956,0.0,0.0,0.0,0.0,-0.0027843210846185,-0.0114156482741236,False
2023-10-25,2.86,86.07,0.003502630551202035,0.01746308661703999,0.0,0.0,0.0,0.0,-0.0027843210846185,-0.0114156482741236,False
2023-10-26,3.634,83.8,0.23951234514221809,-0.02672791117334583,0.0,0.0,0.0,0.0,-0.0027843210846185,-0.0114156482741236,False
2023-10-27,3.164,86.04,-0.13849692006857173,0.02637929691149221,0.0,0.0,0.0,0.0,-0.0114642446860671,0.0,False
2023-10-30,3.524,83.03,0.1077596581685254,-0.03561031612558985,0.0,0.0,0.0,0.0,-0.0087471157312393,0.0,False
2023-10-31,3.813,81.64,0.07881957280149376,-0.016882650332295412,0.0,0.0,0.0,0.0,-0.0087471157312393,0.0,False
2023-11-01,3.494,81.05,-0.0873690691635618,-0.007253089759958975,0.0,0.0,0.0,0.0,-0.0087471157312393,0.0,False
2023-11-02,3.472,83.04,-0.006316414913761115,0.024256171235893298,0.0,0.0,0.0,0.0,-0.0214387737214565,0.0,False
2023-11-03,3.795,81.19,0.08895361404948932,-0.022530332543222897,0.0,0.0,0.0,0.0,-0.0214387737214565,0.0,False
2023-11-06,3.564,81.54,-0.06280090123903026,0.004301610516751708,0.0,0.0,0.0,0.0,-0.0100857857614755,0.0,False
2023-11-07,3.463,77.96,-0.028748244188278038,-0.04489782275174736,0.0,0.0,0.0,0.0,-0.0108704976737499,0.0,False
2023-11-08,3.106,75.85,-0.10879954069378961,-0.0274381688448182,0.0,0.0,0.0,0.0,-0.0108704976737499,0.0,False
2023-11-09,3.289,76.34,0.057247842480424804,0.006439341522542108,0.0,0.0,0.0,0.0,-0.0108704976737499,0.0,False
2023-11-10,2.71,,-0.19363493231531048,,0.0,0.0,0.0,0.0,-0.0108704976737499,0.0,False
2023-11-13,3.4,78.86,0.2268267967305061,,0.0,0.0,0.0,0.0,0.0,0.0,False
2023-11-14,2.69,78.9,-0.23423423800836796,0.0005070994023474995,0.0,0.0,0.0,0.0,0.0,0.0,False
2023-11-15,3.129,77.15,0.15117227107299747,-0.02242964904265854,0.0,0.0,0.0,0.0,-0.011723393574357,0.0,False
2023-11-16,3.239,73.5,0.03455117550244702,-0.048466172590379664,0.0,0.0,0.0,0.0,-0.011723393574357,0.0,False
2023-11-17,2.924,76.47,-0.1023120983016601,0.03961310083734304,0.0,0.0,0.0,0.0,-0.011723393574357,0.0,False
2023-11-20,2.854,78.1,-0.024231022832887472,0.02109154978950656,0.0,0.0,0.0,0.0,-0.011723393574357,0.0,False
2023-11-21,2.846,78.35,-0.002807019386984022,0.0031959119563893523,0.0,0.0,0.0,0.0,0.0,0.0,False
2023-11-22,2.983,76.8,0.047015005864951,-0.019981328648403185,0.0,0.0,0.0,0.0,0.0,0.0,False
2023-11-23,,,,,0.0,0.0,0.0,0.0,0.0,0.0,False
2023-11-24,2.855,74.83,,,0.0,0.0,0.0,0.0,-0.0115646962076425,0.0,False
2023-11-27,2.751,74.46,-0.037107361165536146,-0.004956805647696072,0.0,0.0,0.0,0.0,-0.0115646962076425,0.0,False
2023-11-28,2.706,76.09,-0.01649295219384106,0.021654781743860596,0.0,0.0,0.0,0.0,-0.0115646962076425,0.0,False
2023-11-29,2.769,77.56,0.023014714440228623,0.019134980186019668,0.0,0.0,0.0,0.0,-0.0115646962076425,0.0,False
2023-11-30,2.75,75.66,-0.006885332510345066,-0.024802211169568267,0.0,0.0,0.0,0.0,0.0,0.0,False
2023-12-01,2.641,73.7,-0.040443278363484714,-0.026246820009591332,0.0,0.0,0.0,0.0,0.0,0.0,False
2023-12-04,2.651,72.73,0.003779293991893251,-0.013248845028842382,0.0,0.0,0.0,0.0,0.0,0.0,False
2023-12-05,2.72,71.95,0.02569495300101754,-0.010782520833072518,0.0,0.0,0.0,0.0,0.0,0.0,False
2023-12-06,2.37,68.98,-0.13774192516086614,-0.04215482582468155,0.0,0.0,0.0,0.0,-0.0130003113299608,-0.0130003113299608,False
2023-12-07,2.52,69.0,0.06136894637629209,0.00028989708856475005,0.0,0.0,0.0,0.0,-0.0130003113299608,-0.0130003113299608,False
2023-12-08,2.504,70.87,-0.006369448285479806,0.026740708224904708,0.0,0.0,0.0,0.0,-0.0018115676939487,-0.0114032626152038,False
2023-12-11,2.226,70.95,-0.11768320038449898,0.0011281907838869287,0.0,0.0,0.0,0.0,-0.0018115676939487,-0.0114032626152038,False
2023-12-12,2.311,68.27,0.0374740784388905,-0.03850497217586213,0.0,0.0,0.0,0.0,-0.0018115676939487,-0.0114032626152038,False
2023-12-13,2.215,69.09,-0.042427927795144704,0.011939571070514354,0.0,0.0,0.0,0.0,-0.0018115676939487,-0.0114032626152038,False
2023-12-14,2.26,71.21,0.020112409787095498,0.030223255493329937,0.0,0.0,0.0,0.0,0.0,0.0,False
2023-12-15,2.318,71.05,0.025339931633365564,-0.00224940345092417,0.0,0.0,0.0,0.0,0.0,0.0,False
2023-12-18,2.416,72.16,0.04140853515500853,0.015502021211259098,0.0,0.0,0.0,0.0,0.0,0.0,False
2023-12-19,2.44,73.23,0.009884759232541951,0.014719297318610103,0.0,0.0,0.0,0.0,0.0,0.0,False
2023-12-20,2.48,73.87,0.016260520871780315,0.008701618467667593,0.0,0.0,0.0,0.0,0.0,0.0,False
2023-12-21,2.298,73.59,-0.07621938075032686,-0.0037976446021383836,0.0,0.0,0.0,0.0,0.0,0.0,False
2023-12-22,2.54,73.29,0.10012490160388132,-0.004084973000749059,0.0,0.0,0.0,0.0,0.0,0.0,False
2023-12-25,,,,,0.0,0.0,0.0,0.0,0.0,0.0,False
2023-12-26,2.419,75.84,,,0.0,0.0,0.0,0.0,0.0,0.0,False
2023-12-27,2.267,74.31,-0.06489686010249829,-0.020380325777388464,0.0,0.0,0.0,0.0,0.0,0.0,False
2023-12-28,2.41,72.02,0.06116937597717176,-0.03130167394864891,0.0,0.0,0.0,0.0,0.0,0.0,False
2023-12-29,2.58,71.89,0.06816265143096245,-0.0018066852249489784,0.0,0.0,0.0,0.0,0.0,0.0,False
2024-01-01,,,,,0.0,0.0,0.0,0.0,0.0,0.0,False
2024-01-02,2.358,70.62,,,0.0,0.0,0.0,0.0,-0.0121822748333215,-0.0121822748333215,False
2024-01-03,2.448,72.97,0.0374575625349004,0.03273500727728873,0.0,0.0,0.0,0.0,-0.0121822748333215,-0.0121822748333215,False
2024-01-04,2.559,72.38,0.044345192527572186,-0.008118379641932627,0.0,0.0,0.0,0.0,-0.0100820623338222,-0.0121822748333215,False
2024-01-05,2.893,74.0,0.12267746881634611,0.02213507506857404,0.0,0.0,0.0,0.0,-0.0100820623338222,-0.0121822748333215,False
2024-01-08,2.72,71.06,-0.06166214568609196,-0.0405405026112895,0.0,0.0,0.0,0.0,-0.0100820623338222,0.0,False
2024-01-09,3.25,72.43,0.17802311603374021,0.019095987614353938,0.0,0.0,0.0,0.0,-0.0100820623338222,0.0,False
2024-01-10,3.25,71.57,0.0,-0.011944586456728246,0.0,0.0,0.0,0.0,0.0,0.0,False
2024-01-11,2.512,72.15,-0.2575757477356939,0.008071293469373408,0.0,0.0,0.0,0.0,0.0,0.0,False
2024-01-12,3.313,72.94,0.2767748747118066,0.010889900160654165,0.0,0.0,0.0,0.0,0.0,0.0,False
2024-01-15,,,,,0.0,0.0,0.0,0.0,0.0,0.0,False
2024-01-16,2.453,72.63,,,0.0,0.0,0.0,0.0,0.0,0.0,False
2024-01-17,2.534,72.79,0.032487316622595075,0.0022005235120898803,0.0,0.0,0.0,0.0,0.0,0.0,False
2024-01-18,2.413,74.32,-0.04892829525605258,0.020801511375416304,0.0,0.0,0.0,0.0,0.0,0.0,False
2024-01-19,2.7,73.69,0.1123809863673888,-0.00851298972667447,0.0,0.0,0.0,0.0,-0.0037660747766494,0.0,False
2024-01-22,2.125,75.26,-0.23947997063390325,0.02108168038638336,0.0,0.0,0.0,0.0,-0.0037660747766494,0.0,False
2024-01-23,2.2,74.72,0.03468555798789008,-0.007200991244704191,0.0,0.0,0.0,0.0,-0.0037660747766494,0.0,False
2024-01-24,2.262,75.48,0.027792017329658414,0.010119926579762684,0.0,0.0,0.0,0.0,-0.0037660747766494,0.0,False
2024-01-25,2.56,77.91,0.12375788079754246,0.03168659384241668,0.0,0.0,0.0,0.0,0.0,0.0,False
2024-01-26,2.712,78.45,0.057679111586678045,0.006907164836275292,0.0,0.0,0.0,0.0,0.0,0.0,False
2024-01-29,2.089,77.25,-0.2610008875037205,-0.015414563401186854,0.0,0.0,0.0,0.0,0.0,0.0,False
2024-01-30,2.37,78.3,0.12620447257261114,0.01350068721890274,0.0,0.0,0.0,0.0,-0.0033169016242027,0.0,False
2024-01-31,2.1,76.28,-0.12095261041766248,-0.026136822264539283,0.0,0.0,0.0,0.0,-0.0033169016242027,0.0,False
2024-02-01,2.322,74.36,0.10049153854632242,-0.025492617878975388,0.0,0.0,0.0,0.0,-0.0033169016242027,0.0,False
2024-02-02,2.079,72.72,-0.11054187439982377,-0.02230171298401995,0.0,0.0,0.0,0.0,-0.0114892174800237,0.0,False
2024-02-05,2.074,73.21,-0.0024078990685404422,0.0067155737893278555,0.0,0.0,0.0,0.0,-0.0114892174800237,0.0,False
2024-02-06,2.25,,0.08145110640899322,,0.0,0.0,0.0,0.0,-0.0114892174800237,0.0,False
2024-02-07,1.967,74.26,-0.13442067680940673,,0.0,0.0,0.0,0.0,-0.0114892174800237,0.0,False
2024-02-08,1.917,76.67,-0.02574807534341461,0.03193804882186857,0.0,0.0,0.0,0.0,0.0,0.0,False
2024-02-09,2.165,77.26,0.12165889739094571,0.007665859667332242,0.0,0.0,0.0,0.0,0.0,0.0,False
2024-02-12,2.1,77.34,-0.030483016725075807,0.0010349289410154228,0.0,0.0,0.0,0.0,0.0,0.0,False
2024-02-13,1.866,78.28,-0.11814024230422515,0.012080856348724467,0.0,0.0,0.0,0.0,0.0,0.0,False
2024-02-14,1.776,77.09,-0.049433457855173835,-0.01531857205670395,0.0,0.0,0.0,0.0,0.0,0.0,False
2024-02-15,1.767,78.47,-0.00508045123241907,0.017742815668210454,0.0,0.0,0.0,0.0,0.0,0.0,False
2024-02-16,1.609,79.65,-0.09367032532731312,0.014925650216675912,0.0,0.0,0.0,0.0,0.0,0.0,False
2024-02-19,,,,,0.0,0.0,0.0,0.0,0.0,0.0,False
2024-02-20,1.761,78.72,,,0.0,0.0,0.0,0.0,0.0,0.0,False
2024-02-21,1.994,78.89,0.12426084202557752,0.002157224363000587,0.0,0.0,0.0,0.0,0.0,0.0,False
2024-02-22,1.832,79.64,-0.08473440528770804,0.009462002088997501,0.0,0.0,0.0,0.0,0.0,0.0,False
2024-02-23,1.603,77.6,-0.13353139262452268,-0.025949052006822626,0.0,0.0,0.0,0.0,0.0,0.0,False
2024-02-26,2.129,78.53,0.28377551228392656,0.011913290197609783,0.0,0.0,0.0,0.0,0.0,0.0,False
2024-02-27,2.205,79.8,0.035075122987466956,0.016042787068980324,0.0,0.0,0.0,0.0,0.0,0.0,False
2024-02-28,2.285,79.44,0.03563851544735874,-0.004521484718845947,0.0,0.0,0.0,0.0,-0.0108688008040189,0.0,False
2024-02-29,1.86,79.22,-0.20578953662105814,-0.0027732275431464615,0.0,0.0,0.0,0.0,-0.0108688008040189,0.0,False
2024-03-01,2.466,80.9,0.2820209170170427,0.020985031870675463,0.0,0.0,0.0,0.0,-0.0108688008040189,0.0,False
2024-03-04,1.916,79.67,-0.2523577251934839,-0.015320720672171717,0.0,0.0,0.0,0.0,-0.0108688008040189,0.0,False
2024-03-05,2.58,79.11,0.2975497193848573,-0.007053814358969568,0.0,0.0,0.0,0.0,0.0,0.0,False
2024-03-06,2.072,80.08,-0.21927507453628947,0.012186845973659821,0.0,0.0,0.0,0.0,0.0,0.0,False
2024-03-07,2.452,79.81,0.1683896936767283,-0.003377325119047647,0.0,0.0,0.0,0.0,0.0,0.0,False
2024-03-08,2.456,78.96,0.001629992210931075,-0.010707414762690881,0.0,0.0,0.0,0.0,-0.0065838862210512,0.0,False
2024-03-11,1.862,78.87,-0.27688283143002057,-0.0011404677153263876,0.0,0.0,0.0,0.0,-0.0065838862210512,0.0,False
2024-03-12,1.714,78.51,-0.08282135867928742,-0.004574922199735987,0.0,0.0,0.0,0.0,-0.0065838862210512,0.0,False
2024-03-13,2.382,80.67,0.32911065075752044,0.027140753738718715,0.0,0.0,0.0,0.0,-0.0065838862210512,0.0,False
2024-03-14,1.741,82.16,-0.3134808101470564,0.01830180667142045,0.0,0.0,0.0,0.0,0.0,0.0,False
2024-03-15,1.789,81.94,0.02719714374053006,-0.002681293501577642,0.0,0.0,0.0,0.0,0.0,0.0,False
2024-03-18,1.703,83.68,-0.04926540284603076,0.021012728197887576,0.0,0.0,0.0,0.0,0.0,0.0,False
2024-03-19,2.109,84.39,0.21382249981608625,0.008448910853262603,0.0,0.0,0.0,0.0,0.0,0.0,False
2024-03-20,2.074,82.79,-0.01673479168930203,-0.019141630019160694,0.0,0.0,0.0,0.0,0.0,0.0,False
2024-03-21,2.359,81.99,0.12875869061820244,-0.009709992542628498,0.0,0.0,0.0,0.0,0.0,0.0,False
2024-03-22,1.659,81.1,-0.3520227892172305,-0.010914327486719166,0.0,0.0,0.0,0.0,0.0,0.0,False
2024-03-25,2.016,82.41,0.19490033900081472,0.016023827653924627,0.0,0.0,0.0,0.0,0.0,0.0,False
2024-03-26,1.788,82.41,-0.12001767345779979,0.0,0.0,0.0,0.0,0.0,0.0,0.0,False
2024-03-27,1.43,82.15,-0.22342323247950652,-0.0031599442920144938,0.0,0.0,0.0,0.0,0.0,0.0,False
2024-03-28,1.763,83.96,0.2093424591439172,0.021793650469154713,0.0,0.0,0.0,0.0,0.0,0.0,False
2024-03-29,,,,,0.0,0.0,0.0,0.0,0.0,0.0,False
2024-04-01,1.837,84.54,,,0.0,0.0,0.0,0.0,0.0,0.0,False
2024-04-02,2.54,85.95,0.3240302747974566,0.01654093669021428,0.0,0.0,0.0,0.0,0.0,0.0,False
2024-04-03,2.067,86.22,-0.2060658003308139,0.0031364374901299286,0.0,0.0,0.0,0.0,-0.0100264567881822,0.0,False
2024-04-04,1.78,87.37,-0.14948491639563755,0.013249804991014358,0.0,0.0,0.0,0.0,-0.0100264567881822,0.0,False
2024-04-05,1.785,87.69,0.002805050927608521,0.0036558934812616073,0.0,0.0,0.0,0.0,-0.0100264567881822,0.0,False
2024-04-08,1.73,87.24,-0.03129700672191471,-0.005144926457836263,0.0,0.0,0.0,0.0,-0.0100264567881822,0.0,False
2024-04-09,1.83,86.04,0.056194558343641954,-0.013850636933899096,0.0,0.0,0.0,0.0,0.0,0.0,False
2024-04-10,1.9,86.98,0.03753791931906514,0.010865902769963576,0.0,0.0,0.0,0.0,0.0,0.0,False
2024-04-11,1.62,85.79,-0.15942773692810192,-0.013775757584618908,0.0,0.0,0.0,0.0,0.0,0.0,False
2024-04-12,1.36,86.46,-0.17494144949633206,0.007779429654611647,0.0,0.0,0.0,0.0,0.0,0.0,False
2024-04-15,1.41,86.21,0.036105004642116134,-0.002895699017652298,0.0,0.0,0.0,0.0,0.0,0.0,False
2024-04-16,1.38,,-0.021506205220963637,,0.0,0.0,0.0,0.0,0.0,0.0,False
2024-04-17,1.5,83.58,0.08338160893905117,,0.0,0.0,0.0,0.0,0.0,0.0,False
2024-04-18,1.59,83.5,0.05826890812397584,-0.0009576251629592747,0.0,0.0,0.0,0.0,0.0,0.0,False
2024-04-19,1.43,83.79,-0.10605957196032434,0.0034670367683853343,0.0,0.0,0.0,0.0,0.0,0.0,False
2024-04-22,1.64,83.82,0.13702179756429111,0.00035797387173008843,0.0,0.0,0.0,0.0,0.0,0.0,False
2024-04-23,1.59,84.17,-0.030962225603966775,0.004166920726559553,0.0,0.0,0.0,0.0,0.0,0.0,False
2024-04-24,1.6,84.09,0.00626961301359541,-0.0009509093786785883,0.0,0.0,0.0,0.0,0.0,0.0,False
2024-04-25,1.46,84.92,-0.09156719352549059,0.009821982990248834,0.0,0.0,0.0,0.0,-0.0016478318721055,0.0,False
2024-04-26,1.4,85.38,-0.04196419909903215,0.005402244494760566,0.0,0.0,0.0,0.0,-0.0110755786299705,0.0,False
2024-04-29,1.55,84.26,0.10178269430994241,-0.013204624778945018,0.0,0.0,0.0,0.0,-0.0110755786299705,0.0,False
2024-04-30,1.68,83.49,0.08053886248401221,-0.009180392344961597,0.0,0.0,0.0,0.0,-0.0110755786299705,0.0,False
2024-05-01,1.63,80.7,-0.0302137785964966,-0.03398828893000605,0.0,0.0,0.0,0.0,-0.0110755786299705,0.0,False
2024-05-02,1.66,80.59,0.018237587549780943,-0.0013640029394830222,0.0,0.0,0.0,0.0,0.0,0.0,False
2024-05-03,1.67,79.65,0.00600602406021189,-0.011732535980362613,0.0,0.0,0.0,0.0,-0.0343519914895296,0.0,False
2024-05-06,1.88,80.1,0.11844815041319401,0.005633817718256218,0.0,0.0,0.0,0.0,-0.0343519914895296,0.0,False
2024-05-07,1.95,79.97,0.03655759573379769,-0.001624289730515649,0.0,0.0,0.0,0.0,-0.0343519914895296,0.0,False
2024-05-08,2.01,80.57,0.030305349495328815,0.007474807445306375,0.0,0.0,0.0,0.0,-0.0343519914895296,0.0,False
2024-05-09,2.03,80.86,0.009901070982711646,0.003592892423520233,0.0,0.0,0.0,0.0,0.0,0.0,False
2024-05-10,2.14,79.81,0.052770035980064245,-0.013070454324707548,0.0,0.0,0.0,0.0,-0.0171898547559976,0.0,False
2024-05-13,2.11,80.71,-0.014117881545785083,0.011213673448363437,0.0,0.0,0.0,0.0,-0.0171898547559976,0.0,False
2024-05-14,2.14,79.62,0.014117881545785083,-0.013597165764108965,0.0,0.0,0.0,0.0,-0.0171898547559976,0.0,False
2024-05-15,2.12,80.23,-0.009389740349838971,0.007632192193392839,0.0,0.0,0.0,0.0,-0.0171898547559976,0.0,False
2024-05-16,2.32,80.85,0.09015109699429735,0.007698076257550923,0.0,0.0,0.0,0.0,0.0,0.0,False
2024-05-17,2.44,81.66,0.050430853626891925,0.009968699868314168,0.0,0.0,0.0,0.0,0.0,0.0,False
2024-05-20,2.52,81.39,0.03226086221822144,-0.003311870552479057,0.0,0.0,0.0,0.0,0.0,0.0,False
2024-05-21,2.52,80.66,0.0,-0.009009625893728668,0.0,0.0,0.0,0.0,0.0,0.0,False
2024-05-22,2.51,79.15,-0.003976148379639444,-0.01889800311820089,0.0,0.0,0.0,0.0,0.0,0.0,False
2024-05-23,2.64,77.47,0.050496164014532385,-0.0214540216832102,0.0,0.0,0.0,0.0,0.0,0.0,False
2024-05-24,2.22,78.48,-0.17327172127403667,0.012953050613297101,0.0,0.0,0.0,0.0,0.0,0.0,False
2024-05-27,,,,,0.0,0.0,0.0,0.0,0.0,0.0,False
2024-05-28,2.29,80.9,,,0.0,0.0,0.0,0.0,0.0,0.0,False
2024-05-29,2.2,80.24,-0.04009445720187799,-0.008191680410766011,0.0,0.0,0.0,0.0,0.0,0.0,False
2024-05-30,1.87,78.96,-0.1625189294977749,-0.01608074852845398,0.0,0.0,0.0,0.0,0.0,0.0,False
2024-05-31,1.78,77.97,-0.049325066562501574,-0.012617257803717585,0.0,0.0,0.0,0.0,-0.0105831800028681,0.0,False
2024-06-03,2.55,75.26,0.35947999486634097,-0.03537535215621723,0.0,0.0,0.0,0.0,-0.0105831800028681,0.0,False
2024-06-04,2.58,74.27,0.011696039763191335,-0.013241683484086053,0.0,0.0,0.0,0.0,-0.0105831800028681,0.0,False
2024-06-05,2.27,75.08,-0.12800956744021474,0.010847110037103036,0.0,0.0,0.0,0.0,-0.0105831800028681,0.0,False
2024-06-06,2.3,76.52,0.013129291441792534,0.018997932853743293,0.0,0.0,0.0,0.0,0.0,0.0,False
2024-06-07,2.46,76.53,0.06725222700916755,0.0001306762497783609,0.0,0.0,0.0,0.0,0.0,0.0,False
2024-06-10,2.61,78.75,0.05918887139033058,0.028595456883912185,0.0,0.0,0.0,0.0,0.0,0.0,False
2024-06-11,2.71,78.88,0.03759841355700755,0.0016494325886373673,0.0,0.0,0.0,0.0,0.0,0.0,False
2024-06-12,2.8,79.56,0.03267078228954856,0.00858374369139181,0.0,0.0,0.0,0.0,0.0,0.0,False
2024-06-13,2.79,79.61,-0.0035778213478838694,0.0006282591147153127,0.0,0.0,0.0,0.0,0.0,0.0,False
2024-06-14,2.74,79.41,-0.018083675433295365,-0.0025154081933669303,0.0,0.0,0.0,0.0,0.0,0.0,False
2024-06-17,2.5,81.33,-0.09166718852582378,0.02389064727156409,0.0,0.0,0.0,0.0,0.0,0.0,False
2024-06-18,2.43,82.67,-0.028399474521697998,0.01634182708589993,0.0,0.0,0.0,0.0,0.0,0.0,False
2024-06-19,,,,,0.0,0.0,0.0,0.0,0.0,0.0,False
2024-06-20,2.39,83.34,,,0.0,0.0,0.0,0.0,0.0,0.0,False
2024-06-21,2.44,81.71,0.020704673361691128,-0.019752232597691766,0.0,0.0,0.0,0.0,0.0,0.0,False
2024-06-24,2.58,82.63,0.05579135962841564,0.011196417316477358,0.0,0.0,0.0,0.0,0.0,0.0,False
2024-06-25,2.61,81.97,0.01156082240107592,-0.008019484048154446,0.0,0.0,0.0,0.0,0.0,0.0,False
2024-06-26,2.45,82.19,-0.0632621967779663,0.0026803134954693775,0.0,0.0,0.0,0.0,0.0,0.0,False
2024-06-27,2.55,83.04,0.04000533461369904,0.010288779257169978,0.0,0.0,0.0,0.0,0.0,0.0,False
2024-06-28,2.42,82.83,-0.052325819001739715,-0.002532104807405844,0.0,0.0,0.0,0.0,0.0,0.0,False
2024-07-01,2.21,84.7,-0.09077502463893361,0.02232528704783654,0.0,0.0,0.0,0.0,0.0,0.0,False
2024-07-02,2.06,84.09,-0.07028653272817165,-0.007227947813202462,0.0,0.0,0.0,0.0,0.0,0.0,False
2024-07-03,2.02,85.19,-0.019608471388376403,0.012996402209942914,0.0,0.0,0.0,0.0,0.0,0.0,False
2024-07-04,,,,,0.0,0.0,0.0,0.0,0.0,0.0,False
2024-07-05,2.02,84.44,,,0.0,0.0,0.0,0.0,0.0,0.0,False
2024-07-08,2.1,83.63,0.03883983331626395,-0.009638915586685393,0.0,0.0,0.0,0.0,-0.0117742251604795,0.0,False
2024-07-09,2.42,82.78,0.1418301954392177,-0.010215821072848463,0.0,0.0,0.0,0.0,-0.0117742251604795,0.0,False
2024-07-10,2.4,83.39,-0.008298802814695194,0.00734191177830823,0.0,0.0,0.0,0.0,-0.0117742251604795,0.0,False
2024-07-11,2.23,83.92,-0.07346715188187247,0.006335565989147085,0.0,0.0,0.0,0.0,-0.0117742251604795,0.0,False
2024-07-12,2.17,83.49,-0.027274417919659233,-0.00513709988213229,0.0,0.0,0.0,0.0,0.0,0.0,False
2024-07-15,2.12,83.22,-0.023311078868446966,-0.0032391606511144033,0.0,0.0,0.0,0.0,0.0,0.0,False
2024-07-16,2.1,81.92,-0.009478743954543845,-0.01574454226359734,0.0,0.0,0.0,0.0,0.0,0.0,False
2024-07-17,1.98,84.16,-0.058840500022933506,0.026976587698202437,0.0,0.0,0.0,0.0,0.0,0.0,False
2024-07-18,2.0,84.17,0.010050335853501458,0.00011881423408510727,0.0,0.0,0.0,0.0,0.0,0.0,False
2024-07-19,1.88,81.43,-0.06187540371808753,-0.03309480774444484,0.0,0.0,0.0,0.0,0.0,0.0,False
2024-07-22,2.19,81.25,0.15262976698655162,-0.002212934269193667,0.0,0.0,0.0,0.0,0.0,0.0,False
2024-07-23,2.13,78.24,-0.027779564107075716,-0.03774979548328439,0.0,0.0,0.0,0.0,0.0,0.0,False
2024-07-24,2.0,78.78,-0.06297479916138837,0.0068781318161974525,0.0,0.0,0.0,0.0,0.0,0.0,False
2024-07-25,2.0,79.43,0.0,0.008216973102281422,0.0,0.0,0.0,0.0,0.0,0.0,False
2024-07-26,1.98,78.58,-0.010050335853501458,-0.010758916514727268,0.0,0.0,0.0,0.0,0.0,0.0,False
2024-07-29,1.9,77.27,-0.041242958534049134,-0.01681143218482095,0.0,0.0,0.0,0.0,0.0,0.0,False
2024-07-30,1.81,76.17,-0.04852704089466031,-0.014338097560796292,0.0,0.0,0.0,0.0,-0.00189327634871,0.0,False
2024-07-31,1.94,79.36,0.06936112779750236,0.041026778591921165,0.0,0.0,0.0,0.0,-0.00189327634871,-0.0101882796734571,False
2024-08-01,1.95,77.74,0.005141399500418697,-0.0206245375525409,0.0,0.0,0.0,0.0,-0.0125912930816411,-0.0101882796734571,False
2024-08-02,1.89,74.99,-0.031252543504104446,-0.03601515411077916,0.0,0.0,0.0,0.0,-0.0128156067803502,-0.0096706505864858,False
2024-08-05,1.83,74.46,-0.03226086221822144,-0.0070927028687268745,0.0,0.0,0.0,0.0,-0.0128156067803502,-0.0096706505864858,False
2024-08-06,1.83,74.6,0.0,0.0018784387651447076,0.0,0.0,0.0,0.0,-0.0128156067803502,-0.0096706505864858,False
2024-08-07,1.96,76.68,0.06862850638909623,0.02750041096772815,0.0,0.0,0.0,0.0,-0.0128156067803502,-0.0096706505864858,False
2024-08-08,1.85,77.64,-0.057758834152192295,0.012441840123366354,0.0,0.0,0.0,0.0,0.0,0.0,False
2024-08-09,1.94,78.28,0.04750233398500325,0.008209384227065186,0.0,0.0,0.0,0.0,0.0,0.0,False
2024-08-12,2.1,81.45,0.07924937165414059,0.03969719252017878,0.0,0.0,0.0,0.0,0.0,0.0,False
2024-08-13,2.16,79.81,0.0281708769666964,-0.020340525160136735,0.0,0.0,0.0,0.0,0.0,0.0,False
2024-08-14,2.18,78.47,0.009216655104923976,-0.01693242374853554,0.0,0.0,0.0,0.0,0.0,0.0,False
2024-08-15,2.19,79.66,0.004576667027411663,0.015051191614116277,0.0,0.0,0.0,0.0,0.0,0.0,False
2024-08-16,2.01,78.05,-0.08576682175742512,-0.020417930792056893,0.0,0.0,0.0,0.0,0.0,0.0,False
2024-08-19,2.12,75.82,0.05328136661293692,-0.028987536873252395,0.0,0.0,0.0,0.0,0.0,0.0,False
2024-08-20,2.18,75.27,0.027908788117076533,-0.007280461041747621,0.0,0.0,0.0,0.0,0.0,0.0,False
2024-08-21,2.14,72.76,-0.018519047767237562,-0.03391529539651916,0.0,0.0,0.0,0.0,-0.0047841463238,0.0,False
2024-08-22,1.93,73.72,-0.10328582611696602,0.013107779151701138,0.0,0.0,0.0,0.0,-0.0047841463238,0.0,False
2024-08-23,1.82,75.82,-0.05868350182809012,0.028087977286565646,0.0,0.0,0.0,0.0,-0.0047841463238,0.0,False
2024-08-26,2.13,78.4,0.15728547863262965,0.03346181726817399,0.0,0.0,0.0,0.0,-0.0047841463238,0.0,False
2024-08-27,1.91,76.5,-0.10901873766279524,-0.024533186523872708,0.0,0.0,0.0,0.0,0.0,0.0,False
2024-08-28,1.89,75.49,-0.010526412986987421,-0.013290543680956723,0.0,0.0,0.0,0.0,0.0,0.0,False
2024-08-29,1.85,76.9,-0.021391189981317504,0.018505679360065308,0.0,0.0,0.0,0.0,0.0,0.0,False
2024-08-30,1.93,74.52,0.04233436382656064,-0.03143833077821068,0.0,0.0,0.0,0.0,0.0,0.0,False
2024-09-02,,,,,0.0,0.0,0.0,0.0,0.0,0.0,False
2024-09-03,1.93,71.28,,,0.0,0.0,0.0,0.0,0.0,0.0,False
2024-09-04,2.05,70.11,0.06031979023352263,-0.01655034594367777,0.0,0.0,0.0,0.0,0.0,0.0,False
2024-09-05,2.02,70.09,-0.014742281737203378,-0.00028530670664306257,0.0,0.0,0.0,0.0,0.0,0.0,False
2024-09-06,2.09,68.58,0.03406655456360619,-0.02177918347745944,0.0,0.0,0.0,0.0,0.0,0.0,False
2024-09-09,2.03,69.65,-0.029128272923023668,0.015481753191040504,0.0,0.0,0.0,0.0,0.0,0.0,False
2024-09-10,2.13,66.73,0.048086186667637754,-0.04282807331029925,0.0,0.0,0.0,0.0,0.0,0.0,False
2024-09-11,2.13,68.25,0.0,0.022522807149553792,0.0,0.0,0.0,0.0,0.0,0.0,False
2024-09-12,2.13,69.89,0.0,0.023745143423968607,0.0,0.0,0.0,0.0,0.0,0.0,False
2024-09-13,2.25,69.59,0.05480823649499511,-0.004301698632279027,0.0,0.0,0.0,0.0,0.0,0.0,False
2024-09-16,2.23,71.1,-0.008928630744301391,0.02146645795243618,0.0,0.0,0.0,0.0,0.0,0.0,False
2024-09-17,2.33,72.16,0.04386668210558187,0.01479853894517369,0.0,0.0,0.0,0.0,0.0,0.0,False
2024-09-18,2.31,71.87,-0.008620743043907031,-0.0040269442740168415,0.0,0.0,0.0,0.0,0.0,0.0,False
2024-09-19,2.24,72.86,-0.030771658666753687,0.01368086010006575,0.0,0.0,0.0,0.0,0.0,0.0,False
2024-09-20,2.2,72.72,-0.01801850550267825,-0.0019233417111941264,0.0,0.0,0.0,0.0,0.0,0.0,False
2024-09-23,2.4,71.33,0.08701137698962957,-0.019299453579276538,0.0,0.0,0.0,0.0,0.0,0.0,False
2024-09-24,2.61,72.34,0.08388148398070217,0.014060230234004933,0.0,0.0,0.0,0.0,0.0,0.0,False
2024-09-25,2.62,70.42,0.0038240964384035347,-0.02689991279704529,0.0,0.0,0.0,0.0,0.0,0.0,False
2024-09-26,2.64,68.28,0.007604599385219291,-0.030860415800666452,0.0,0.0,0.0,0.0,0.0,0.0,False
2024-09-27,2.53,68.72,-0.04255961441879608,0.006423379749760372,0.0,0.0,0.0,0.0,0.0,0.0,False
2024-09-30,2.65,68.75,0.046340337258702013,0.00043645887068066713,0.0,0.0,0.0,0.0,-0.0101979486644268,0.0,False
2024-10-01,2.67,70.41,0.007518832414027399,0.023858561984360982,0.0,0.0,0.0,0.0,-0.0101979486644268,0.0,False
2024-10-02,2.77,70.74,0.036768847787089,0.004675885246292921,0.0,0.0,0.0,0.0,-0.0101979486644268,0.0,False
2024-10-03,2.75,74.33,-0.0072464085207673,0.04950345495986763,0.0,0.0,0.0,0.0,-0.0125256199389696,0.0,False
2024-10-04,2.49,74.93,-0.09931820120186352,0.008039705639016681,0.0,0.0,0.0,0.0,-0.0125256199389696,0.0,False
2024-10-07,2.51,77.76,0.008000042667076102,0.03707281577596433,0.0,0.0,0.0,0.0,-0.0096912905573844,0.0,False
2024-10-08,2.51,74.26,0.0,-0.046054711403249016,0.0,0.0,0.0,0.0,-0.0125868562608957,0.0,False
2024-10-09,2.43,73.85,-0.03239149579123535,-0.005536439771545609,0.0,0.0,0.0,0.0,-0.0125868562608957,0.0,False
2024-10-10,2.26,76.46,-0.0725264440682627,0.03473171929087826,0.0,0.0,0.0,0.0,-0.0125868562608957,0.0,False
2024-10-11,2.31,76.11,0.021882711249507802,-0.004588065988967216,0.0,0.0,0.0,0.0,-0.0125868562608957,0.0,False
2024-10-14,,76.11,,0.0,0.0,0.0,0.0,0.0,0.0,0.0,False
2024-10-15,2.37,71.22,,-0.06640598442966805,0.0,0.0,0.0,0.0,0.0,0.0,False
2024-10-16,2.21,70.97,-0.06989743961737838,-0.0035164253127399903,0.0,0.0,0.0,0.0,0.0,0.0,False
2024-10-17,2.19,71.26,-0.00909097170125206,0.004077907640798628,0.0,0.0,0.0,0.0,0.0,0.0,False
2024-10-18,1.82,69.78,-0.18506504273970537,-0.02098772441906238,0.0,0.0,0.0,0.0,-0.0136400274932384,0.0,False
2024-10-21,1.76,71.16,-0.03352269203864355,0.01958342703900673,0.0,0.0,0.0,0.0,-0.0136400274932384,0.0,False
2024-10-22,1.76,72.84,0.0,0.02333439206177257,0.0,0.0,0.0,0.0,-0.0136400274932384,0.0,False
2024-10-23,1.9,71.37,0.07654007712233424,-0.020387641876431495,0.0,0.0,0.0,0.0,-0.0136400274932384,0.0,False
2024-10-24,2.04,70.58,0.07109592168373036,-0.011130794735851879,0.0,0.0,0.0,0.0,0.0,0.0,False
2024-10-25,1.93,72.02,-0.05542980493933092,0.020197039973605335,0.0,0.0,0.0,0.0,0.0,0.0,False
2024-10-28,2.03,67.65,0.05051579013690177,-0.06259650360393199,0.0,0.0,0.0,0.0,0.0,0.0,False
2024-10-29,1.82,67.48,-0.1091992919649919,-0.002516096939030099,0.0,0.0,0.0,0.0,0.0,0.0,False
2024-10-30,2.03,68.91,0.1091992919649919,0.02097004769134969,0.0,0.0,0.0,0.0,-0.0020045172423124,0.0,False
2024-10-31,1.82,69.58,-0.1091992919649919,0.009675864354679042,0.0,0.0,0.0,0.0,-0.0020045172423124,0.0,False
2024-11-01,1.42,69.81,-0.24817962947553468,0.003300096258514351,0.0,0.0,0.0,0.0,-0.0136050032451748,0.0,False
2024-11-04,1.35,71.83,-0.05055227916283117,0.028524950104399593,0.0,0.0,0.0,0.0,-0.0136050032451748,0.0,False
2024-11-05,1.62,72.26,0.18232155679395462,0.005968509632784169,0.0,0.0,0.0,0.0,-0.0136050032451748,0.0,False
2024-11-06,1.8,71.98,0.10536051565782628,-0.0038824230686094197,0.0,0.0,0.0,0.0,-0.0136050032451748,0.0,False
2024-11-07,1.49,72.69,-0.18901054494475128,0.00981552084565962,0.0,0.0,0.0,0.0,0.0,0.0,False
2024-11-08,1.21,70.69,-0.20815576034871808,-0.027899703313681634,0.0,0.0,0.0,0.0,0.0,0.0,False
2024-11-11,1.21,70.69,0.0,0.0,0.0,0.0,0.0,0.0,0.0,0.0,False
2024-11-12,1.92,68.43,0.46170482643104044,-0.03249279521845594,0.0,0.0,0.0,0.0,-0.0136530883610248,0.0,False
2024-11-13,2.06,68.76,0.07038079676179965,0.004810855550242188,0.0,0.0,0.0,0.0,-0.0136530883610248,0.0,False
2024-11-14,2.11,68.99,0.02398196468648528,0.003339386043368364,0.0,0.0,0.0,0.0,-0.0136530883610248,0.0,False
2024-11-15,1.65,67.33,-0.24591265957548591,-0.02435566400082756,0.0,0.0,0.0,0.0,-0.0136530883610248,0.0,False
2024-11-18,2.08,69.46,0.23159260580073748,0.031145144758737864,0.0,0.0,0.0,0.0,0.0,0.0,False
2024-11-19,2.1,69.75,0.009569451016150698,0.00416637338554704,0.0,0.0,0.0,0.0,0.0,0.0,False
2024-11-20,2.32,69.25,0.0996298409488412,-0.007194275634026859,0.0,0.0,0.0,0.0,0.0,0.0,False
2024-11-21,2.84,70.39,0.20223686649489614,0.016328062552592115,0.0,0.0,0.0,0.0,0.0,0.0,False
2024-11-22,2.41,71.68,-0.16417730467055103,0.018160561046634882,0.0,0.0,0.0,0.0,0.0,0.0,False
2024-11-25,2.78,69.41,0.1428241801999819,-0.03218081931518224,0.0,0.0,0.0,0.0,0.0,0.0,False
2024-11-26,3.19,69.05,0.1375699890942077,-0.00520006949619134,0.0,0.0,0.0,0.0,0.0,0.0,False
2024-11-27,3.39,69.03,0.06080900459560579,-0.00028968713991694983,0.0,0.0,0.0,0.0,0.0,0.0,False
2024-11-28,,,,,0.0,0.0,0.0,0.0,0.0,0.0,False
2024-11-29,3.39,68.26,,,0.0,0.0,0.0,0.0,0.0,0.0,False
2024-12-02,3.05,68.35,-0.10568833077303874,0.0013176196913979865,0.0,0.0,0.0,0.0,0.0,0.0,False
2024-12-03,2.94,70.15,-0.03673200926872999,0.025994243378510973,0.0,0.0,0.0,0.0,-0.0241318605840206,0.0,False
2024-12-04,2.75,68.81,-0.06680866967211041,-0.01928672333408077,0.0,0.0,0.0,0.0,-0.0241318605840206,0.0,False
2024-12-05,2.95,68.58,0.07020425867324853,-0.0033481361796150466,0.0,0.0,0.0,0.0,-0.0241318605840206,0.0,False
2024-12-06,2.83,68.58,-0.04152845869658206,0.0,0.0,0.0,0.0,0.0,-0.0241318605840206,0.0,False
2024-12-09,3.05,68.65,0.07486487896417393,0.0010201851792066563,0.0,0.0,0.0,0.0,0.0,0.0,False
2024-12-10,2.9,68.85,-0.050430853626892036,0.0029090929606834237,0.0,0.0,0.0,0.0,-0.0130611527711153,0.0,False
2024-12-11,2.9,70.57,0.0,0.02467489983807436,0.0,0.0,0.0,0.0,-0.0030764527618885,0.0,False
2024-12-12,3.12,70.25,0.07312226482896289,-0.004544816798882856,0.0,0.0,0.0,0.0,-0.0030764527618885,0.0,False
2024-12-13,3.15,71.54,0.009569451016150587,0.018196425617015954,0.0,0.0,0.0,0.0,-0.0030764527618885,0.0,False
2024-12-16,2.87,71.03,-0.0930904230660119,-0.007154410821152979,0.0,0.0,0.0,0.0,-0.0030764527618885,0.0,False
2024-12-17,2.85,70.31,-0.006993035490970634,-0.01018828679864825,0.0,0.0,0.0,0.0,0.0,0.0,False
2024-12-18,3.01,70.8,0.05462108448022507,0.006944964488603489,0.0,0.0,0.0,0.0,0.0,0.0,False
2024-12-19,3.15,70.1,0.04546237407675746,-0.009936206659129532,0.0,0.0,0.0,0.0,0.0,0.0,False
2024-12-20,3.1,69.71,-0.016000341346441127,-0.005579014542236749,0.0,0.0,0.0,0.0,0.0,0.0,False
2024-12-23,2.89,69.5,-0.07014560936675984,-0.0030170269275613393,0.0,0.0,0.0,0.0,0.0,0.0,False
2024-12-24,2.95,70.87,0.020548668227387656,0.019520460251418292,0.0,0.0,0.0,0.0,0.0,0.0,False
2024-12-25,,,,,0.0,0.0,0.0,0.0,0.0,0.0,False
2024-12-26,2.96,70.38,,,0.0,0.0,0.0,0.0,0.0,0.0,False
2024-12-27,2.91,71.28,-0.017036187152567717,0.012706651269114744,0.0,0.0,0.0,0.0,0.0,0.0,False
2024-12-30,3.39,71.73,0.15267684020895778,0.006293286975789236,0.0,0.0,0.0,0.0,0.0,0.0,False
2024-12-31,3.4,72.44,0.0029455102297566427,0.009849562876869555,0.0,0.0,0.0,0.0,0.0,0.0,False
2025-01-01,,,,,0.0,0.0,0.0,0.0,0.0,0.0,False
2025-01-02,3.65,73.79,,,0.0,0.0,0.0,0.0,0.0,0.0,False
2025-01-03,3.4,74.64,-0.07095173597228444,0.011453335468813108,0.0,0.0,0.0,0.0,0.0,0.0,False
2025-01-06,4.05,74.31,0.17494144949633217,-0.0044310243697101015,0.0,0.0,0.0,0.0,0.0,0.0,False
2025-01-07,3.8,74.99,-0.06371581438610785,0.009109239143919368,0.0,0.0,0.0,0.0,-0.012902271002531,0.0,False
2025-01-08,3.75,73.99,-0.013245226750020489,-0.013424822375838197,0.0,0.0,0.0,0.0,-0.012902271002531,0.0,False
2025-01-09,3.94,,0.04942488332752304,,0.0,0.0,0.0,0.0,-0.012902271002531,0.0,False
2025-01-10,4.13,77.27,0.047096683663098826,,0.0,0.0,0.0,0.0,-0.012902271002531,0.0,False
2025-01-13,4.4,79.57,0.0633271339512742,0.029331355443950713,0.0,0.0,0.0,0.0,0.0,0.0,False
2025-01-14,4.32,78.2,-0.018349138668196652,-0.01736748983817815,0.0,0.0,0.0,0.0,0.0,0.0,False
2025-01-15,4.45,80.73,0.029648693922129876,0.03184060585565884,0.0,0.0,0.0,0.0,0.0,0.0,False
2025-01-16,4.3,79.35,-0.03428907347863208,-0.017241806434506124,0.0,0.0,0.0,0.0,0.0,0.0,False
2025-01-17,9.86,78.56,0.8298711459150272,-0.010005782926207907,0.0,0.0,0.0,0.0,0.0,0.0,False
2025-01-20,,,,,0.0,0.0,0.0,0.0,0.0,0.0,False
2025-01-21,4.4,76.79,,,0.0,0.0,0.0,0.0,0.0,0.0,False
2025-01-22,3.91,76.12,-0.11806716692694108,-0.008763380914503571,0.0,0.0,0.0,0.0,-0.0034294817596673,0.0,False
2025-01-23,3.91,75.03,0.0,-0.014423008870311449,0.0,0.0,0.0,0.0,-0.0034294817596673,0.0,False
2025-01-24,3.84,74.97,-0.018065007397638944,-0.000800000042667115,0.0,0.0,0.0,0.0,-0.0034294817596673,0.0,False
2025-01-27,3.71,73.51,-0.0344404899802917,-0.01966658212897432,0.0,0.0,0.0,0.0,-0.0034294817596673,0.0,False
2025-01-28,3.4,74.15,-0.08725644499722818,0.008668617197945316,0.0,0.0,0.0,0.0,0.0,0.0,False
2025-01-29,3.38,72.94,-0.005899722127188367,-0.01645288320340743,0.0,0.0,0.0,0.0,-0.0022187381982803,0.0,False
2025-01-30,3.12,73.1,-0.08004270767353616,0.002191181375199136,0.0,0.0,0.0,0.0,-0.0022187381982803,0.0,False
2025-01-31,2.93,72.84,-0.06283057879241505,-0.0035631118963257435,0.0,0.0,0.0,0.0,-0.0124834813177585,0.0,False
2025-02-03,3.3,73.52,0.11892004544345847,0.009292223188023918,0.0,0.0,0.0,0.0,-0.0124834813177585,0.0,False
2025-02-04,3.25,73.04,-0.015267472130788384,-0.006550241760717945,0.0,0.0,0.0,0.0,-0.0124834813177585,0.0,False
2025-02-05,3.22,71.39,-0.00927363678532922,-0.02284943277234408,0.0,0.0,0.0,0.0,-0.0124834813177585,0.0,False
2025-02-06,3.31,70.97,0.02756682983265457,-0.005900550977477437,0.0,0.0,0.0,0.0,0.0,0.0,False
2025-02-07,3.32,71.32,0.003016593539425516,0.004919540458047322,0.0,0.0,0.0,0.0,0.0,0.0,False
2025-02-10,3.48,72.73,0.047067510857985884,0.01957716117150987,0.0,0.0,0.0,0.0,0.0,0.0,False
2025-02-11,3.65,73.67,0.04769487380801718,0.0128417065282731,0.0,0.0,0.0,0.0,0.0,0.0,False
2025-02-12,3.97,71.72,0.08403892710469907,-0.026826011957790108,0.0,0.0,0.0,0.0,0.0,0.0,False
2025-02-13,4.43,71.66,0.10963348935794515,-0.0008369368601242044,0.0,0.0,0.0,0.0,0.0,0.0,False
2025-02-14,4.6,71.05,0.03765671943800486,-0.008548857333698479,0.0,0.0,0.0,0.0,0.0,0.0,False
2025-02-17,,,,,0.0,0.0,0.0,0.0,0.0,0.0,False
2025-02-18,6.4,72.21,,,0.0,0.0,0.0,0.0,0.0,0.0,False
2025-02-19,7.15,72.58,0.11081436634029007,0.00511086132183447,0.0,0.0,0.0,0.0,0.0,0.0,False
2025-02-20,5.62,72.88,-0.24078069280031666,0.004124851166777965,0.0,0.0,0.0,0.0,0.0,0.0,False
2025-02-21,4.43,70.72,-0.23793207984855536,-0.030085834622314955,0.0,0.0,0.0,0.0,0.0,0.0,False
2025-02-24,3.86,71.06,-0.1377324005803049,0.004796172263493048,0.0,0.0,0.0,0.0,0.0,0.0,False
2025-02-25,3.88,69.15,0.005167970158442614,-0.027246532482113395,0.0,0.0,0.0,0.0,0.0,0.0,False
2025-02-26,3.9,68.87,0.005141399500418586,-0.004057388554159935,0.0,0.0,0.0,0.0,-0.0136591363698244,0.0,False
2025-02-27,3.91,70.62,0.0025608208616738626,0.025092720943632685,0.0,0.0,0.0,0.0,-0.0136591363698244,0.0,False
2025-02-28,3.91,69.97,0.0,-0.009246811742435135,0.0,0.0,0.0,0.0,-0.0136591363698244,0.0,False
2025-03-03,3.8,68.63,-0.028536307264934502,-0.019336821837261375,0.0,0.0,0.0,0.0,-0.0136591363698244,0.0,False
2025-03-04,4.39,68.47,0.14432816035473994,-0.0023340637875719494,0.0,0.0,0.0,0.0,0.0,0.0,False
2025-03-05,4.4,66.58,0.0022753138371356396,-0.027991460986092953,0.0,0.0,0.0,0.0,0.0,0.0,False
2025-03-06,4.39,66.62,-0.0022753138371356396,0.0006006006186547452,0.0,0.0,0.0,0.0,0.0,0.0,False
2025-03-07,4.39,67.29,0.0,0.010006804434693706,0.0,0.0,0.0,0.0,0.0,0.0,False
2025-03-10,4.23,66.31,-0.037127234028893286,-0.014670921819450733,0.0,0.0,0.0,0.0,0.0,0.0,False
2025-03-11,4.57,66.52,0.07731121184792666,0.0031619389439505596,0.0,0.0,0.0,0.0,0.0,0.0,False
2025-03-12,4.18,67.65,-0.08920195836944833,0.016844700292070414,0.0,0.0,0.0,0.0,0.0,0.0,False
2025-03-13,3.89,66.82,-0.07190208890631,-0.012344917688187351,0.0,0.0,0.0,0.0,0.0,0.0,False
2025-03-14,3.89,67.43,0.0,0.009087585817880495,0.0,0.0,0.0,0.0,0.0,0.0,False
2025-03-17,4.15,67.84,0.064699176612252,0.006061968737157031,0.0,0.0,0.0,0.0,-0.0129082333296537,-0.0129082333296537,False
2025-03-18,4.17,67.49,0.004807701568103173,-0.005172552728332391,0.0,0.0,0.0,0.0,-0.0129082333296537,-0.0129082333296537,False
2025-03-19,4.21,67.4,0.009546611883579859,-0.00133442083705404,0.0,0.0,0.0,0.0,-0.0129082333296537,-0.0129082333296537,False
2025-03-20,4.23,68.55,0.004739345363896641,0.016918388090061853,0.0,0.0,0.0,0.0,-0.0129082333296537,-0.0129082333296537,False
2025-03-21,3.93,68.52,-0.07356256717701681,-0.0004377325524034248,0.0,0.0,0.0,0.0,0.0,0.0,False
2025-03-24,4.03,69.46,0.025126950077421828,0.013625373860008061,0.0,0.0,0.0,0.0,0.0,0.0,False
2025-03-25,3.94,69.48,-0.02258565264874912,0.00028789405697704495,0.0,0.0,0.0,0.0,0.0,0.0,False
2025-03-26,3.85,70.05,-0.023107575010149706,0.008170331410111586,0.0,0.0,0.0,0.0,0.0,0.0,False
2025-03-27,3.88,70.3,0.007762005335489208,0.003562526033602964,0.0,0.0,0.0,0.0,0.0,0.0,False
2025-03-28,3.89,69.74,0.0025740039951729354,-0.007997757569113695,0.0,0.0,0.0,0.0,0.0,0.0,False
2025-03-31,4.11,71.87,0.05501387087778831,0.030084890232846107,0.0,0.0,0.0,0.0,0.0,0.0,False
2025-04-01,3.96,71.61,-0.03717900324175405,-0.0036242024615029678,0.0,0.0,0.0,0.0,-0.0144331697374582,0.0,False
2025-04-02,4.04,72.12,0.020000666706669445,0.007096669316267956,0.0,0.0,0.0,0.0,-0.0144331697374582,0.0,False
2025-04-03,4.21,67.43,0.041217955721231325,-0.06724137558862608,0.0,0.0,0.0,0.0,-0.0127985551953315,0.0,False
2025-04-04,4.04,62.42,-0.041217955721231325,-0.07720428590385708,0.0,0.0,0.0,0.0,-0.0127985551953315,0.0,False
2025-04-07,3.97,61.05,-0.017478597273959506,-0.022192536285920106,0.0,0.0,0.0,0.0,-0.0127985551953315,0.0,False
2025-04-08,3.85,60.04,-0.03069294639940634,-0.016682193791452526,0.0,0.0,0.0,0.0,-0.0127985551953315,0.0,False
2025-04-09,3.42,62.63,-0.11843259722517896,0.04223338977206037,0.0,0.0,0.0,0.0,0.0,0.0,False
2025-04-10,3.7,60.57,0.07869226857566503,-0.03344467554446506,0.0,0.0,0.0,0.0,0.0,0.0,False
2025-04-11,3.44,61.91,-0.0728613482648719,0.021881996538284376,0.0,0.0,0.0,0.0,0.0,0.0,False
2025-04-14,3.57,61.99,0.0370941244062406,0.0012913641826877154,0.0,0.0,0.0,0.0,0.0,0.0,False
2025-04-15,3.27,61.74,-0.0877756108823855,-0.004041062639815074,0.0,0.0,0.0,0.0,0.0,0.0,False
2025-04-16,3.25,62.88,-0.006134988567515931,0.018296129046937892,0.0,0.0,0.0,0.0,0.0,0.0,False
2025-04-17,2.94,65.07,-0.10024541499105588,0.03423546538594202,0.0,0.0,0.0,0.0,0.0,0.0,False
2025-04-18,,,,,0.0,0.0,0.0,0.0,0.0,0.0,False
2025-04-21,3.16,63.48,,,0.0,0.0,0.0,0.0,0.0,0.0,False
2025-04-22,3.12,64.6,-0.01273902577742958,0.017489515130347577,0.0,0.0,0.0,0.0,0.0,0.0,False
2025-04-23,3.12,62.64,0.0,-0.030810359106007823,0.0,0.0,0.0,0.0,0.0,0.0,False
2025-04-24,2.87,63.55,-0.08352097204986131,0.014422945952914823,0.0,0.0,0.0,0.0,0.0,0.0,False
2025-04-25,2.71,63.85,-0.05736339487992026,0.004709584843085146,0.0,0.0,0.0,0.0,0.0,0.0,False
2025-04-28,2.96,63.3,0.0882406334443594,-0.008651253328417319,0.0,0.0,0.0,0.0,0.0,0.0,False
2025-04-29,3.17,61.84,0.06854231955322021,-0.023334924870964002,0.0,0.0,0.0,0.0,0.0,0.0,False
2025-04-30,3.12,59.55,-0.015898586067798037,-0.0377341084778573,0.0,0.0,0.0,0.0,-0.0015774443745613,0.0,False
2025-05-01,3.08,60.59,-0.012903404835908017,0.01731356715558796,0.0,0.0,0.0,0.0,-0.0015774443745613,0.0,False
2025-05-02,3.1,59.67,0.006472514505617477,-0.015300481422906742,0.0,0.0,0.0,0.0,-0.0117675634101033,0.0,False
2025-05-05,3.26,58.5,0.050325083887515554,-0.019802627296179764,0.0,0.0,0.0,0.0,-0.0117675634101033,0.0,False
2025-05-06,3.08,60.42,-0.05679759839313303,0.032293421720715365,0.0,0.0,0.0,0.0,-0.0117675634101033,0.0,False
2025-05-07,3.18,59.42,0.03195159980660245,-0.016689305924064257,0.0,0.0,0.0,0.0,-0.0117675634101033,0.0,False
2025-05-08,3.23,61.25,0.015600940442479505,0.030332979390374604,0.0,0.0,0.0,0.0,0.0,0.0,False
2025-05-09,3.22,62.37,-0.0031007776782481233,0.018120541113194832,0.0,0.0,0.0,0.0,0.0,0.0,False
2025-05-12,3.19,63.32,-0.009360442759563714,0.01511684447477979,0.0,0.0,0.0,0.0,0.0,0.0,False
2025-05-13,3.27,65.04,0.024769068112408865,0.026801230226744188,0.0,0.0,0.0,0.0,0.0,0.0,False
2025-05-14,3.31,64.48,0.01215820447980942,-0.008647367041182186,0.0,0.0,0.0,0.0,0.0,0.0,False
2025-05-15,3.2,63.03,-0.033797379583290654,-0.02274429467335448,0.0,0.0,0.0,0.0,0.0,0.0,False
2025-05-16,3.01,63.84,-0.061210731044896605,0.012769149616534747,0.0,0.0,0.0,0.0,0.0,0.0,False
2025-05-19,2.96,63.98,-0.0167508104248153,0.0021905813798186458,0.0,0.0,0.0,0.0,0.0,0.0,False
2025-05-20,3.15,63.97,0.06221318450157276,-0.0001563110593263417,0.0,0.0,0.0,0.0,0.0,0.0,False
2025-05-21,3.2,62.93,0.015748356968139143,-0.0163912259232033,0.0,0.0,0.0,0.0,0.0,0.0,False
2025-05-22,3.0,62.55,-0.06453852113757108,-0.006056760625922308,0.0,0.0,0.0,0.0,0.0,0.0,False
2025-05-23,2.93,62.89,-0.023609865639133698,0.005420931642492022,0.0,0.0,0.0,0.0,0.0,0.0,False
2025-05-26,,,,,0.0,0.0,0.0,0.0,0.0,0.0,False
2025-05-27,3.2,61.61,,,0.0,0.0,0.0,0.0,0.0,0.0,False
2025-05-28,3.09,62.54,-0.0349797188960268,0.01498215700321559,0.0,0.0,0.0,0.0,0.0,0.0,False
2025-05-29,2.97,61.66,-0.03960913809504585,-0.014170929571690749,0.0,0.0,0.0,0.0,0.0,0.0,False
2025-05-30,2.86,61.46,-0.03774032798284699,-0.00324886575566552,0.0,0.0,0.0,0.0,-0.0132074151188135,0.0,False
2025-06-02,3.0,63.27,0.04779066383634856,0.029024726456454708,0.0,0.0,0.0,0.0,-0.0132074151188135,0.0,False
2025-06-03,2.84,64.1,-0.05480823649499511,0.013033080767830718,0.0,0.0,0.0,0.0,-0.0132074151188135,0.0,False
2025-06-04,2.8,63.57,-0.014184634991956546,-0.008302702978306264,0.0,0.0,0.0,0.0,-0.0132074151188135,0.0,False
2025-06-05,2.86,64.06,0.0212022076506031,0.0076784832326941554,0.0,0.0,0.0,0.0,0.0,0.0,False
2025-06-06,2.68,65.3,-0.06500483030899584,0.019171892101373267,0.0,0.0,0.0,0.0,0.0,0.0,False
2025-06-09,3.13,65.99,0.15521621002929642,0.01051117911294508,0.0,0.0,0.0,0.0,0.0,0.0,False
2025-06-10,2.79,65.66,-0.11499140871878755,-0.005013303321883988,0.0,0.0,0.0,0.0,0.0,0.0,False
2025-06-11,2.73,68.91,-0.02173998663640586,0.04831139329567069,0.0,0.0,0.0,0.0,0.0,0.0,False
2025-06-12,2.9,68.73,0.06040912779555985,-0.002615520235602631,0.0,0.0,0.0,0.0,0.0,0.0,False
2025-06-13,2.65,73.84,-0.09015109699429746,0.07171480506108274,0.0,0.0,0.0,0.0,0.0,0.0,False
2025-06-16,2.9,72.53,0.09015109699429746,-0.01790032081927606,0.0,0.0,0.0,0.0,0.0,0.0,False
2025-06-17,2.9,75.62,0.0,0.04172052908746604,0.0,0.0,0.0,0.0,0.0,0.0,False
2025-06-18,3.43,75.89,0.16784952418542032,0.0035641249530344865,0.0,0.0,0.0,0.0,0.0,0.0,False
2025-06-19,,,,,0.0,0.0,0.0,0.0,0.0,0.0,False
2025-06-20,3.09,75.72,,,0.0,0.0,0.0,0.0,0.0,0.0,False
2025-06-23,3.5,69.36,0.124591877585714,-0.08773199386883501,0.0,0.0,0.0,0.0,0.0,0.0,False
2025-06-24,3.3,65.45,-0.058840500022933506,-0.058023840116377734,0.0,0.0,0.0,0.0,0.0,0.0,False
2025-06-25,3.26,65.98,-0.012195273093818404,0.008065173444526508,0.0,0.0,0.0,0.0,0.0,0.0,False
2025-06-26,3.23,66.44,-0.009245058144051077,0.006947618944658451,0.0,0.0,0.0,0.0,0.0,0.0,False
2025-06-27,3.23,66.66,0.0,0.0033057881344999984,0.0,0.0,0.0,0.0,0.0,0.0,False
2025-06-30,3.26,66.3,0.009245058144051077,-0.005415175687777385,0.0,0.0,0.0,0.0,0.0,0.0,False
2025-07-01,3.14,66.64,-0.03750439545845419,0.0051151006667709,0.0,0.0,0.0,0.0,-0.0073788408190011,0.0,False
2025-07-02,3.1,68.66,-0.012820688429061367,0.029861790170958358,0.0,0.0,0.0,0.0,-0.0073788408190011,0.0,False
2025-07-03,3.24,68.13,0.04417121831313753,-0.0077491432439691366,0.0,0.0,0.0,0.0,-0.0073788408190011,0.0,False
2025-07-04,,,,,0.0,0.0,0.0,0.0,-0.0073788408190011,0.0,False
2025-07-07,3.24,69.16,,,0.0,0.0,0.0,0.0,-0.0129090640693902,0.0,False
2025-07-08,3.2,69.55,-0.012422519998557258,0.005623257554361771,0.0,0.0,0.0,0.0,-0.0129090640693902,0.0,False
2025-07-09,3.08,69.61,-0.03822121282019775,0.0008623168111236978,0.0,0.0,0.0,0.0,-0.0129090640693902,0.0,False
2025-07-10,3.11,67.78,0.009693129205659679,-0.026641069001669848,0.0,0.0,0.0,0.0,-0.0129090640693902,0.0,False
2025-07-11,3.22,69.63,0.03475863336517415,0.026928342775550007,0.0,0.0,0.0,0.0,0.0,0.0,False
2025-07-14,3.21,68.19,-0.003110422414392522,-0.020897582421894434,0.0,0.0,0.0,0.0,0.0,0.0,False
2025-07-15,3.31,67.76,0.030677252247047093,-0.006325876188761903,0.0,0.0,0.0,0.0,0.0,0.0,False
2025-07-16,3.42,67.13,0.03269236168554235,-0.009341012393139003,0.0,0.0,0.0,0.0,0.0,0.0,False
2025-07-17,3.52,68.76,0.028820438535491766,0.02399114256398871,0.0,0.0,0.0,0.0,0.0,0.0,False
2025-07-18,3.5,68.53,-0.005698021114637575,-0.0033505749169169263,0.0,0.0,0.0,0.0,-0.011188767850399,0.0,False
2025-07-21,3.5,68.39,0.0,-0.0020449904877271052,0.0,0.0,0.0,0.0,-0.011188767850399,0.0,False
2025-07-22,3.16,67.56,-0.10219094089654734,-0.012210523170405274,0.0,0.0,0.0,0.0,-0.011188767850399,0.0,False
2025-07-23,3.08,66.05,-0.025642430613337597,-0.02260406097126566,0.0,0.0,0.0,0.0,-0.011188767850399,0.0,False
2025-07-24,3.13,67.16,0.016103407566578687,0.016665801241005695,0.0,0.0,0.0,0.0,0.0,0.0,False
2025-07-25,3.1,66.38,-0.00963089306096121,-0.011682025917511218,0.0,0.0,0.0,0.0,0.0,0.0,False
2025-07-28,3.12,67.81,0.00643089033029054,0.021313870403922408,0.0,0.0,0.0,0.0,0.0,0.0,False
2025-07-29,3.08,70.27,-0.012903404835908017,0.03563528850835507,0.0,0.0,0.0,0.0,0.0,-0.0117356535047292,False
2025-07-30,2.98,71.09,-0.033006296468170104,0.011601714737285995,0.0,0.0,0.0,0.0,-0.0016088392585515,-0.0117356535047292,False
2025-07-31,2.99,70.36,0.0033500868852820442,-0.010321760072034891,0.0,0.0,0.0,0.0,-0.0016088392585515,-0.0117356535047292,False
2025-08-01,3.0,68.39,0.0033389012655147265,-0.028398304759352122,0.0,0.0,0.0,0.0,-0.0111238434910774,-0.0117356535047292,False
2025-08-04,2.89,67.33,-0.03735578654376903,-0.015620712552815164,0.0,0.0,0.0,0.0,-0.0111238434910774,0.0,False
2025-08-05,2.98,66.2,0.03066679839297226,-0.016925439614227322,0.0,0.0,0.0,0.0,-0.0111238434910774,0.0,False
2025-08-06,3.02,65.38,0.013333530869465315,-0.01246406164689784,0.0,0.0,0.0,0.0,-0.0111238434910774,0.0,False
2025-08-07,3.05,64.9,0.009884759232541951,-0.007368777586020059,0.0,0.0,0.0,0.0,0.0,0.0,False
2025-08-08,3.03,64.94,-0.006578971098042619,0.0006161429646551753,0.0,0.0,0.0,0.0,0.0,0.0,False
2025-08-11,3.05,65.03,0.006578971098042619,0.001384935206361071,0.0,0.0,0.0,0.0,0.0,0.0,False
2025-08-12,2.93,64.22,-0.040139167590344194,-0.012534013219692497,0.0,0.0,0.0,0.0,0.0,0.0,False
2025-08-13,2.95,63.68,0.006802747322752323,-0.008444147125240775,0.0,0.0,0.0,0.0,-0.0152847748249769,0.0,False
2025-08-14,2.78,64.99,-0.059354242649182876,0.02036287037013018,0.0,0.0,0.0,0.0,-0.0152847748249769,0.0,False
2025-08-15,2.98,63.78,0.06947237281476748,-0.01879375032434627,0.0,0.0,0.0,0.0,-0.0152847748249769,0.0,False
2025-08-18,2.96,64.51,-0.006734032181344052,0.011380588962238924,0.0,0.0,0.0,0.0,-0.0152847748249769,0.0,False
2025-08-19,2.87,63.38,-0.030877238564439136,-0.017671896281375332,0.0,0.0,0.0,0.0,0.0,0.0,False
2025-08-20,2.8,64.19,-0.0246926125903717,0.01269908106091222,0.0,0.0,0.0,0.0,0.0,0.0,False
2025-08-21,2.88,64.56,0.0281708769666964,0.005747588638006285,0.0,0.0,0.0,0.0,0.0,0.0,False
2025-08-22,2.76,64.08,-0.04255961441879608,-0.007462721201589417,0.0,0.0,0.0,0.0,0.0,0.0,False
2025-08-25,2.76,65.18,0.0,0.017020370649311722,0.0,0.0,0.0,0.0,0.0,0.0,False
2025-08-26,2.82,63.6,0.021506205220963803,-0.024539203063339343,0.0,0.0,0.0,0.0,0.0,0.0,False
2025-08-27,2.88,64.49,0.021053409197832273,0.013896702676209571,0.0,0.0,0.0,0.0,0.0,0.0,False
2025-08-28,2.9,64.96,0.006920442844573715,0.007261522831136347,0.0,0.0,0.0,0.0,0.0,0.0,False
2025-08-29,2.88,64.36,-0.006920442844573715,-0.009279373729239815,0.0,0.0,0.0,0.0,0.0,0.0,False
2025-09-01,,,,,0.0,0.0,0.0,0.0,0.0,0.0,False
2025-09-02,2.7,65.95,,,0.0,0.0,0.0,0.0,0.0,0.0,False
2025-09-03,3.0,64.36,0.10536051565782634,-0.024404557039140684,0.0,0.0,0.0,0.0,0.0,0.0,False
2025-09-04,3.11,63.81,0.03601043752303301,-0.008582404243926867,0.0,0.0,0.0,0.0,0.0,0.0,False
2025-09-05,3.05,62.22,-0.019481135571822517,-0.025233426410764537,0.0,0.0,0.0,0.0,0.0,0.0,False
2025-09-08,3.1,62.6,0.016260520871780315,0.006088786636561316,0.0,0.0,0.0,0.0,0.0,0.0,False
2025-09-09,3.12,62.97,0.00643089033029054,0.00589314439459887,0.0,0.0,0.0,0.0,0.0,0.0,False
2025-09-10,2.89,64.01,-0.07657649969705038,0.016380898653260978,0.0,0.0,0.0,0.0,0.0,0.0,False
2025-09-11,2.81,62.71,-0.02807201877868626,-0.020518396598983024,0.0,0.0,0.0,0.0,0.0,0.0,False
2025-09-12,2.86,63.02,0.017637141486106733,0.004931211774199085,0.0,0.0,0.0,0.0,0.0,0.0,False
2025-09-15,3.0,63.66,0.04779066383634856,0.010104285524818124,0.0,0.0,0.0,0.0,0.0,0.0,False
2025-09-16,3.07,64.89,0.023065272930995917,0.019137106779131052,0.0,0.0,0.0,0.0,0.0,0.0,False
2025-09-17,3.19,64.41,0.03834335519764753,-0.007424628074278239,0.0,0.0,0.0,0.0,0.0,0.0,False
2025-09-18,3.1,63.91,-0.02861880530565264,-0.007793056896608697,0.0,0.0,0.0,0.0,0.0,0.0,False
2025-09-19,2.89,63.02,-0.07014560936675984,-0.01402370733306224,0.0,0.0,0.0,0.0,0.0,0.0,False
2025-09-22,2.9,62.99,0.0034542348680874913,-0.0004761526952909989,0.0,0.0,0.0,0.0,0.0,0.0,False
2025-09-23,2.86,63.76,-0.013889112160667016,0.012150050848122262,0.0,0.0,0.0,0.0,0.0,0.0,False
2025-09-24,2.88,65.4,0.006968669316093301,0.025396223981193344,0.0,0.0,0.0,0.0,0.0,0.0,False
2025-09-25,2.98,65.51,0.034133006369458485,0.0016805442806324677,0.0,0.0,0.0,0.0,-0.0122557543218135,-0.0122557543218135,False
2025-09-26,2.9,66.5,-0.02721256352488477,0.0149991449180229,0.0,0.0,0.0,0.0,-0.0122557543218135,-0.0122557543218135,False
2025-09-29,2.93,64.27,0.010291686036547842,-0.03410898827861342,0.0,0.0,0.0,0.0,-0.0122557543218135,-0.0122557543218135,False
2025-09-30,3.12,63.17,0.06283057879241505,-0.017263454472585593,0.0,0.0,0.0,0.0,-0.0055735539644956,-0.0122557543218135,False
2025-10-01,3.24,62.59,0.03774032798284699,-0.009223983973999594,0.0,0.0,0.0,0.0,-0.0055735539644956,0.0,False
2025-10-02,3.32,61.28,0.024391453124158913,-0.021151995504274268,0.0,0.0,0.0,0.0,-0.0055735539644956,0.0,False
2025-10-03,3.19,61.65,-0.0399438661316438,0.006019704178017449,0.0,0.0,0.0,0.0,-0.0055735539644956,0.0,False
2025-10-06,3.32,62.49,0.0399438661316438,0.013533314330637758,0.0,0.0,0.0,0.0,-0.0135428719222545,0.0,False
2025-10-07,3.32,62.52,0.0,0.00047996161228525125,0.0,0.0,0.0,0.0,-0.0135428719222545,0.0,False
2025-10-08,3.35,63.37,0.008995562908578059,0.013504057782149914,0.0,0.0,0.0,0.0,-0.0135428719222545,0.0,False
2025-10-09,3.25,62.36,-0.030305349495328926,-0.016066519145850222,0.0,0.0,0.0,0.0,-0.0135428719222545,0.0,False
2025-10-10,2.9,59.75,-0.11394425934921792,-0.04275485337795537,0.0,0.0,0.0,0.0,0.0,0.0,False
2025-10-13,2.9,59.75,0.0,0.0,0.0,0.0,0.0,0.0,0.0,0.0,False
2025-10-14,2.83,59.52,-0.024434025337281895,-0.0038568002867833684,0.0,0.0,0.0,0.0,0.0,0.0,False
2025-10-15,2.79,59.08,-0.01423511582187209,-0.007419932861657763,0.0,0.0,0.0,0.0,0.0,0.0,False
2025-10-16,2.82,58.29,0.010695289116747997,-0.013461905605720581,0.0,0.0,0.0,0.0,0.0,0.0,False
2025-10-17,2.65,58.3,-0.062177244951891475,0.00017154129898777626,0.0,0.0,0.0,0.0,0.0,0.0,False
2025-10-20,2.99,58.34,0.12071374740446428,0.0006858710831290082,0.0,0.0,0.0,0.0,0.0,0.0,False
2025-10-21,3.28,58.66,0.09257003499345728,0.005470099109730064,0.0,0.0,0.0,0.0,0.0,0.0,False
2025-10-22,3.45,59.3,0.05053080864721604,0.010851242454374521,0.0,0.0,0.0,0.0,0.0,0.0,False
2025-10-23,3.34,62.44,-0.03240342405465935,0.05159678964355141,9.0,1.0,3.0,0.3333333333333333,0.0,0.0,False
2025-10-24,3.21,62.27,-0.03969986984668461,-0.0027263267628709897,10.0,1.0,6.333333333333333,0.6666666666666666,0.0,0.0,False
2025-10-25,,,,,11.0,2.0,10.0,1.3333333333333333,0.0,0.0,False
2025-10-26,,,,,11.0,1.0,10.666666666666666,1.3333333333333333,0.0,0.0,False
2025-10-27,3.3,62.13,,,11.0,1.0,11.0,1.3333333333333333,0.0,0.0,False
2025-10-28,,,,,11.0,1.0,11.0,1.0,0.0,0.0,True
2025-10-29,,,,,11.0,1.0,11.0,1.0,-0.0066652186214923,0.0,True
2025-10-30,,,,,12.0,1.0,11.333333333333334,1.0,0.0,0.0,True
2025-10-31,,,,,13.0,1.0,12.0,1.0,0.0,0.0,True
2025-11-01,,,,,13.0,0.0,12.666666666666666,0.6666666666666666,0.0,0.0,True
2025-11-02,,,,,13.0,0.0,13.0,0.3333333333333333,0.0,0.0,True
2025-11-03,,,,,13.0,1.0,13.0,0.3333333333333333,0.0,0.0,True
2025-11-04,,,,,12.0,1.0,12.666666666666666,0.6666666666666666,0.0,0.0,True
2025-11-05,,,,,11.0,1.0,12.0,1.0,0.0,0.0,True
2025-11-06,,,,,11.0,1.0,11.333333333333334,1.0,0.0,0.0,True
2025-11-07,,,,,11.0,1.0,11.0,1.0,0.0,0.0,True
