Date,Price
2006-01-03,10.12
2006-01-03,10.626
2006-01-03,9.9
2006-01-03,10.16
2006-01-03,10.755
2006-01-04,10.282
2006-01-04,9.777
2006-01-04,9.812
2006-01-04,9.25
2006-01-04,10.197
2006-01-05,9.298
2006-01-05,9.598
2006-01-05,9.24
2006-01-05,9.499
2006-01-05,9.283
2006-01-06,9.632
2006-01-06,9.402
2006-01-06,9.3
2006-01-06,9.392
2006-01-06,9.742
2006-01-09,9.29
2006-01-09,9.305
2006-01-09,8.79
2006-01-09,9.49
2006-01-09,9.36
2006-01-10,9.371
2006-01-10,9.336
2006-01-10,9.476
2006-01-10,8.6
2006-01-10,9.336
2006-01-11,9.37
2006-01-11,9.37
2006-01-11,9.32
2006-01-11,9.24
2006-01-11,8.55
2006-01-12,8.943
2006-01-12,8.7
2006-01-12,9.138
2006-01-12,9.068
2006-01-12,9.088
2006-01-13,8.962
2006-01-13,8.892
2006-01-13,8.791
2006-01-13,8.5
2006-01-13,8.932
2006-01-17,9.352
2006-01-17,8.82
2006-01-17,9.168
2006-01-17,9.287
2006-01-17,9.327
2006-01-18,8.86
2006-01-18,8.878
2006-01-18,8.694
2006-01-18,9.003
2006-01-18,8.918
2006-01-19,9.172
2006-01-19,8.21
2006-01-19,9.082
2006-01-19,8.905
2006-01-19,9.097
2006-01-20,8.8
2006-01-20,9.516
2006-01-20,9.28
2006-01-20,9.451
2006-01-20,9.441
2006-01-23,8.574
2006-01-23,8.29
2006-01-23,8.947
2006-01-23,8.757
2006-01-23,8.847
2006-01-24,8.914
2006-01-24,8.27
2006-01-24,8.844
2006-01-24,8.682
2006-01-24,9.004
2006-01-25,8.722
2006-01-25,8.637
2006-01-25,8.46
2006-01-25,8.5
2006-01-25,8.812
2006-01-26,8.651
2006-01-26,8.229
2006-01-26,8.551
2006-01-26,8.421
2006-01-26,7.86
2006-01-27,8.752
2006-01-27,8.19
2006-01-27,8.652
2006-01-27,8.507
2006-01-27,8.4
2006-01-30,9.474
2006-01-30,9.619
2006-01-30,8.36
2006-01-30,9.389
2006-01-30,9.539
2006-01-31,9.316
2006-01-31,9.581
2006-01-31,9.506
2006-01-31,9.436
2006-01-31,8.73
2006-02-01,8.873
2006-02-01,8.968
2006-02-01,8.723
2006-02-01,9.058
2006-02-01,8.71
2006-02-02,8.347
2006-02-02,8.487
2006-02-02,8.602
2006-02-02,8.702
2006-02-02,8.01
2006-02-03,8.613
2006-02-03,8.723
2006-02-03,8.911
2006-02-03,8.818
2006-02-03,8.01
2006-02-06,8.32
2006-02-06,7.995
2006-02-06,8.175
2006-02-06,8.44
2006-02-06,8.24
2006-02-07,8.058
2006-02-07,8.338
2006-02-07,8.208
2006-02-07,7.858
2006-02-07,7.74
2006-02-08,7.735
2006-02-08,7.935
2006-02-08,8.095
2006-02-08,8.235
2006-02-08,7.88
2006-02-09,7.479
2006-02-09,7.997
2006-02-09,7.682
2006-02-09,7.55
2006-02-09,7.847
2006-02-10,7.57
2006-02-10,7.811
2006-02-10,7.316
2006-02-10,7.666
2006-02-10,7.511
2006-02-13,7.577
2006-02-13,7.712
2006-02-13,7.427
2006-02-13,7.243
2006-02-13,7.36
2006-02-14,7.579
2006-02-14,7.114
2006-02-14,7.03
2006-02-14,7.452
2006-02-14,7.299
2006-02-15,7.066
2006-02-15,7.399
2006-02-15,7.31
2006-02-15,7.524
2006-02-15,7.249
2006-02-16,7.585
2006-02-16,7.16
2006-02-16,7.458
2006-02-16,7.134
2006-02-16,7.308
2006-02-17,7.375
2006-02-17,7.525
2006-02-17,7.39
2006-02-17,7.655
2006-02-17,7.182
2006-02-21,7.731
2006-02-21,7.4
2006-02-21,7.907
2006-02-21,8.189
2006-02-21,8.059
2006-02-22,7.283
2006-02-22,7.745
2006-02-22,7.428
2006-02-22,7.55
2006-02-22,7.6
2006-02-23,7.543
2006-02-23,7.23
2006-02-23,7.843
2006-02-23,7.458
2006-02-23,7.703
2006-02-24,7.112
2006-02-24,7.475
2006-02-24,7.625
2006-02-24,7.39
2006-02-24,7.313
2006-02-27,6.789
2006-02-27,6.959
2006-02-27,7.278
2006-02-27,6.97
2006-02-27,7.121
2006-02-28,6.69
2006-02-28,7.235
2006-02-28,6.714
2006-02-28,6.909
2006-02-28,7.075
2006-03-01,6.94
2006-03-01,7.29
2006-03-01,7.115
2006-03-01,6.733
2006-03-01,6.62
2006-03-02,7.15
2006-03-02,6.69
2006-03-02,6.76
2006-03-02,7.335
2006-03-02,6.96
2006-03-03,7.375
2006-03-03,6.59
2006-03-03,7.19
2006-03-03,6.995
2006-03-03,6.79
2006-03-06,6.972
2006-03-06,7.172
2006-03-06,6.547
2006-03-06,6.767
2006-03-06,6.5
2006-03-07,7.278
2006-03-07,6.53
2006-03-07,6.888
2006-03-07,6.678
2006-03-07,7.085
2006-03-08,6.47
2006-03-08,6.648
2006-03-08,6.858
2006-03-08,7.243
2006-03-08,7.053
2006-03-09,6.601
2006-03-09,7.176
2006-03-09,6.801
2006-03-09,6.31
2006-03-09,6.991
2006-03-10,7.032
2006-03-10,6.849
2006-03-10,6.646
2006-03-10,6.4
2006-03-10,7.215
2006-03-13,7.359
2006-03-13,7.194
2006-03-13,6.77
2006-03-13,7.007
2006-03-13,7.524
2006-03-14,7.15
2006-03-14,7.627
2006-03-14,7.48
2006-03-14,7.167
2006-03-14,7.333
2006-03-15,7.444
2006-03-15,7.304
2006-03-15,7.589
2006-03-15,7.143
2006-03-15,7.1
2006-03-16,7.12
2006-03-16,7.549
2006-03-16,7.412
2006-03-16,7.267
2006-03-16,7.689
2006-03-17,7.208
2006-03-17,7.354
2006-03-17,7.053
2006-03-17,7.17
2006-03-17,7.5
2006-03-20,6.835
2006-03-20,7.304
2006-03-20,7
2006-03-20,7.141
2006-03-20,6.978
2006-03-21,6.83
2006-03-21,7.011
2006-03-21,6.868
2006-03-21,7.176
2006-03-21,7.341
2006-03-22,6.953
2006-03-22,7.103
2006-03-22,7.06
2006-03-22,7.443
2006-03-22,7.273
2006-03-23,7.63
2006-03-23,7.467
2006-03-23,7.16
2006-03-23,7.793
2006-03-23,7.328
2006-03-24,7.43
2006-03-24,7.29
2006-03-24,7.457
2006-03-24,7.624
2006-03-24,7.791
2006-03-27,7.242
2006-03-27,7.42
2006-03-27,7.05
2006-03-27,7.592
2006-03-27,7.067
2006-03-28,7.384
2006-03-28,7.732
2006-03-28,7.562
2006-03-28,7.214
2006-03-28,7.15
2006-03-29,7.16
2006-03-29,7.816
2006-03-29,7.456
2006-03-29,7.641
2006-03-29,7.233
2006-03-30,7.19
2006-03-30,7.487
2006-03-30,7.994
2006-03-30,7.859
2006-03-30,7.674
2006-03-31,7.42
2006-03-31,7.21
2006-03-31,7.77
2006-03-31,6.98
2006-03-31,7.625
2006-04-03,7.834
2006-04-03,7.677
2006-04-03,7.244
2006-04-03,7.08
2006-04-03,7.462
2006-04-04,7.65
2006-04-04,7.04
2006-04-04,7.49
2006-04-04,7.065
2006-04-04,7.275
2006-04-05,7.069
2006-04-05,6.89
2006-04-05,7.656
2006-04-05,7.49
2006-04-05,7.277
2006-04-06,7.177
2006-04-06,6.972
2006-04-06,7.387
2006-04-06,7.562
2006-04-06,7.06
2006-04-07,6.945
2006-04-07,6.743
2006-04-07,6.81
2006-04-07,7.34
2006-04-07,7.158
2006-04-10,6.83
2006-04-10,6.882
2006-04-10,7.472
2006-04-10,7.287
2006-04-10,7.08
2006-04-11,6.908
2006-04-11,7.311
2006-04-11,7.101
2006-04-11,6.99
2006-04-11,7.496
2006-04-12,7.438
2006-04-12,6.808
2006-04-12,7.018
2006-04-12,6.78
2006-04-12,7.243
2006-04-13,7.135
2006-04-13,6.64
2006-04-13,7.345
2006-04-13,7.773
2006-04-13,7.575
2006-04-17,7.577
2006-04-17,8.007
2006-04-17,8.207
2006-04-17,7.787
2006-04-17,7.22
2006-04-18,8.225
2006-04-18,8.445
2006-04-18,8.008
2006-04-18,7.6
2006-04-18,8.65
2006-04-19,8.85
2006-04-19,8.192
2006-04-19,8.41
2006-04-19,7.72
2006-04-19,8.64
2006-04-20,7.95
2006-04-20,8.064
2006-04-20,8.284
2006-04-20,8.524
2006-04-20,8.739
2006-04-21,8.216
2006-04-21,7.65
2006-04-21,8.671
2006-04-21,7.981
2006-04-21,8.456
2006-04-24,8.456
2006-04-24,8.671
2006-04-24,7.558
2006-04-24,8.216
2006-04-24,7.73
2006-04-25,7.455
2006-04-25,7.94
2006-04-25,7.254
2006-04-25,7.705
2006-04-25,7.37
2006-04-26,7.271
2006-04-26,7.771
2006-04-26,7.521
2006-04-26,7.198
2006-04-26,7.17
2006-04-27,7.05
2006-04-27,7.295
2006-04-27,6.805
2006-04-27,6.94
2006-04-27,7.525
2006-04-28,7.298
2006-04-28,7.055
2006-04-28,6.81
2006-04-28,6.555
2006-04-28,6.64
2006-05-01,6.695
2006-05-01,7.23
2006-05-01,6.97
2006-05-01,7.515
2006-05-01,6.53
2006-05-02,7.281
2006-05-02,6.746
2006-05-02,7.016
2006-05-02,6.68
2006-05-02,7.566
2006-05-03,7.406
2006-05-03,6.866
2006-05-03,7.126
2006-05-03,6.606
2006-05-03,6.56
2006-05-04,6.906
2006-05-04,7.386
2006-05-04,7.666
2006-05-04,6.47
2006-05-04,7.146
2006-05-05,7.032
2006-05-05,6.8
2006-05-05,7.567
2006-05-05,7.282
2006-05-05,6.775
2006-05-08,6.696
2006-05-08,7.229
2006-05-08,7.529
2006-05-08,6.954
2006-05-08,6.54
2006-05-09,6.581
2006-05-09,7.131
2006-05-09,6.55
2006-05-09,7.481
2006-05-09,6.831
2006-05-10,7.454
2006-05-10,6.5
2006-05-10,6.9
2006-05-10,7.144
2006-05-10,7.834
2006-05-11,7.217
2006-05-11,6.887
2006-05-11,6.8
2006-05-11,6.649
2006-05-11,7.607
2006-05-12,6.28
2006-05-12,7.235
2006-05-12,6.35
2006-05-12,6.885
2006-05-12,6.535
2006-05-15,6.77
2006-05-15,5.92
2006-05-15,6.123
2006-05-15,6.415
2006-05-15,7.135
2006-05-16,6.881
2006-05-16,6.252
2006-05-16,5.99
2006-05-16,6.516
2006-05-16,7.266
2006-05-17,6.749
2006-05-17,6.129
2006-05-17,7.134
2006-05-17,6.384
2006-05-17,6.15
2006-05-18,6.575
2006-05-18,6.975
2006-05-18,6.24
2006-05-18,5.997
2006-05-18,5.79
2006-05-19,5.962
2006-05-19,5.77
2006-05-19,6.227
2006-05-19,6.857
2006-05-19,6.507
2006-05-22,6.507
2006-05-22,7.101
2006-05-22,6.546
2006-05-22,6.276
2006-05-22,5.91
2006-05-23,6.767
2006-05-23,6.27
2006-05-23,7.047
2006-05-23,6.258
2006-05-23,6.502
2006-05-24,6.502
2006-05-24,5.964
2006-05-24,7.047
2006-05-24,6.01
2006-05-24,6.405
2006-05-25,5.975
2006-05-25,6.365
2006-05-25,6.625
2006-05-25,6.114
2006-05-25,5.85
2006-05-26,6.419
2006-05-26,5.78
2006-05-26,5.925
2006-05-26,6.699
2006-05-26,6.154
2006-05-30,6.123
2006-05-30,6.2
2006-05-30,6.988
2006-05-30,6.653
2006-05-30,6.373
2006-05-31,6.621
2006-05-31,5.97
2006-05-31,6.866
2006-05-31,7.186
2006-05-31,6.384
2006-06-01,6.25
2006-06-01,6.963
2006-06-01,6.698
2006-06-01,7.318
2006-06-01,6.448
2006-06-02,6.883
2006-06-02,7.163
2006-06-02,7.528
2006-06-02,6.623
2006-06-02,6.23
2006-06-05,6.718
2006-06-05,7.433
2006-06-05,6.4
2006-06-05,6.463
2006-06-05,7.038
2006-06-06,7.378
2006-06-06,6.16
2006-06-06,6.385
2006-06-06,6.968
2006-06-06,6.643
2006-06-07,5.82
2006-06-07,7.059
2006-06-07,6.619
2006-06-07,6.249
2006-06-07,5.974
2006-06-08,5.84
2006-06-08,6.191
2006-06-08,6.249
2006-06-08,7.059
2006-06-08,6.619
2006-06-09,6.1
2006-06-09,6.172
2006-06-09,6.454
2006-06-09,7.236
2006-06-09,6.796
2006-06-12,7.216
2006-06-12,6.821
2006-06-12,6.224
2006-06-12,6.501
2006-06-12,6.02
2006-06-13,6.75
2006-06-13,7.13
2006-06-13,6.163
2006-06-13,6.438
2006-06-13,5.95
2006-06-14,6.59
2006-06-14,7.112
2006-06-14,7.467
2006-06-14,6.08
2006-06-14,6.852
2006-06-15,7.207
2006-06-15,7.475
2006-06-15,8.075
2006-06-15,7.735
2006-06-15,6.43
2006-06-16,7.185
2006-06-16,7.03
2006-06-16,8.13
2006-06-16,7.75
2006-06-16,7.455
2006-06-19,7.153
2006-06-19,7.458
2006-06-19,7.838
2006-06-19,6.893
2006-06-19,6.71
2006-06-20,7.367
2006-06-20,6.62
2006-06-20,6.997
2006-06-20,6.502
2006-06-20,6.737
2006-06-21,6.798
2006-06-21,7.018
2006-06-21,7.383
2006-06-21,6.588
2006-06-21,6.5
2006-06-22,7.149
2006-06-22,6.51
2006-06-22,6.809
2006-06-22,6.614
2006-06-22,6.439
2006-06-23,7.041
2006-06-23,6.226
2006-06-23,6.14
2006-06-23,6.656
2006-06-23,6.416
2006-06-26,5.969
2006-06-26,6.419
2006-06-26,6.814
2006-06-26,5.89
2006-06-26,6.169
2006-06-27,6.562
2006-06-27,6.312
2006-06-27,6.962
2006-06-27,6.107
2006-06-27,5.97
2006-06-28,6.04
2006-06-28,5.887
2006-06-28,6.83
2006-06-28,6.16
2006-06-28,6.425
2006-06-29,8.165
2006-06-29,6.805
2006-06-29,6.395
2006-06-29,6.135
2006-06-29,6.09
2006-06-30,8.139
2006-06-30,6.104
2006-06-30,6.369
2006-06-30,5.84
2006-06-30,6.734
2006-07-05,6.038
2006-07-05,5.765
2006-07-05,5.7
2006-07-05,7.838
2006-07-05,6.408
2006-07-06,5.28
2006-07-06,6.327
2006-07-06,5.947
2006-07-06,5.664
2006-07-06,7.737
2006-07-07,6.183
2006-07-07,5.523
2006-07-07,5.18
2006-07-07,7.598
2006-07-07,5.81
2006-07-10,6.272
2006-07-10,7.672
2006-07-10,5.608
2006-07-10,5.897
2006-07-10,5.32
2006-07-11,5.908
2006-07-11,6.273
2006-07-11,5.51
2006-07-11,7.668
2006-07-11,5.633
2006-07-12,6.382
2006-07-12,5.992
2006-07-12,5.66
2006-07-12,5.782
2006-07-12,7.737
2006-07-13,6.129
2006-07-13,6.334
2006-07-13,8.079
2006-07-13,6.709
2006-07-13,5.92
2006-07-14,6.867
2006-07-14,6.532
2006-07-14,6.347
2006-07-14,6.28
2006-07-14,8.202
2006-07-17,5.783
2006-07-17,5.96
2006-07-17,6.305
2006-07-17,6.27
2006-07-17,7.705
2006-07-18,5.555
2006-07-18,6.02
2006-07-18,7.459
2006-07-18,5.974
2006-07-18,5.669
2006-07-19,5.862
2006-07-19,7.739
2006-07-19,6.269
2006-07-19,5.984
2006-07-19,5.89
2006-07-20,6.14
2006-07-20,6.091
2006-07-20,7.923
2006-07-20,6.443
2006-07-20,6.208
2006-07-21,7.998
2006-07-21,6.478
2006-07-21,6.248
2006-07-21,6.139
2006-07-21,5.9
2006-07-24,6.988
2006-07-24,6.33
2006-07-24,6.723
2006-07-24,6.605
2006-07-24,8.468
2006-07-25,6.78
2006-07-25,6.409
2006-07-25,8.283
2006-07-25,6.783
2006-07-25,6.513
2006-07-26,8.679
2006-07-26,6.71
2006-07-26,7.224
2006-07-26,6.887
2006-07-26,6.974
2006-07-27,7.03
2006-07-27,7.042
2006-07-27,7.363
2006-07-27,7.123
2006-07-27,8.858
2006-07-28,7.184
2006-07-28,7.24
2006-07-28,10.159
2006-07-28,8.804
2006-07-28,7.424
2006-07-31,11.111
2006-07-31,8.211
2006-07-31,9.811
2006-07-31,8.04
2006-07-31,8.451
2006-08-01,7.779
2006-08-01,8.66
2006-08-01,9.339
2006-08-01,10.789
2006-08-01,7.574
2006-08-02,9.526
2006-08-02,7.799
2006-08-02,10.856
2006-08-02,8.036
2006-08-02,8.65
2006-08-03,7.542
2006-08-03,9.102
2006-08-03,10.552
2006-08-03,7.292
2006-08-03,7.61
2006-08-04,10.401
2006-08-04,7.44
2006-08-04,8.991
2006-08-04,7.471
2006-08-04,7.246
2006-08-07,6.907
2006-08-07,8.723
2006-08-07,6.97
2006-08-07,10.208
2006-08-07,7.123
2006-08-08,7.06
2006-08-08,7.158
2006-08-08,10.289
2006-08-08,8.879
2006-08-08,7.349
2006-08-09,7.6
2006-08-09,7.651
2006-08-09,7.857
2006-08-09,9.437
2006-08-09,10.827
2006-08-10,9.277
2006-08-10,7.727
2006-08-10,7.95
2006-08-10,10.657
2006-08-10,7.529
2006-08-11,7.56
2006-08-11,10.48
2006-08-11,9.05
2006-08-11,7.47
2006-08-11,7.269
2006-08-14,7.088
2006-08-14,10.318
2006-08-14,8.803
2006-08-14,6.89
2006-08-14,6.913
2006-08-15,10.444
2006-08-15,6.861
2006-08-15,8.849
2006-08-15,6.9
2006-08-15,7.034
2006-08-16,8.819
2006-08-16,6.939
2006-08-16,6.766
2006-08-16,7.01
2006-08-16,10.409
2006-08-17,10.38
2006-08-17,6.83
2006-08-17,8.85
2006-08-17,6.73
2006-08-17,6.689
2006-08-18,6.731
2006-08-18,6.851
2006-08-18,6.66
2006-08-18,10.421
2006-08-18,8.921
2006-08-21,10.251
2006-08-21,6.72
2006-08-21,8.721
2006-08-21,6.624
2006-08-21,6.701
2006-08-22,7.008
2006-08-22,7.135
2006-08-22,9.06
2006-08-22,6.86
2006-08-22,10.605
2006-08-23,7.006
2006-08-23,9.006
2006-08-23,7.19
2006-08-23,6.875
2006-08-23,10.516
2006-08-24,10.555
2006-08-24,7.203
2006-08-24,9.235
2006-08-24,7.079
2006-08-24,7.22
2006-08-25,7.157
2006-08-25,7.344
2006-08-25,10.634
2006-08-25,9.354
2006-08-25,7.48
2006-08-28,6.51
2006-08-28,8.992
2006-08-28,10.467
2006-08-28,6.812
2006-08-28,6.472
2006-08-29,8.8
2006-08-29,10.47
2006-08-29,6.816
2006-08-29,6.24
2006-08-29,6.876
2006-08-30,9.925
2006-08-30,8.26
2006-08-30,6.4
2006-08-30,10.59
2006-08-30,6.29
2006-08-31,5.8
2006-08-31,9.978
2006-08-31,8.228
2006-08-31,10.628
2006-08-31,6.048
2006-09-01,8.057
2006-09-01,5.24
2006-09-01,5.877
2006-09-01,10.562
2006-09-01,9.897
2006-09-05,8.079
2006-09-05,6.039
2006-09-05,10.684
2006-09-05,5.45
2006-09-05,10.049
2006-09-06,5.7
2006-09-06,5.994
2006-09-06,8.019
2006-09-06,10.574
2006-09-06,9.939
2006-09-07,7.608
2006-09-07,10.213
2006-09-07,9.578
2006-09-07,5.64
2006-09-07,5.718
2006-09-08,10.185
2006-09-08,9.52
2006-09-08,7.605
2006-09-08,5.675
2006-09-08,5.31
2006-09-11,5.67
2006-09-11,9.825
2006-09-11,5.29
2006-09-11,9.11
2006-09-11,7.255
2006-09-12,8.884
2006-09-12,9.639
2006-09-12,5.574
2006-09-12,5.57
2006-09-12,7.274
2006-09-13,8.679
2006-09-13,5.4
2006-09-13,7.084
2006-09-13,5.449
2006-09-13,9.404
2006-09-14,4.892
2006-09-14,8.047
2006-09-14,8.772
2006-09-14,5.09
2006-09-14,6.467
2006-09-15,6.364
2006-09-15,7.774
2006-09-15,4.982
2006-09-15,4.4
2006-09-15,8.504
2006-09-18,5.02
2006-09-18,6.256
2006-09-18,7.806
2006-09-18,4.942
2006-09-18,8.336
2006-09-19,4.99
2006-09-19,5.006
2006-09-19,7.883
2006-09-19,8.443
2006-09-19,6.203
2006-09-20,4.87
2006-09-20,7.662
2006-09-20,6.022
2006-09-20,4.931
2006-09-20,8.207
2006-09-21,4.65
2006-09-21,7.391
2006-09-21,6.011
2006-09-21,7.881
2006-09-21,4.781
2006-09-22,5.881
2006-09-22,4.627
2006-09-22,7.891
2006-09-22,4.47
2006-09-22,7.401
2006-09-25,5.733
2006-09-25,4.475
2006-09-25,7.713
2006-09-25,7.223
2006-09-25,4.31
2006-09-26,7.32
2006-09-26,7.81
2006-09-26,4.526
2006-09-26,5.805
2006-09-26,4.36
2006-09-27,4.201
2006-09-27,5.669
2006-09-27,4.35
2006-09-27,7.209
2006-09-27,7.644
2006-09-28,7.586
2006-09-28,7.037
2006-09-28,7.504
2006-09-28,5.392
2006-09-28,4.15
2006-09-29,7.345
2006-09-29,7.8
2006-09-29,5.62
2006-09-29,3.66
2006-09-29,7.878
2006-10-02,5.643
2006-10-02,7.893
2006-10-02,7.973
2006-10-02,4.11
2006-10-02,7.423
2006-10-03,4.01
2006-10-03,7.359
2006-10-03,7.974
2006-10-03,7.899
2006-10-03,5.759
2006-10-04,5.995
2006-10-04,8.153
2006-10-04,8.08
2006-10-04,4.38
2006-10-04,7.55
2006-10-05,8.363
2006-10-05,4.69
2006-10-05,8.428
2006-10-05,7.833
2006-10-05,6.298
2006-10-06,8.327
2006-10-06,8.382
2006-10-06,6.427
2006-10-06,7.827
2006-10-06,4.41
2006-10-09,6.429
2006-10-09,8.55
2006-10-09,8.505
2006-10-09,7.95
2006-10-09,5.06
2006-10-10,6.466
2006-10-10,7.986
2006-10-10,8.606
2006-10-10,5.16
2006-10-10,8.566
2006-10-11,6.15
2006-10-11,7.675
2006-10-11,8.255
2006-10-11,5.66
2006-10-11,8.302
2006-10-12,5.17
2006-10-12,7.927
2006-10-12,7.362
2006-10-12,5.782
2006-10-12,7.972
2006-10-13,7.98
2006-10-13,5.659
2006-10-13,7.35
2006-10-13,7.93
2006-10-13,4.3
2006-10-16,5.13
2006-10-16,7.839
2006-10-16,8.444
2006-10-16,8.394
2006-10-16,6.444
2006-10-17,6.442
2006-10-17,6.26
2006-10-17,8.297
2006-10-17,7.702
2006-10-17,8.252
2006-10-18,6.07
2006-10-18,8.305
2006-10-18,6.807
2006-10-18,8.267
2006-10-18,7.852
2006-10-19,8.427
2006-10-19,6.77
2006-10-19,8.032
2006-10-19,7.132
2006-10-19,8.402
2006-10-20,7.241
2006-10-20,8.471
2006-10-20,8.481
2006-10-20,8.151
2006-10-20,6.88
2006-10-23,8.231
2006-10-23,7.816
2006-10-23,7.29
2006-10-23,6.881
2006-10-23,8.261
2006-10-24,7.13
2006-10-24,7.091
2006-10-24,8.326
2006-10-24,7.936
2006-10-24,8.361
2006-10-25,7.693
2006-10-25,8.731
2006-10-25,8.328
2006-10-25,7.2
2006-10-25,8.701
2006-10-26,8.497
2006-10-26,8.532
2006-10-26,7.91
2006-10-26,7.497
2006-10-26,8.067
2006-10-27,7.827
2006-10-27,7.41
2006-10-27,7.153
2006-10-27,8.327
2006-10-27,8.277
2006-10-30,7.785
2006-10-30,6.99
2006-10-30,7.847
2006-10-30,7.416
2006-10-30,7.915
2006-10-31,8.058
2006-10-31,7.938
2006-10-31,7.998
2006-10-31,7.534
2006-10-31,6.64
2006-11-01,7.712
2006-11-01,8.207
2006-11-01,8.262
2006-11-01,7.15
2006-11-01,8.132
2006-11-02,8.364
2006-11-02,8.234
2006-11-02,7.32
2006-11-02,7.814
2006-11-02,8.309
2006-11-03,7.884
2006-11-03,8.329
2006-11-03,7.43
2006-11-03,8.394
2006-11-03,8.434
2006-11-06,7.49
2006-11-06,7.95
2006-11-06,8.055
2006-11-06,6.72
2006-11-06,8.01
2006-11-07,6.59
2006-11-07,7.755
2006-11-07,8.13
2006-11-07,8.21
2006-11-07,8.25
2006-11-08,7.823
2006-11-08,8.267
2006-11-08,8.222
2006-11-08,8.332
2006-11-08,7.39
2006-11-09,7.35
2006-11-09,8.435
2006-11-09,7.955
2006-11-09,8.338
2006-11-09,8.488
2006-11-10,7.16
2006-11-10,8.374
2006-11-10,8.229
2006-11-10,8.314
2006-11-10,7.794
2006-11-13,7.894
2006-11-13,7.26
2006-11-13,8.394
2006-11-13,8.334
2006-11-13,8.249
2006-11-14,7.977
2006-11-14,7.42
2006-11-14,8.322
2006-11-14,8.415
2006-11-14,8.472
2006-11-15,8.12
2006-11-15,8.57
2006-11-15,8.46
2006-11-15,8.615
2006-11-15,7.45
2006-11-16,7.755
2006-11-16,7.59
2006-11-16,8.235
2006-11-16,8.165
2006-11-16,8.3
2006-11-17,8.674
2006-11-17,8.634
2006-11-17,8.179
2006-11-17,7.23
2006-11-17,8.519
2006-11-20,8.416
2006-11-20,7.79
2006-11-20,8.509
2006-11-20,8.559
2006-11-20,8.019
2006-11-21,8.437
2006-11-21,8.357
2006-11-21,8.492
2006-11-21,7.988
2006-11-21,7.57
2006-11-22,7.42
2006-11-22,8.154
2006-11-22,8.099
2006-11-22,7.718
2006-11-22,8.049
2006-11-27,8.357
2006-11-27,7.58
2006-11-27,8.289
2006-11-27,7.998
2006-11-27,8.404
2006-11-28,8.318
2006-11-28,7.61
2006-11-28,8.559
2006-11-28,8.606
2006-11-28,8.476
2006-11-29,8.276
2006-11-29,8.871
2006-11-29,8.73
2006-11-29,8.9
2006-11-29,7.74
2006-11-30,8.844
2006-11-30,8.894
2006-11-30,8.744
2006-11-30,8.32
2006-11-30,8.309
2006-12-01,8.08
2006-12-01,8.38
2006-12-01,8.48
2006-12-01,8.42
2006-12-01,8.422
2006-12-04,7.806
2006-12-04,7.819
2006-12-04,7.644
2006-12-04,7.876
2006-12-04,7.84
2006-12-05,7.758
2006-12-05,7.685
2006-12-05,7.565
2006-12-05,7.32
2006-12-05,7.72
2006-12-06,7.63
2006-12-06,7.803
2006-12-06,7.775
2006-12-06,7.727
2006-12-06,7.32
2006-12-07,7.671
2006-12-07,7.746
2006-12-07,7.766
2006-12-07,7.61
2006-12-07,7.611
2006-12-08,7.684
2006-12-08,7.45
2006-12-08,7.561
2006-12-08,7.559
2006-12-08,7.684
2006-12-11,6.81
2006-12-11,7.494
2006-12-11,7.584
2006-12-11,7.567
2006-12-11,7.427
2006-12-12,7.57
2006-12-12,7.52
2006-12-12,7.43
2006-12-12,7.607
2006-12-12,6.93
2006-12-13,7.703
2006-12-13,7.21
2006-12-13,7.673
2006-12-13,7.788
2006-12-13,7.828
2006-12-14,7.593
2006-12-14,7.663
2006-12-14,7.555
2006-12-14,7.693
2006-12-14,7.26
2006-12-15,7.409
2006-12-15,7.506
2006-12-15,7.486
2006-12-15,7.456
2006-12-15,6.82
2006-12-18,7.195
2006-12-18,7.165
2006-12-18,6.62
2006-12-18,7.075
2006-12-18,7.185
2006-12-19,7.228
2006-12-19,7.198
2006-12-19,7.083
2006-12-19,6.27
2006-12-19,7.228
2006-12-20,6.43
2006-12-20,7.034
2006-12-20,6.949
2006-12-20,7.014
2006-12-20,6.769
2006-12-21,6.09
2006-12-21,7.063
2006-12-21,6.98
2006-12-21,6.8
2006-12-21,7.096
2006-12-22,6.88
2006-12-22,6.635
2006-12-22,5.88
2006-12-22,6.925
2006-12-22,6.81
2006-12-26,6.508
2006-12-26,6.333
2006-12-26,6.418
2006-12-26,5.72
2006-12-26,6.113
2006-12-27,6.257
2006-12-27,5.838
2006-12-27,6.142
2006-12-27,5.54
2006-12-27,6.357
2006-12-28,6.582
2006-12-28,5.63
2006-12-28,6.482
2006-12-28,6.248
2006-12-28,6.392
2006-12-29,6.299
2006-12-29,6.503
2006-12-29,5.5
2006-12-29,6.703
2006-12-29,6.603
2007-01-02,5.4
2007-01-02,6.703
2007-01-02,6.503
2007-01-02,6.299
2007-01-02,6.603
2007-01-03,6.435
2007-01-03,6.163
2007-01-03,6.545
2007-01-03,5.47
2007-01-03,6.325
2007-01-04,6.54
2007-01-04,6.43
2007-01-04,5.6
2007-01-04,6.162
2007-01-04,6.33
2007-01-05,6.557
2007-01-05,5.52
2007-01-05,6.447
2007-01-05,6.347
2007-01-05,6.184
2007-01-08,6.637
2007-01-08,6.378
2007-01-08,6.732
2007-01-08,6.548
2007-01-08,6.02
2007-01-09,6.631
2007-01-09,6.914
2007-01-09,6.15
2007-01-09,6.819
2007-01-09,6.744
2007-01-10,6.42
2007-01-10,6.755
2007-01-10,6.886
2007-01-10,6.966
2007-01-10,6.831
2007-01-11,6.292
2007-01-11,6.492
2007-01-11,6.09
2007-01-11,6.397
2007-01-11,6.587
2007-01-12,6.601
2007-01-12,5.97
2007-01-12,6.698
2007-01-12,6.768
2007-01-12,6.846
2007-01-16,6.761
2007-01-16,6.846
2007-01-16,6.686
2007-01-16,6.638
2007-01-16,6.82
2007-01-17,6.535
2007-01-17,6.31
2007-01-17,6.234
2007-01-17,6.57
2007-01-17,6.44
2007-01-18,6.29
2007-01-18,6.486
2007-01-18,6.324
2007-01-18,6.581
2007-01-18,6.361
2007-01-19,7.055
2007-01-19,6.886
2007-01-19,6.92
2007-01-19,6.4
2007-01-19,6.985
2007-01-22,7.2
2007-01-22,7.319
2007-01-22,7.381
2007-01-22,7.336
2007-01-22,7.311
2007-01-23,7.512
2007-01-23,7.562
2007-01-23,7.492
2007-01-23,7.597
2007-01-23,7.53
2007-01-24,7.319
2007-01-24,7.354
2007-01-24,7.421
2007-01-24,7.58
2007-01-24,7.379
2007-01-25,6.91
2007-01-25,7.18
2007-01-25,6.905
2007-01-25,7.01
2007-01-25,6.95
2007-01-26,6.95
2007-01-26,7.256
2007-01-26,7.175
2007-01-26,7.158
2007-01-26,7.198
2007-01-29,7.012
2007-01-29,7.084
2007-01-29,6.937
2007-01-29,7.35
2007-01-29,6.917
2007-01-30,7.782
2007-01-30,7.74
2007-01-30,7.32
2007-01-30,7.695
2007-01-30,7.727
2007-01-31,7.655
2007-01-31,7.76
2007-01-31,7.766
2007-01-31,7.667
2007-01-31,7.69
2007-02-01,7.704
2007-02-01,7.58
2007-02-01,7.53
2007-02-01,7.93
2007-02-01,7.628
2007-02-02,7.521
2007-02-02,8.17
2007-02-02,7.654
2007-02-02,7.476
2007-02-02,7.574
2007-02-05,7.634
2007-02-05,9.14
2007-02-05,7.638
2007-02-05,7.753
2007-02-05,7.683
2007-02-06,7.746
2007-02-06,7.609
2007-02-06,8.29
2007-02-06,7.669
2007-02-06,7.616
2007-02-07,7.768
2007-02-07,7.709
2007-02-07,7.843
2007-02-07,7.702
2007-02-07,7.9
2007-02-08,7.918
2007-02-08,7.871
2007-02-08,7.993
2007-02-08,8.06
2007-02-08,7.855
2007-02-09,7.837
2007-02-09,8.16
2007-02-09,7.995
2007-02-09,7.827
2007-02-09,7.915
2007-02-12,7.329
2007-02-12,7.422
2007-02-12,7.78
2007-02-12,7.517
2007-02-12,7.226
2007-02-13,7.623
2007-02-13,7.367
2007-02-13,7.529
2007-02-13,8.09
2007-02-13,7.44
2007-02-14,8.9
2007-02-14,7.308
2007-02-14,7.397
2007-02-14,7.241
2007-02-14,7.494
2007-02-15,7.428
2007-02-15,7.292
2007-02-15,7.52
2007-02-15,7.34
2007-02-15,8.91
2007-02-16,7.503
2007-02-16,8.45
2007-02-16,7.67
2007-02-16,7.598
2007-02-16,7.533
2007-02-20,7.765
2007-02-20,7.34
2007-02-20,7.692
2007-02-20,7.585
2007-02-20,7.617
2007-02-21,7.646
2007-02-21,7.51
2007-02-21,7.79
2007-02-21,7.865
2007-02-21,7.715
2007-02-22,7.88
2007-02-22,7.47
2007-02-22,7.803
2007-02-22,7.955
2007-02-22,7.727
2007-02-23,7.886
2007-02-23,7.966
2007-02-23,7.755
2007-02-23,7.53
2007-02-23,7.806
2007-02-26,7.547
2007-02-26,7.784
2007-02-26,7.703
2007-02-26,7.868
2007-02-26,7.73
2007-02-27,7.806
2007-02-27,7.618
2007-02-27,7.533
2007-02-27,7.44
2007-02-27,7.708
2007-02-28,7.614
2007-02-28,7.507
2007-02-28,7.3
2007-02-28,7.405
2007-02-28,7.23
2007-03-01,7.405
2007-03-01,7.288
2007-03-01,7.07
2007-03-01,7.52
2007-03-01,7.635
2007-03-02,7.369
2007-03-02,7.22
2007-03-02,7.606
2007-03-02,7.243
2007-03-02,7.488
2007-03-05,7.6
2007-03-05,7.37
2007-03-05,7.254
2007-03-05,7.485
2007-03-05,7.36
2007-03-06,7.472
2007-03-06,7.55
2007-03-06,7.815
2007-03-06,7.588
2007-03-06,7.701
2007-03-07,7.5
2007-03-07,7.608
2007-03-07,7.366
2007-03-07,7.727
2007-03-07,7.491
2007-03-08,7.14
2007-03-08,7.372
2007-03-08,7.239
2007-03-08,7.634
2007-03-08,7.503
2007-03-09,7.232
2007-03-09,7.05
2007-03-09,7.083
2007-03-09,7.496
2007-03-09,7.364
2007-03-12,6.912
2007-03-12,7.328
2007-03-12,7.19
2007-03-12,7.055
2007-03-12,6.81
2007-03-13,7.032
2007-03-13,6.78
2007-03-13,6.892
2007-03-13,7.299
2007-03-13,7.164
2007-03-14,6.86
2007-03-14,7.437
2007-03-14,7.311
2007-03-14,7.189
2007-03-14,7.083
2007-03-15,7.02
2007-03-15,7.093
2007-03-15,6.959
2007-03-15,7.361
2007-03-15,7.225
2007-03-16,7.192
2007-03-16,7.046
2007-03-16,6.924
2007-03-16,7.336
2007-03-16,6.84
2007-03-19,6.975
2007-03-19,7.122
2007-03-19,6.7
2007-03-19,7.27
2007-03-19,6.847
2007-03-20,7.02
2007-03-20,7.157
2007-03-20,6.91
2007-03-20,6.81
2007-03-20,7.304
2007-03-21,7.16
2007-03-21,7.4
2007-03-21,7.545
2007-03-21,6.82
2007-03-21,7.265
2007-03-22,7.32
2007-03-22,7.577
2007-03-22,7.07
2007-03-22,7.729
2007-03-22,7.435
2007-03-23,7.406
2007-03-23,7.16
2007-03-23,7.712
2007-03-23,7.269
2007-03-23,7.557
2007-03-26,7.688
2007-03-26,7.53
2007-03-26,7.254
2007-03-26,7.15
2007-03-26,7.383
2007-03-27,7.901
2007-03-27,7.753
2007-03-27,7.615
2007-03-27,7.503
2007-03-27,7.15
2007-03-28,7.558
2007-03-28,7.47
2007-03-28,7.957
2007-03-28,7.813
2007-03-28,7.672
2007-03-29,7.609
2007-03-29,7.751
2007-03-29,7.34
2007-03-29,8
2007-03-29,7.9
2007-03-30,7.5
2007-03-30,8.011
2007-03-30,7.87
2007-03-30,8.109
2007-03-30,7.73
2007-04-02,8.051
2007-04-02,7.951
2007-04-02,7.809
2007-04-02,7.62
2007-04-02,7.671
2007-04-03,7.57
2007-04-03,7.426
2007-04-03,7.811
2007-04-03,7.564
2007-04-03,7.711
2007-04-04,7.46
2007-04-04,7.887
2007-04-04,7.649
2007-04-04,7.515
2007-04-04,7.791
2007-04-05,7.885
2007-04-05,7.747
2007-04-05,7.607
2007-04-05,7.984
2007-04-05,7.53
2007-04-09,7.546
2007-04-09,7.861
2007-04-09,7.701
2007-04-09,7.962
2007-04-09,7.65
2007-04-10,7.65
2007-04-10,8.264
2007-04-10,8.014
2007-04-10,8.169
2007-04-10,7.869
2007-04-11,7.999
2007-04-11,7.97
2007-04-11,8.25
2007-04-11,7.855
2007-04-11,8.157
2007-04-12,7.924
2007-04-12,7.95
2007-04-12,8.222
2007-04-12,8.314
2007-04-12,8.062
2007-04-13,8.214
2007-04-13,8.108
2007-04-13,7.948
2007-04-13,7.801
2007-04-13,7.93
2007-04-16,7.669
2007-04-16,7.53
2007-04-16,7.956
2007-04-16,7.838
2007-04-16,7.66
2007-04-17,7.714
2007-04-17,7.834
2007-04-17,7.418
2007-04-17,7.5
2007-04-17,7.544
2007-04-18,7.54
2007-04-18,7.792
2007-04-18,7.912
2007-04-18,7.497
2007-04-18,7.631
2007-04-19,7.913
2007-04-19,7.54
2007-04-19,7.793
2007-04-19,7.627
2007-04-19,7.492
2007-04-20,7.32
2007-04-20,7.514
2007-04-20,7.809
2007-04-20,7.381
2007-04-20,7.684
2007-04-23,7.849
2007-04-23,7.24
2007-04-23,7.687
2007-04-23,7.562
2007-04-23,7.969
2007-04-24,7.708
2007-04-24,7.983
2007-04-24,7.598
2007-04-24,7.57
2007-04-24,7.863
2007-04-25,7.689
2007-04-25,7.937
2007-04-25,7.781
2007-04-25,7.6
2007-04-25,8.056
2007-04-26,7.602
2007-04-26,7.508
2007-04-26,7.56
2007-04-26,7.892
2007-04-26,7.764
2007-04-27,8.148
2007-04-27,7.44
2007-04-27,7.979
2007-04-27,8.098
2007-04-27,7.831
2007-04-30,7.71
2007-04-30,8.136
2007-04-30,7.863
2007-04-30,8.191
2007-04-30,8.016
2007-05-01,7.988
2007-05-01,7.87
2007-05-01,7.718
2007-05-01,8.045
2007-05-01,7.64
2007-05-02,7.73
2007-05-02,7.87
2007-05-02,8.038
2007-05-02,7.64
2007-05-02,7.984
2007-05-03,8.19
2007-05-03,8.08
2007-05-03,8.246
2007-05-03,7.58
2007-05-03,7.947
2007-05-04,8.187
2007-05-04,7.938
2007-05-04,7.82
2007-05-04,8.237
2007-05-04,8.079
2007-05-07,7.779
2007-05-07,7.69
2007-05-07,8.114
2007-05-07,8.059
2007-05-07,7.944
2007-05-08,7.98
2007-05-08,7.637
2007-05-08,7.5
2007-05-08,7.799
2007-05-08,7.924
2007-05-09,8.067
2007-05-09,7.46
2007-05-09,8.009
2007-05-09,7.881
2007-05-09,7.72
2007-05-10,7.997
2007-05-10,7.877
2007-05-10,8.054
2007-05-10,7.63
2007-05-10,7.726
2007-05-11,7.899
2007-05-11,8.22
2007-05-11,8.161
2007-05-11,7.53
2007-05-11,8.051
2007-05-14,7.85
2007-05-14,7.952
2007-05-14,8.1
2007-05-14,8.209
2007-05-14,8.266
2007-05-15,8.135
2007-05-15,7.68
2007-05-15,7.864
2007-05-15,8.196
2007-05-15,8.022
2007-05-16,7.62
2007-05-16,8.233
2007-05-16,7.89
2007-05-16,8.169
2007-05-16,8.051
2007-05-17,8.075
2007-05-17,8.241
2007-05-17,7.69
2007-05-17,8.362
2007-05-17,8.426
2007-05-18,8.258
2007-05-18,7.87
2007-05-18,8.134
2007-05-18,7.944
2007-05-18,8.325
2007-05-21,8.224
2007-05-21,7.66
2007-05-21,7.913
2007-05-21,8.091
2007-05-21,8.296
2007-05-22,7.801
2007-05-22,7.6
2007-05-22,8.119
2007-05-22,7.984
2007-05-22,8.194
2007-05-23,8.153
2007-05-23,7.757
2007-05-23,7.941
2007-05-23,8.078
2007-05-23,7.51
2007-05-24,7.987
2007-05-24,7.85
2007-05-24,7.681
2007-05-24,7.56
2007-05-24,8.06
2007-05-25,7.933
2007-05-25,7.47
2007-05-25,8.007
2007-05-25,7.64
2007-05-25,7.795
2007-05-29,7.591
2007-05-29,7.51
2007-05-29,7.731
2007-05-29,7.861
2007-05-29,7.924
2007-05-30,8.063
2007-05-30,8.243
2007-05-30,7.71
2007-05-30,7.941
2007-05-30,8.121
2007-05-31,8.24
2007-05-31,8.118
2007-05-31,7.8
2007-05-31,8.057
2007-05-31,7.935
2007-06-01,7.878
2007-06-01,8.011
2007-06-01,7.57
2007-06-01,8.208
2007-06-01,8.08
2007-06-04,8.512
2007-06-04,8.191
2007-06-04,8.392
2007-06-04,8.323
2007-06-04,7.73
2007-06-05,7.83
2007-06-05,8.271
2007-06-05,8.064
2007-06-05,8.399
2007-06-05,8.203
2007-06-06,8.08
2007-06-06,7.83
2007-06-06,8.416
2007-06-06,8.288
2007-06-06,8.219
2007-06-07,7.825
2007-06-07,8.043
2007-06-07,8.177
2007-06-07,7.965
2007-06-07,7.89
2007-06-08,7.802
2007-06-08,7.52
2007-06-08,8.027
2007-06-08,7.89
2007-06-08,7.663
2007-06-11,7.608
2007-06-11,7.977
2007-06-11,7.42
2007-06-11,7.746
2007-06-11,7.836
2007-06-12,7.915
2007-06-12,7.45
2007-06-12,8.059
2007-06-12,7.682
2007-06-12,7.823
2007-06-13,7.987
2007-06-13,7.6
2007-06-13,7.748
2007-06-13,7.841
2007-06-13,7.608
2007-06-14,7.808
2007-06-14,8.022
2007-06-14,7.942
2007-06-14,7.48
2007-06-14,8.161
2007-06-15,8.06
2007-06-15,8.279
2007-06-15,7.918
2007-06-15,7.58
2007-06-15,8.141
2007-06-18,7.69
2007-06-18,8.049
2007-06-18,7.909
2007-06-18,7.69
2007-06-18,7.828
2007-06-19,7.46
2007-06-19,7.876
2007-06-19,7.519
2007-06-19,7.734
2007-06-19,7.652
2007-06-20,7.391
2007-06-20,7.736
2007-06-20,7.598
2007-06-20,7.39
2007-06-20,7.519
2007-06-21,7.7
2007-06-21,7.565
2007-06-21,7.348
2007-06-21,7.24
2007-06-21,7.482
2007-06-22,7.483
2007-06-22,7.04
2007-06-22,7.13
2007-06-22,7.26
2007-06-22,7.347
2007-06-25,7.32
2007-06-25,7.172
2007-06-25,6.94
2007-06-25,6.77
2007-06-25,7.079
2007-06-26,6.85
2007-06-26,7.247
2007-06-26,7.093
2007-06-26,6.877
2007-06-26,7.002
2007-06-27,6.929
2007-06-27,6.74
2007-06-27,7.174
2007-06-27,7.083
2007-06-27,7.326
2007-06-28,6.907
2007-06-28,7.707
2007-06-28,6.79
2007-06-28,6.752
2007-06-28,6.655
2007-06-29,6.4
2007-06-29,6.868
2007-06-29,7.023
2007-06-29,6.773
2007-06-29,7.803
2007-07-02,6.869
2007-07-02,7.799
2007-07-02,7.029
2007-07-02,6.24
2007-07-02,6.764
2007-07-03,6.754
2007-07-03,7.814
2007-07-03,6.859
2007-07-03,6.37
2007-07-03,7.034
2007-07-05,6.618
2007-07-05,7.702
2007-07-05,6.3
2007-07-05,6.726
2007-07-05,6.904
2007-07-06,6.15
2007-07-06,6.736
2007-07-06,6.558
2007-07-06,6.444
2007-07-06,7.529
2007-07-09,7.503
2007-07-09,6.708
2007-07-09,6.534
2007-07-09,6.41
2007-07-09,6.39
2007-07-10,6.979
2007-07-10,6.44
2007-07-10,7.744
2007-07-10,6.814
2007-07-10,6.699
2007-07-11,6.877
2007-07-11,7.637
2007-07-11,6.711
2007-07-11,6.66
2007-07-11,6.6
2007-07-12,6.497
2007-07-12,6.609
2007-07-12,6.782
2007-07-12,7.567
2007-07-12,6.26
2007-07-13,6.27
2007-07-13,7.721
2007-07-13,6.77
2007-07-13,6.941
2007-07-13,6.662
2007-07-16,6.32
2007-07-16,7.457
2007-07-16,6.477
2007-07-16,6.647
2007-07-16,6.376
2007-07-17,6.307
2007-07-17,7.392
2007-07-17,6.567
2007-07-17,6.34
2007-07-17,6.402
2007-07-18,6.771
2007-07-18,6.611
2007-07-18,6.528
2007-07-18,6.23
2007-07-18,7.621
2007-07-19,7.813
2007-07-19,6.938
2007-07-19,6.706
2007-07-19,6.785
2007-07-19,6.5
2007-07-20,7.576
2007-07-20,6.46
2007-07-20,6.676
2007-07-20,6.523
2007-07-20,6.446
2007-07-23,7.229
2007-07-23,6.289
2007-07-23,6.118
2007-07-23,6.039
2007-07-23,6
2007-07-24,6.128
2007-07-24,5.863
2007-07-24,7.078
2007-07-24,5.66
2007-07-24,5.949
2007-07-25,6.062
2007-07-25,6.26
2007-07-25,5.56
2007-07-25,5.925
2007-07-25,7.228
2007-07-26,5.943
2007-07-26,6.291
2007-07-26,5.83
2007-07-26,7.281
2007-07-26,6.074
2007-07-27,6.11
2007-07-27,7.411
2007-07-27,5.77
2007-07-27,6.436
2007-07-27,6.208
2007-07-30,6.499
2007-07-30,8.544
2007-07-30,7.659
2007-07-30,6.714
2007-07-30,6.31
2007-07-31,7.374
2007-07-31,8.294
2007-07-31,6.191
2007-07-31,6.53
2007-07-31,6.421
2007-08-01,7.484
2007-08-01,6.564
2007-08-01,6.352
2007-08-01,6.19
2007-08-01,8.369
2007-08-02,7.241
2007-08-02,8.133
2007-08-02,6.106
2007-08-02,6.316
2007-08-02,6.34
2007-08-03,6.09
2007-08-03,7.182
2007-08-03,8.042
2007-08-03,6.11
2007-08-03,6.292
2007-08-06,6.1
2007-08-06,6.208
2007-08-06,6.378
2007-08-06,7.228
2007-08-06,8.058
2007-08-07,6.201
2007-08-07,6.38
2007-08-07,7.285
2007-08-07,6.395
2007-08-07,8.11
2007-08-08,8.206
2007-08-08,6.24
2007-08-08,7.379
2007-08-08,6.22
2007-08-08,6.452
2007-08-09,7.656
2007-08-09,6.801
2007-08-09,6.45
2007-08-09,6.586
2007-08-09,8.424
2007-08-10,6.57
2007-08-10,6.82
2007-08-10,7.054
2007-08-10,7.854
2007-08-10,8.554
2007-08-13,7.849
2007-08-13,6.794
2007-08-13,8.588
2007-08-13,7.15
2007-08-13,7.018
2007-08-14,6.94
2007-08-14,6.86
2007-08-14,7.13
2007-08-14,7.935
2007-08-14,8.65
2007-08-15,7.837
2007-08-15,7.3
2007-08-15,6.864
2007-08-15,7.042
2007-08-15,8.537
2007-08-16,6.96
2007-08-16,7.015
2007-08-16,7.745
2007-08-16,6.875
2007-08-16,8.405
2007-08-17,7.14
2007-08-17,8.463
2007-08-17,7.828
2007-08-17,7.123
2007-08-17,7.01
2007-08-20,7.885
2007-08-20,7.085
2007-08-20,6.47
2007-08-20,6.04
2007-08-20,6.205
2007-08-21,6.03
2007-08-21,5.817
2007-08-21,5.92
2007-08-21,6.963
2007-08-21,7.823
2007-08-22,6.77
2007-08-22,7.68
2007-08-22,5.84
2007-08-22,5.79
2007-08-22,5.578
2007-08-23,5.845
2007-08-23,6.805
2007-08-23,5.73
2007-08-23,7.735
2007-08-23,5.622
2007-08-24,6.704
2007-08-24,7.629
2007-08-24,5.69
2007-08-24,5.523
2007-08-24,5.739
2007-08-27,7.52
2007-08-27,5.34
2007-08-27,6.57
2007-08-27,5.38
2007-08-27,5.59
2007-08-28,5.593
2007-08-28,5.56
2007-08-28,6.696
2007-08-28,7.581
2007-08-28,5.761
2007-08-29,6.561
2007-08-29,5.581
2007-08-29,5.43
2007-08-29,7.486
2007-08-29,5.64
2007-08-30,7.51
2007-08-30,7.92
2007-08-30,6.607
2007-08-30,5.635
2007-08-30,5.54
2007-08-31,5.49
2007-08-31,6.461
2007-08-31,5.468
2007-08-31,7.798
2007-08-31,7.381
2007-09-04,5.3
2007-09-04,7.463
2007-09-04,5.629
2007-09-04,7.858
2007-09-04,6.576
2007-09-05,7.52
2007-09-05,5.8
2007-09-05,6.69
2007-09-05,7.905
2007-09-05,5.805
2007-09-06,6.02
2007-09-06,6.577
2007-09-06,7.799
2007-09-06,5.65
2007-09-06,7.417
2007-09-07,6.446
2007-09-07,7.301
2007-09-07,7.706
2007-09-07,5.53
2007-09-07,5.501
2007-09-10,7.476
2007-09-10,7.856
2007-09-10,6.716
2007-09-10,5.56
2007-09-10,5.891
2007-09-11,7.504
2007-09-11,5.98
2007-09-11,6.757
2007-09-11,5.934
2007-09-11,7.871
2007-09-12,7.919
2007-09-12,8.269
2007-09-12,6.13
2007-09-12,7.229
2007-09-12,6.438
2007-09-13,7.661
2007-09-13,8.021
2007-09-13,6.029
2007-09-13,6.881
2007-09-13,6.27
2007-09-14,6.23
2007-09-14,8.114
2007-09-14,6.279
2007-09-14,7.754
2007-09-14,7.054
2007-09-17,7.932
2007-09-17,7.317
2007-09-17,6.653
2007-09-17,6.38
2007-09-17,8.272
2007-09-18,7.858
2007-09-18,8.188
2007-09-18,6.42
2007-09-18,6.568
2007-09-18,7.228
2007-09-19,6.18
2007-09-19,7.955
2007-09-19,6.91
2007-09-19,6.25
2007-09-19,7.615
2007-09-20,8.143
2007-09-20,6.02
2007-09-20,7.793
2007-09-20,6.978
2007-09-20,6.008
2007-09-21,6.08
2007-09-21,8.18
2007-09-21,7.82
2007-09-21,5.96
2007-09-21,6.99
2007-09-24,8.263
2007-09-24,6.12
2007-09-24,7.915
2007-09-24,7.168
2007-09-24,6.37
2007-09-25,6.54
2007-09-25,7.087
2007-09-25,7.787
2007-09-25,8.139
2007-09-25,6.36
2007-09-26,6.47
2007-09-26,6.423
2007-09-26,7.746
2007-09-26,8.096
2007-09-26,7.046
2007-09-27,8.104
2007-09-27,7.694
2007-09-27,6.38
2007-09-27,6.919
2007-09-27,8.067
2007-09-28,8.137
2007-09-28,8.102
2007-09-28,6.87
2007-09-28,6.15
2007-09-28,7.705
2007-10-01,8.163
2007-10-01,7.797
2007-10-01,6.07
2007-10-01,8.193
2007-10-01,7.05
2007-10-02,7.427
2007-10-02,8.067
2007-10-02,6.55
2007-10-02,8.422
2007-10-02,8.397
2007-10-03,7.277
2007-10-03,8.285
2007-10-03,6.96
2007-10-03,8.255
2007-10-03,7.915
2007-10-04,7.412
2007-10-04,8.375
2007-10-04,8.027
2007-10-04,8.355
2007-10-04,6.91
2007-10-05,6.77
2007-10-05,7.844
2007-10-05,7.073
2007-10-05,8.219
2007-10-05,8.247
2007-10-08,6.846
2007-10-08,8.044
2007-10-08,6.69
2007-10-08,7.661
2007-10-08,8.072
2007-10-09,6.63
2007-10-09,8.003
2007-10-09,7.633
2007-10-09,8.033
2007-10-09,6.863
2007-10-10,7.01
2007-10-10,8.094
2007-10-10,7.725
2007-10-10,6.79
2007-10-10,8.12
2007-10-11,8.041
2007-10-11,8.071
2007-10-11,7.641
2007-10-11,6.876
2007-10-11,6.85
2007-10-12,7.681
2007-10-12,6.46
2007-10-12,8.046
2007-10-12,8.079
2007-10-12,6.974
2007-10-15,7.09
2007-10-15,7.445
2007-10-15,8.333
2007-10-15,8.012
2007-10-15,8.363
2007-10-16,7.942
2007-10-16,7.367
2007-10-16,8.302
2007-10-16,7.29
2007-10-16,8.275
2007-10-17,7.458
2007-10-17,8.433
2007-10-17,8.456
2007-10-17,7.12
2007-10-17,8.103
2007-10-18,8.451
2007-10-18,7.11
2007-10-18,8.424
2007-10-18,8.081
2007-10-18,7.374
2007-10-19,6.91
2007-10-19,7.041
2007-10-19,8.128
2007-10-19,8.093
2007-10-19,7.728
2007-10-22,7.946
2007-10-22,7.529
2007-10-22,6.891
2007-10-22,7.906
2007-10-22,6.63
2007-10-23,7.471
2007-10-23,6.761
2007-10-23,6.3
2007-10-23,7.851
2007-10-23,7.896
2007-10-24,7.657
2007-10-24,8.034
2007-10-24,6.972
2007-10-24,8.074
2007-10-24,6.11
2007-10-25,8.163
2007-10-25,8.198
2007-10-25,7.188
2007-10-25,7.816
2007-10-25,6.49
2007-10-26,7.218
2007-10-26,6.43
2007-10-26,8.138
2007-10-26,7.808
2007-10-26,8.17
2007-10-29,7.974
2007-10-29,6.66
2007-10-29,8.328
2007-10-29,7.269
2007-10-29,8.299
2007-10-30,8.387
2007-10-30,8.354
2007-10-30,8.021
2007-10-30,8.197
2007-10-30,6.99
2007-10-31,8.479
2007-10-31,8.66
2007-10-31,8.33
2007-10-31,8.689
2007-10-31,7.28
2007-11-01,8.804
2007-11-01,7.09
2007-11-01,9.035
2007-11-01,8.637
2007-11-01,8.997
2007-11-02,8.418
2007-11-02,6.63
2007-11-02,8.801
2007-11-02,8.614
2007-11-02,8.845
2007-11-05,8.276
2007-11-05,7.999
2007-11-05,6.71
2007-11-05,8.456
2007-11-05,8.401
2007-11-06,7.863
2007-11-06,8.306
2007-11-06,8.238
2007-11-06,7.2
2007-11-06,8.148
2007-11-07,7.624
2007-11-07,7.42
2007-11-07,7.996
2007-11-07,7.926
2007-11-07,8.061
2007-11-08,8.031
2007-11-08,7.713
2007-11-08,8.111
2007-11-08,6.81
2007-11-08,8.171
2007-11-09,8.343
2007-11-09,8.29
2007-11-09,8.185
2007-11-09,6.59
2007-11-09,7.897
2007-11-12,6.83
2007-11-12,7.961
2007-11-12,8.389
2007-11-12,8.329
2007-11-12,8.219
2007-11-13,8.368
2007-11-13,8.318
2007-11-13,7.22
2007-11-13,7.949
2007-11-13,8.206
2007-11-14,7.28
2007-11-14,8.135
2007-11-14,7.835
2007-11-14,8.285
2007-11-14,8.23
2007-11-15,7.988
2007-11-15,7.35
2007-11-15,7.7
2007-11-15,8.082
2007-11-15,8.138
2007-11-16,8.391
2007-11-16,7.29
2007-11-16,8.001
2007-11-16,8.213
2007-11-16,8.348
2007-11-19,7.787
2007-11-19,7.38
2007-11-19,8.032
2007-11-19,8.147
2007-11-19,8.2
2007-11-20,7.883
2007-11-20,7.818
2007-11-20,6.81
2007-11-20,7.477
2007-11-20,7.741
2007-11-21,7.55
2007-11-21,7.87
2007-11-21,7.925
2007-11-21,7.783
2007-11-21,6.67
2007-11-23,7.901
2007-11-23,8.054
2007-11-23,6.67
2007-11-23,8.011
2007-11-23,7.7
2007-11-26,8.021
2007-11-26,8.066
2007-11-26,7.53
2007-11-26,7.723
2007-11-26,7.909
2007-11-27,7.557
2007-11-27,7.42
2007-11-27,7.742
2007-11-27,7.867
2007-11-27,7.817
2007-11-28,7.466
2007-11-28,7.203
2007-11-28,7.51
2007-11-28,7.551
2007-11-28,7.486
2007-11-29,7.519
2007-11-29,7.452
2007-11-29,7.451
2007-11-29,7.45
2007-11-29,7.328
2007-11-30,7.371
2007-11-30,7.29
2007-11-30,7.202
2007-11-30,7.302
2007-11-30,7.312
2007-12-03,7.294
2007-12-03,7.244
2007-12-03,7.214
2007-12-03,6.97
2007-12-03,7.161
2007-12-04,7.155
2007-12-04,7.27
2007-12-04,7.212
2007-12-04,7.145
2007-12-04,7.24
2007-12-05,7.201
2007-12-05,7.185
2007-12-05,7.04
2007-12-05,7.275
2007-12-05,7.246
2007-12-06,7.333
2007-12-06,7.33
2007-12-06,7.415
2007-12-06,7.377
2007-12-06,7.29
2007-12-07,7.04
2007-12-07,7.254
2007-12-07,7.155
2007-12-07,7.251
2007-12-07,7.216
2007-12-10,7.154
2007-12-10,7.142
2007-12-10,7.144
2007-12-10,7.032
2007-12-10,6.98
2007-12-11,7.085
2007-12-11,7.183
2007-12-11,7.12
2007-12-11,7.183
2007-12-11,7.193
2007-12-12,7.44
2007-12-12,7.22
2007-12-12,7.5
2007-12-12,7.506
2007-12-12,7.408
2007-12-13,7.193
2007-12-13,7.321
2007-12-13,7.46
2007-12-13,7.307
2007-12-13,7.337
2007-12-14,7.153
2007-12-14,7.09
2007-12-14,7.025
2007-12-14,7.155
2007-12-14,7.165
2007-12-17,7.035
2007-12-17,7.06
2007-12-17,7.176
2007-12-17,7.206
2007-12-17,7.206
2007-12-18,7.16
2007-12-18,7.141
2007-12-18,7.328
2007-12-18,7.32
2007-12-18,7.278
2007-12-19,7.179
2007-12-19,7.18
2007-12-19,7.299
2007-12-19,7.34
2007-12-19,7.35
2007-12-20,7.237
2007-12-20,7.271
2007-12-20,7.19
2007-12-20,7.296
2007-12-20,7.137
2007-12-21,7.31
2007-12-21,7.03
2007-12-21,7.33
2007-12-21,7.292
2007-12-21,7.19
2007-12-24,7.145
2007-12-24,7.223
2007-12-24,7.025
2007-12-24,7.03
2007-12-24,7.185
2007-12-26,7.046
2007-12-26,7.233
2007-12-26,7.164
2007-12-26,6.94
2007-12-26,7.201
2007-12-27,7.272
2007-12-27,7.2
2007-12-27,7.172
2007-12-27,7.237
2007-12-27,6.8
2007-12-28,7.436
2007-12-28,7.386
2007-12-28,7.11
2007-12-28,7.504
2007-12-28,7.411
2007-12-31,7.521
2007-12-31,7.613
2007-12-31,7.483
2007-12-31,7.546
2007-12-31,7.11
2008-01-02,7.927
2008-01-02,7.85
2008-01-02,7.87
2008-01-02,7.865
2008-01-02,7.83
2008-01-03,7.698
2008-01-03,7.674
2008-01-03,7.747
2008-01-03,7.84
2008-01-03,7.698
2008-01-04,7.841
2008-01-04,7.824
2008-01-04,7.786
2008-01-04,7.811
2008-01-04,7.51
2008-01-07,7.885
2008-01-07,7.875
2008-01-07,7.879
2008-01-07,7.61
2008-01-07,7.902
2008-01-08,7.992
2008-01-08,7.967
2008-01-08,7.984
2008-01-08,7.59
2008-01-08,7.962
2008-01-09,7.89
2008-01-09,8.089
2008-01-09,8.099
2008-01-09,8.079
2008-01-09,8.044
2008-01-10,8.128
2008-01-10,7.96
2008-01-10,8.158
2008-01-10,8.193
2008-01-10,8.259
2008-01-11,8.21
2008-01-11,8.13
2008-01-11,8.162
2008-01-11,8.132
2008-01-11,8.182
2008-01-14,8.246
2008-01-14,8.353
2008-01-14,8.216
2008-01-14,8.45
2008-01-14,8.271
2008-01-15,8.131
2008-01-15,8.43
2008-01-15,8.114
2008-01-15,8.083
2008-01-15,8.196
2008-01-16,8.06
2008-01-16,8.023
2008-01-16,8.133
2008-01-16,8.051
2008-01-16,8.23
2008-01-17,8.003
2008-01-17,8.1
2008-01-17,8.018
2008-01-17,7.978
2008-01-17,8.081
2008-01-18,7.993
2008-01-18,7.956
2008-01-18,7.919
2008-01-18,8.42
2008-01-18,7.947
2008-01-22,7.67
2008-01-22,7.97
2008-01-22,7.647
2008-01-22,7.701
2008-01-22,7.647
2008-01-23,7.586
2008-01-23,7.621
2008-01-23,7.581
2008-01-23,7.641
2008-01-23,7.84
2008-01-24,7.82
2008-01-24,7.768
2008-01-24,7.802
2008-01-24,7.85
2008-01-24,7.783
2008-01-25,7.954
2008-01-25,7.929
2008-01-25,7.983
2008-01-25,7.8
2008-01-25,7.975
2008-01-28,8.017
2008-01-28,7.87
2008-01-28,8.042
2008-01-28,8.095
2008-01-28,8.06
2008-01-29,7.933
2008-01-29,7.943
2008-01-29,7.985
2008-01-29,7.996
2008-01-29,8.1
2008-01-30,8.174
2008-01-30,8.044
2008-01-30,8.17
2008-01-30,8.094
2008-01-30,8.045
2008-01-31,8.203
2008-01-31,8.1
2008-01-31,8.125
2008-01-31,8.074
2008-01-31,8.074
2008-02-01,7.775
2008-02-01,7.74
2008-02-01,7.845
2008-02-01,7.938
2008-02-01,7.88
2008-02-04,7.869
2008-02-04,7.889
2008-02-04,7.951
2008-02-04,8.037
2008-02-04,7.56
2008-02-05,7.8
2008-02-05,8.12
2008-02-05,7.942
2008-02-05,8.036
2008-02-05,7.969
2008-02-06,7.994
2008-02-06,8.022
2008-02-06,7.94
2008-02-06,8.091
2008-02-06,8.174
2008-02-07,8.135
2008-02-07,8.281
2008-02-07,8.102
2008-02-07,7.99
2008-02-07,8.202
2008-02-08,8.46
2008-02-08,8.328
2008-02-08,8.301
2008-02-08,8.383
2008-02-08,8.06
2008-02-11,8.531
2008-02-11,8.684
2008-02-11,8.569
2008-02-11,8.38
2008-02-11,8.619
2008-02-12,8.594
2008-02-12,8.479
2008-02-12,8.37
2008-02-12,8.527
2008-02-12,8.436
2008-02-13,8.43
2008-02-13,8.388
2008-02-13,8.35
2008-02-13,8.526
2008-02-13,8.465
2008-02-14,8.772
2008-02-14,8.792
2008-02-14,8.842
2008-02-14,8.5
2008-02-14,8.78
2008-02-15,8.68
2008-02-15,8.73
2008-02-15,8.668
2008-02-15,8.73
2008-02-15,8.66
2008-02-19,8.987
2008-02-19,8.977
2008-02-19,9.03
2008-02-19,8.99
2008-02-19,8.91
2008-02-20,8.965
2008-02-20,8.968
2008-02-20,9.08
2008-02-20,9.005
2008-02-20,8.965
2008-02-21,8.9
2008-02-21,8.892
2008-02-21,8.929
2008-02-21,8.889
2008-02-21,8.891
2008-02-22,9.193
2008-02-22,9.246
2008-02-22,8.65
2008-02-22,9.146
2008-02-22,9.198
2008-02-25,9.218
2008-02-25,9.15
2008-02-25,9.186
2008-02-25,9.289
2008-02-25,9.239
2008-02-26,9.21
2008-02-26,9.286
2008-02-26,9.252
2008-02-26,9.345
2008-02-26,9.206
2008-02-27,9.165
2008-02-27,8.93
2008-02-27,9.21
2008-02-27,9.103
2008-02-27,9.06
2008-02-28,9.533
2008-02-28,9.11
2008-02-28,9.594
2008-02-28,9.482
2008-02-28,9.443
2008-02-29,9.366
2008-02-29,9.545
2008-02-29,9.417
2008-02-29,9.1
2008-02-29,9.477
2008-03-03,9.55
2008-03-03,9.408
2008-03-03,9.473
2008-03-03,9.07
2008-03-03,9.346
2008-03-04,9.353
2008-03-04,9.21
2008-03-04,9.443
2008-03-04,9.516
2008-03-04,9.393
2008-03-05,9.884
2008-03-05,9.37
2008-03-05,9.819
2008-03-05,9.741
2008-03-05,9.776
2008-03-06,9.7
2008-03-06,9.792
2008-03-06,9.851
2008-03-06,9.742
2008-03-06,9.915
2008-03-07,9.88
2008-03-07,9.819
2008-03-07,9.948
2008-03-07,9.82
2008-03-07,9.769
2008-03-10,10.214
2008-03-10,10.024
2008-03-10,9.59
2008-03-10,10.075
2008-03-10,10.136
2008-03-11,9.85
2008-03-11,10.134
2008-03-11,10.222
2008-03-11,10
2008-03-11,10.064
2008-03-12,10.15
2008-03-12,9.69
2008-03-12,10.24
2008-03-12,10.078
2008-03-12,10.011
2008-03-13,10.384
2008-03-13,9.74
2008-03-13,10.475
2008-03-13,10.23
2008-03-13,10.306
2008-03-14,9.84
2008-03-14,9.961
2008-03-14,9.868
2008-03-14,10.14
2008-03-14,10.041
2008-03-17,9.1
2008-03-17,9.59
2008-03-17,9.197
2008-03-17,9.275
2008-03-17,9.373
2008-03-18,9.679
2008-03-18,9.414
2008-03-18,9.58
2008-03-18,9.1
2008-03-18,9.504
2008-03-19,9.112
2008-03-19,9.195
2008-03-19,9.296
2008-03-19,9.024
2008-03-19,9.11
2008-03-20,9.065
2008-03-20,8.54
2008-03-20,9.227
2008-03-20,9.14
2008-03-20,9.331
2008-03-24,9.329
2008-03-24,8.99
2008-03-24,9.423
2008-03-24,9.617
2008-03-24,9.515
2008-03-25,9.601
2008-03-25,9.28
2008-03-25,9.705
2008-03-25,9.511
2008-03-25,9.419
2008-03-26,9.572
2008-03-26,9.685
2008-03-26,9.877
2008-03-26,9.775
2008-03-26,9.25
2008-03-27,9.687
2008-03-27,9.885
2008-03-27,9.783
2008-03-27,9.3
2008-03-27,9.578
2008-03-28,10.045
2008-03-28,9.988
2008-03-28,9.8
2008-03-28,9.893
2008-03-28,9.36
2008-03-31,9.86
2008-03-31,10.303
2008-03-31,10.177
2008-03-31,10.258
2008-03-31,10.101
2008-04-01,9.937
2008-04-01,9.92
2008-04-01,9.724
2008-04-01,9.894
2008-04-01,9.81
2008-04-02,9.832
2008-04-02,9.6
2008-04-02,9.916
2008-04-02,9.999
2008-04-02,10.037
2008-04-03,9.417
2008-04-03,9.68
2008-04-03,9.511
2008-04-03,9.607
2008-04-03,9.657
2008-04-04,9.36
2008-04-04,9.322
2008-04-04,9.572
2008-04-04,9.514
2008-04-04,9.416
2008-04-07,10.042
2008-04-07,9.791
2008-04-07,9.985
2008-04-07,9.48
2008-04-07,9.881
2008-04-08,9.884
2008-04-08,9.697
2008-04-08,9.78
2008-04-08,9.944
2008-04-08,9.78
2008-04-09,10.056
2008-04-09,10.296
2008-04-09,10.137
2008-04-09,9.88
2008-04-09,10.241
2008-04-10,10.098
2008-04-10,10.334
2008-04-10,10.283
2008-04-10,10.181
2008-04-10,10.18
2008-04-11,10.083
2008-04-11,9.978
2008-04-11,10.07
2008-04-11,9.901
2008-04-11,10.135
2008-04-14,10.03
2008-04-14,10.053
2008-04-14,10.283
2008-04-14,10.126
2008-04-14,10.225
2008-04-15,10.205
2008-04-15,10.16
2008-04-15,10.455
2008-04-15,10.295
2008-04-15,10.397
2008-04-16,10.698
2008-04-16,10.11
2008-04-16,10.639
2008-04-16,10.433
2008-04-16,10.532
2008-04-17,10.606
2008-04-17,10.669
2008-04-17,10.383
2008-04-17,10.27
2008-04-17,10.487
2008-04-18,10.587
2008-04-18,10.08
2008-04-18,10.819
2008-04-18,10.881
2008-04-18,10.705
2008-04-21,11.087
2008-04-21,10.874
2008-04-21,10.5
2008-04-21,11.006
2008-04-21,10.733
2008-04-22,10.763
2008-04-22,10.903
2008-04-22,10.56
2008-04-22,10.607
2008-04-22,10.99
2008-04-23,10.33
2008-04-23,11.164
2008-04-23,10.781
2008-04-23,11.084
2008-04-23,10.946
2008-04-24,10.58
2008-04-24,11.157
2008-04-24,10.943
2008-04-24,10.79
2008-04-24,11.081
2008-04-25,11.24
2008-04-25,10.72
2008-04-25,11.308
2008-04-25,10.963
2008-04-25,11.101
2008-04-28,11.502
2008-04-28,11.452
2008-04-28,11.329
2008-04-28,11.28
2008-04-28,10.95
2008-04-29,10.98
2008-04-29,10.842
2008-04-29,10.94
2008-04-29,11.068
2008-04-29,11.046
2008-04-30,10.843
2008-04-30,11.045
2008-04-30,10.81
2008-04-30,10.979
2008-04-30,11.065
2008-05-01,10.702
2008-05-01,10.783
2008-05-01,10.811
2008-05-01,10.561
2008-05-01,10.66
2008-05-02,10.92
2008-05-02,10.777
2008-05-02,11.001
2008-05-02,10.37
2008-05-02,11.029
2008-05-05,11.423
2008-05-05,10.77
2008-05-05,11.178
2008-05-05,11.402
2008-05-05,11.32
2008-05-06,11.388
2008-05-06,11.286
2008-05-06,11.09
2008-05-06,11.366
2008-05-06,11.15
2008-05-07,11.327
2008-05-07,11.53
2008-05-07,11.555
2008-05-07,11.08
2008-05-07,11.452
2008-05-08,11.465
2008-05-08,11.37
2008-05-08,11.263
2008-05-08,11.44
2008-05-08,11.33
2008-05-09,11.29
2008-05-09,11.747
2008-05-09,11.731
2008-05-09,11.537
2008-05-09,11.657
2008-05-12,11.431
2008-05-12,11.535
2008-05-12,11.301
2008-05-12,11.513
2008-05-12,11.38
2008-05-13,11.422
2008-05-13,11.663
2008-05-13,11.18
2008-05-13,11.64
2008-05-13,11.556
2008-05-14,11.598
2008-05-14,11.825
2008-05-14,11.52
2008-05-14,11.738
2008-05-14,11.85
2008-05-15,11.41
2008-05-15,11.556
2008-05-15,11.645
2008-05-15,11.399
2008-05-15,11.672
2008-05-16,11.259
2008-05-16,11.094
2008-05-16,11.354
2008-05-16,11.384
2008-05-16,11.31
2008-05-19,11.112
2008-05-19,11.209
2008-05-19,11.239
2008-05-19,11.1
2008-05-19,10.954
2008-05-20,11.365
2008-05-20,10.94
2008-05-20,11.635
2008-05-20,11.607
2008-05-20,11.512
2008-05-21,11.64
2008-05-21,11.871
2008-05-21,11.78
2008-05-21,11.901
2008-05-21,11.4
2008-05-22,11.916
2008-05-22,11.57
2008-05-22,11.831
2008-05-22,11.697
2008-05-22,11.938
2008-05-23,12.061
2008-05-23,12.079
2008-05-23,11.981
2008-05-23,11.857
2008-05-23,11.56
2008-05-27,11.801
2008-05-27,12.022
2008-05-27,11.919
2008-05-27,12.002
2008-05-27,11.85
2008-05-28,12.079
2008-05-28,11.995
2008-05-28,11.916
2008-05-28,11.6
2008-05-28,12.094
2008-05-29,11.474
2008-05-29,11.658
2008-05-29,11.583
2008-05-29,11.81
2008-05-29,11.565
2008-05-30,11.81
2008-05-30,11.703
2008-05-30,11.795
2008-05-30,11.43
2008-05-30,11.877
2008-06-02,12.144
2008-06-02,11.969
2008-06-02,11.8
2008-06-02,12.077
2008-06-02,12.063
2008-06-03,12.221
2008-06-03,12.381
2008-06-03,12.316
2008-06-03,12.27
2008-06-03,12.302
2008-06-04,12.442
2008-06-04,12.429
2008-06-04,12.17
2008-06-04,12.379
2008-06-04,12.477
2008-06-05,12.577
2008-06-05,12.49
2008-06-05,12.586
2008-06-05,12.519
2008-06-05,12.62
2008-06-06,12.765
2008-06-06,12.812
2008-06-06,12.693
2008-06-06,12.763
2008-06-06,12.71
2008-06-09,12.704
2008-06-09,12.604
2008-06-09,12.684
2008-06-09,12.764
2008-06-09,12.71
2008-06-10,12.435
2008-06-10,12.597
2008-06-10,12.72
2008-06-10,12.539
2008-06-10,12.516
2008-06-11,12.779
2008-06-11,12.844
2008-06-11,12.66
2008-06-11,12.49
2008-06-11,12.749
2008-06-12,12.798
2008-06-12,12.93
2008-06-12,12.51
2008-06-12,13
2008-06-12,12.895
2008-06-13,12.765
2008-06-13,12.51
2008-06-13,12.625
2008-06-13,12.838
2008-06-13,12.728
2008-06-16,13.071
2008-06-16,13.037
2008-06-16,12.933
2008-06-16,13.141
2008-06-16,12.73
2008-06-17,12.87
2008-06-17,13.152
2008-06-17,13.084
2008-06-17,13.055
2008-06-17,12.952
2008-06-18,13.21
2008-06-18,13.316
2008-06-18,13.346
2008-06-18,12.93
2008-06-18,13.416
2008-06-19,12.861
2008-06-19,13.09
2008-06-19,12.991
2008-06-19,13.031
2008-06-19,13.101
2008-06-20,12.994
2008-06-20,13.113
2008-06-20,12.76
2008-06-20,13.235
2008-06-20,13.157
2008-06-23,13.203
2008-06-23,13.322
2008-06-23,13.452
2008-06-23,13.372
2008-06-23,12.92
2008-06-24,13.126
2008-06-24,13.268
2008-06-24,13.18
2008-06-24,13.011
2008-06-24,12.96
2008-06-25,13.01
2008-06-25,12.92
2008-06-25,12.753
2008-06-25,12.866
2008-06-25,12.76
2008-06-26,13.366
2008-06-26,13.248
2008-06-26,12.7
2008-06-26,13.291
2008-06-26,13.105
2008-06-27,13.598
2008-06-27,13.1
2008-06-27,13.198
2008-06-27,13.262
2008-06-27,13.345
2008-06-30,13.353
2008-06-30,13.505
2008-06-30,13.765
2008-06-30,13.418
2008-06-30,13.19
2008-07-01,13.57
2008-07-01,13.28
2008-07-01,13.907
2008-07-01,13.505
2008-07-01,13.65
2008-07-02,13.452
2008-07-02,13.31
2008-07-02,13.527
2008-07-02,13.389
2008-07-02,13.784
2008-07-03,13
2008-07-03,13.646
2008-07-03,13.726
2008-07-03,13.983
2008-07-03,13.577
2008-07-07,12.96
2008-07-07,13.061
2008-07-07,12.977
2008-07-07,13.439
2008-07-07,13.159
2008-07-08,12.47
2008-07-08,12.87
2008-07-08,12.457
2008-07-08,12.56
2008-07-08,12.368
2008-07-09,12.1
2008-07-09,12.09
2008-07-09,12.202
2008-07-09,12.54
2008-07-09,12.006
2008-07-10,12.81
2008-07-10,12.3
2008-07-10,12.383
2008-07-10,11.83
2008-07-10,12.495
2008-07-11,11.904
2008-07-11,12.15
2008-07-11,12.46
2008-07-11,11.993
2008-07-11,12.118
2008-07-14,12.171
2008-07-14,11.58
2008-07-14,12.05
2008-07-14,12.506
2008-07-14,11.959
2008-07-15,11.477
2008-07-15,11.79
2008-07-15,12.011
2008-07-15,11.568
2008-07-15,11.681
2008-07-16,11.568
2008-07-16,11.398
2008-07-16,11.853
2008-07-16,11.15
2008-07-16,11.478
2008-07-17,10.702
2008-07-17,11.032
2008-07-17,10.605
2008-07-17,11.43
2008-07-17,10.537
2008-07-18,11.064
2008-07-18,10.744
2008-07-18,10.639
2008-07-18,10.57
2008-07-18,10.54
2008-07-21,11.045
2008-07-21,10.51
2008-07-21,10.695
2008-07-21,10.585
2008-07-21,10.58
2008-07-22,10.07
2008-07-22,10.14
2008-07-22,10.26
2008-07-22,10.62
2008-07-22,10.16
2008-07-23,10.28
2008-07-23,9.85
2008-07-23,9.88
2008-07-23,9.95
2008-07-23,9.79
2008-07-24,9.83
2008-07-24,9.48
2008-07-24,9.32
2008-07-24,9.7
2008-07-24,9.38
2008-07-25,9.59
2008-07-25,9.34
2008-07-25,9.23
2008-07-25,9.13
2008-07-25,9.08
2008-07-28,9.26
2008-07-28,9.65
2008-07-28,9.2
2008-07-28,9.16
2008-07-28,9.3
2008-07-29,9.13
2008-07-29,9.23
2008-07-29,9.58
2008-07-29,9.17
2008-07-29,9.22
2008-07-30,9.69
2008-07-30,9.34
2008-07-30,9.25
2008-07-30,9.01
2008-07-30,10.06
2008-07-31,9.22
2008-07-31,9.12
2008-07-31,9.26
2008-07-31,9.98
2008-07-31,9.59
2008-08-01,9.49
2008-08-01,9.39
2008-08-01,9.05
2008-08-01,9.87
2008-08-01,10.26
2008-08-04,9.2
2008-08-04,8.84
2008-08-04,9.68
2008-08-04,8.73
2008-08-04,9.25
2008-08-05,8.73
2008-08-05,9.22
2008-08-05,8.66
2008-08-05,8.82
2008-08-05,9.63
2008-08-06,9.23
2008-08-06,8.7
2008-08-06,8.86
2008-08-06,9.64
2008-08-06,8.77
2008-08-07,8.57
2008-08-07,8.77
2008-08-07,9.03
2008-08-07,9.45
2008-08-07,8.66
2008-08-08,8.22
2008-08-08,8.25
2008-08-08,8.33
2008-08-08,8.71
2008-08-08,9.13
2008-08-11,8.18
2008-08-11,9.19
2008-08-11,8.77
2008-08-11,8.42
2008-08-11,8.35
2008-08-12,8.23
2008-08-12,8.33
2008-08-12,9.18
2008-08-12,8.41
2008-08-12,8.77
2008-08-13,8.91
2008-08-13,9.31
2008-08-13,8.11
2008-08-13,8.55
2008-08-13,8.46
2008-08-14,8.24
2008-08-14,8.63
2008-08-14,8.14
2008-08-14,8.15
2008-08-14,9.04
2008-08-15,8.09
2008-08-15,8.58
2008-08-15,8.2
2008-08-15,8.98
2008-08-15,7.82
2008-08-18,7.74
2008-08-18,8.78
2008-08-18,8.38
2008-08-18,8
2008-08-18,7.89
2008-08-19,8.44
2008-08-19,7.98
2008-08-19,7.73
2008-08-19,8.08
2008-08-19,8.81
2008-08-20,8.08
2008-08-20,8.93
2008-08-20,8.02
2008-08-20,8.55
2008-08-20,8.18
2008-08-21,8.25
2008-08-21,8.04
2008-08-21,8.73
2008-08-21,9.09
2008-08-21,8.36
2008-08-22,7.98
2008-08-22,7.84
2008-08-22,8.35
2008-08-22,7.96
2008-08-22,8.74
2008-08-25,7.63
2008-08-25,8.34
2008-08-25,7.94
2008-08-25,7.83
2008-08-25,8.73
2008-08-26,9.1
2008-08-26,8.02
2008-08-26,8.39
2008-08-26,8.28
2008-08-26,8.74
2008-08-27,8.97
2008-08-27,9.33
2008-08-27,8.39
2008-08-27,8.61
2008-08-27,8.54
2008-08-28,8.36
2008-08-28,8.05
2008-08-28,9.13
2008-08-28,8.47
2008-08-28,8.9
2008-08-29,8.79
2008-08-29,9.02
2008-08-29,7.94
2008-08-29,8.36
2008-08-29,8.24
2008-09-02,7.26
2008-09-02,7.72
2008-09-02,8.42
2008-09-02,8.24
2008-09-02,8.18
2008-09-03,7.26
2008-09-03,7.26
2008-09-03,8.43
2008-09-03,8.19
2008-09-03,7.72
2008-09-04,7.76
2008-09-04,8.21
2008-09-04,7.24
2008-09-04,8.46
2008-09-04,7.32
2008-09-05,7.88
2008-09-05,7.45
2008-09-05,7.4
2008-09-05,8.33
2008-09-05,8.58
2008-09-08,7.53
2008-09-08,7.89
2008-09-08,8.56
2008-09-08,7.68
2008-09-08,8.31
2008-09-09,8.25
2008-09-09,7.28
2008-09-09,8.51
2008-09-09,7.54
2008-09-09,7.85
2008-09-10,7.68
2008-09-10,7.39
2008-09-10,7.65
2008-09-10,8.06
2008-09-10,8.29
2008-09-11,8.17
2008-09-11,7.83
2008-09-11,7.93
2008-09-11,7.54
2008-09-11,7.25
2008-09-12,7.37
2008-09-12,7.64
2008-09-12,8.25
2008-09-12,8.02
2008-09-12,8.01
2008-09-15,8
2008-09-15,8.02
2008-09-15,7.37
2008-09-15,7.66
2008-09-15,8.24
2008-09-16,8.12
2008-09-16,7.9
2008-09-16,7.56
2008-09-16,7.28
2008-09-16,7.76
2008-09-17,8.67
2008-09-17,7.91
2008-09-17,8.49
2008-09-17,7.72
2008-09-17,8.2
2008-09-18,7.93
2008-09-18,8.26
2008-09-18,7.62
2008-09-18,8.52
2008-09-18,8.3
2008-09-19,8.47
2008-09-19,8.24
2008-09-19,7.79
2008-09-19,7.85
2008-09-19,7.53
2008-09-22,8.31
2008-09-22,7.66
2008-09-22,7.66
2008-09-22,7.94
2008-09-22,8.53
2008-09-23,8.14
2008-09-23,8.67
2008-09-23,7.93
2008-09-23,7.84
2008-09-23,8.48
2008-09-24,7.91
2008-09-24,8.26
2008-09-24,8.15
2008-09-24,8.47
2008-09-24,7.68
2008-09-25,7.72
2008-09-25,8.27
2008-09-25,7.93
2008-09-25,7.63
2008-09-25,8.48
2008-09-26,8.24
2008-09-26,7.42
2008-09-26,8.02
2008-09-26,7.63
2008-09-26,7.47
2008-09-29,7.84
2008-09-29,7.13
2008-09-29,7.6
2008-09-29,7.22
2008-09-29,7.88
2008-09-30,7.44
2008-09-30,7.17
2008-09-30,7.79
2008-09-30,8.06
2008-09-30,8.02
2008-10-01,8.02
2008-10-01,8.23
2008-10-01,7.41
2008-10-01,7.73
2008-10-01,8.27
2008-10-02,7.64
2008-10-02,8.03
2008-10-02,7.76
2008-10-02,7.98
2008-10-02,7.48
2008-10-03,7.16
2008-10-03,7.92
2008-10-03,7.87
2008-10-03,7.36
2008-10-03,7.65
2008-10-06,6.84
2008-10-06,6.87
2008-10-06,7.47
2008-10-06,7.41
2008-10-06,7.15
2008-10-07,6.74
2008-10-07,7.45
2008-10-07,7.38
2008-10-07,6.77
2008-10-07,7.11
2008-10-08,7.07
2008-10-08,6.74
2008-10-08,6.58
2008-10-08,7.38
2008-10-08,7.45
2008-10-09,6.83
2008-10-09,7.46
2008-10-09,7.53
2008-10-09,6.69
2008-10-09,7.16
2008-10-10,6.88
2008-10-10,7.25
2008-10-10,7.19
2008-10-10,6.54
2008-10-10,6.52
2008-10-13,7.33
2008-10-13,7.03
2008-10-13,6.69
2008-10-13,6.62
2008-10-13,7.39
2008-10-14,6.73
2008-10-14,6.74
2008-10-14,7.37
2008-10-14,7.05
2008-10-14,7.32
2008-10-15,6.59
2008-10-15,7.14
2008-10-15,7.19
2008-10-15,6.88
2008-10-15,6.64
2008-10-16,6.7
2008-10-16,7.22
2008-10-16,6.97
2008-10-16,7.27
2008-10-16,6.65
2008-10-17,7.31
2008-10-17,7.36
2008-10-17,7.08
2008-10-17,6.79
2008-10-17,6.76
2008-10-20,6.98
2008-10-20,6.74
2008-10-20,7.27
2008-10-20,7.21
2008-10-20,6.99
2008-10-21,7.37
2008-10-21,6.76
2008-10-21,7.09
2008-10-21,7.31
2008-10-21,6.84
2008-10-22,6.98
2008-10-22,6.78
2008-10-22,7.27
2008-10-22,7.21
2008-10-22,6.94
2008-10-23,6.89
2008-10-23,6.62
2008-10-23,6.77
2008-10-23,6.95
2008-10-23,6.42
2008-10-24,6.75
2008-10-24,6.24
2008-10-24,6.46
2008-10-24,6.81
2008-10-24,6.29
2008-10-27,6.34
2008-10-27,6.63
2008-10-27,6.27
2008-10-27,6.69
2008-10-27,6.12
2008-10-28,6.7
2008-10-28,6.42
2008-10-28,6.4
2008-10-28,6.19
2008-10-28,6.76
2008-10-29,7.11
2008-10-29,6.78
2008-10-29,6.47
2008-10-29,6.58
2008-10-29,7.06
2008-10-30,6.43
2008-10-30,6.73
2008-10-30,6.75
2008-10-30,6.75
2008-10-30,6.8
2008-10-31,7.11
2008-10-31,7.05
2008-10-31,6.18
2008-10-31,7.05
2008-10-31,6.78
2008-11-03,7.09
2008-11-03,6.45
2008-11-03,7.15
2008-11-03,7.09
2008-11-03,6.84
2008-11-04,6.79
2008-11-04,7.45
2008-11-04,7.5
2008-11-04,7.22
2008-11-04,7.44
2008-11-05,6.94
2008-11-05,7.48
2008-11-05,7.25
2008-11-05,7.54
2008-11-05,7.49
2008-11-06,6.98
2008-11-06,7.21
2008-11-06,7.2
2008-11-06,7.04
2008-11-06,7.25
2008-11-07,7.02
2008-11-07,6.97
2008-11-07,6.76
2008-11-07,6.6
2008-11-07,6.99
2008-11-10,7.42
2008-11-10,7.4
2008-11-10,7.46
2008-11-10,7.07
2008-11-10,7.25
2008-11-11,6.71
2008-11-11,7.02
2008-11-11,6.89
2008-11-11,6.92
2008-11-11,6.85
2008-11-12,6.41
2008-11-12,6.63
2008-11-12,6.65
2008-11-12,6.6
2008-11-12,6.56
2008-11-13,6.32
2008-11-13,6.56
2008-11-13,6.31
2008-11-13,6.48
2008-11-13,6.55
2008-11-14,6.33
2008-11-14,6.31
2008-11-14,6.55
2008-11-14,6.55
2008-11-14,6.47
2008-11-17,6.53
2008-11-17,6.69
2008-11-17,6.55
2008-11-17,6.64
2008-11-17,6.7
2008-11-18,6.6
2008-11-18,6.66
2008-11-18,6.74
2008-11-18,6.66
2008-11-18,6.52
2008-11-19,6.85
2008-11-19,6.76
2008-11-19,6.74
2008-11-19,6.81
2008-11-19,6.82
2008-11-20,6.76
2008-11-20,6.45
2008-11-20,6.44
2008-11-20,6.32
2008-11-20,6.39
2008-11-21,6.5
2008-11-21,6.52
2008-11-21,6.48
2008-11-21,6.56
2008-11-21,6.54
2008-11-24,6.85
2008-11-24,6.81
2008-11-24,6.83
2008-11-24,6.89
2008-11-24,6.85
2008-11-25,6.71
2008-11-25,6.39
2008-11-25,6.41
2008-11-25,6.44
2008-11-25,6.4
2008-11-26,6.84
2008-11-26,6.8
2008-11-26,6.88
2008-11-26,6.9
2008-11-26,6.43
2008-11-28,6.53
2008-11-28,6.54
2008-11-28,6.43
2008-11-28,6.57
2008-11-28,6.51
2008-12-01,6.6
2008-12-01,6.59
2008-12-01,6.59
2008-12-01,6.48
2008-12-01,6.64
2008-12-02,6.68
2008-12-02,6.42
2008-12-02,6.43
2008-12-02,6.43
2008-12-02,6.45
2008-12-03,6.37
2008-12-03,6.35
2008-12-03,6.37
2008-12-03,6.48
2008-12-03,6.35
2008-12-04,6.09
2008-12-04,6.55
2008-12-04,6.05
2008-12-04,6.02
2008-12-04,6.05
2008-12-05,5.77
2008-12-05,5.77
2008-12-05,5.74
2008-12-05,5.81
2008-12-05,5.99
2008-12-08,5.63
2008-12-08,5.73
2008-12-08,5.61
2008-12-08,5.57
2008-12-08,5.7
2008-12-09,5.58
2008-12-09,5.73
2008-12-09,5.67
2008-12-09,5.57
2008-12-09,5.63
2008-12-10,5.75
2008-12-10,5.84
2008-12-10,5.79
2008-12-10,5.69
2008-12-10,5.67
2008-12-11,5.6
2008-12-11,5.86
2008-12-11,5.77
2008-12-11,5.66
2008-12-11,5.71
2008-12-12,5.56
2008-12-12,5.55
2008-12-12,5.61
2008-12-12,5.52
2008-12-12,5.49
2008-12-15,5.68
2008-12-15,5.75
2008-12-15,5.68
2008-12-15,5.72
2008-12-15,5.65
2008-12-16,5.83
2008-12-16,5.8
2008-12-16,5.78
2008-12-16,5.75
2008-12-16,5.75
2008-12-17,5.78
2008-12-17,5.79
2008-12-17,5.67
2008-12-17,5.62
2008-12-17,5.71
2008-12-18,5.63
2008-12-18,5.71
2008-12-18,5.62
2008-12-18,5.65
2008-12-18,5.56
2008-12-19,5.52
2008-12-19,5.38
2008-12-19,5.44
2008-12-19,5.33
2008-12-19,5.66
2008-12-22,5.33
2008-12-22,5.29
2008-12-22,5.38
2008-12-22,5.39
2008-12-22,5.46
2008-12-23,5.81
2008-12-23,5.78
2008-12-23,5.85
2008-12-23,5.74
2008-12-23,5.37
2008-12-24,5.98
2008-12-24,5.44
2008-12-24,5.92
2008-12-24,5.91
2008-12-24,5.94
2008-12-26,5.85
2008-12-26,5.81
2008-12-26,5.83
2008-12-26,5.44
2008-12-26,5.89
2008-12-29,6.08
2008-12-29,5.81
2008-12-29,6.1
2008-12-29,6.12
2008-12-29,6.17
2008-12-30,5.89
2008-12-30,5.86
2008-12-30,5.99
2008-12-30,5.71
2008-12-30,5.93
2008-12-31,5.66
2008-12-31,5.62
2008-12-31,5.73
2008-12-31,5.63
2008-12-31,5.8
2009-01-02,6.03
2009-01-02,6.09
2009-01-02,5.41
2009-01-02,5.99
2009-01-02,5.97
2009-01-05,6.09
2009-01-05,6.13
2009-01-05,6.19
2009-01-05,5.83
2009-01-05,6.07
2009-01-06,6.04
2009-01-06,6.11
2009-01-06,6.1
2009-01-06,6
2009-01-06,5.98
2009-01-07,5.99
2009-01-07,5.87
2009-01-07,5.89
2009-01-07,5.92
2009-01-07,5.87
2009-01-08,5.56
2009-01-08,5.58
2009-01-08,5.69
2009-01-08,5.61
2009-01-08,5.96
2009-01-09,5.62
2009-01-09,5.6
2009-01-09,5.52
2009-01-09,5.54
2009-01-09,5.49
2009-01-12,5.59
2009-01-12,5.65
2009-01-12,5.52
2009-01-12,5.54
2009-01-12,5.57
2009-01-13,5.7
2009-01-13,5.18
2009-01-13,5.16
2009-01-13,5.32
2009-01-13,5.23
2009-01-14,5.05
2009-01-14,4.97
2009-01-14,4.97
2009-01-14,5.47
2009-01-14,5.14
2009-01-15,5
2009-01-15,4.91
2009-01-15,4.84
2009-01-15,4.84
2009-01-15,5.27
2009-01-16,4.89
2009-01-16,4.8
2009-01-16,4.81
2009-01-16,5.09
2009-01-16,4.96
2009-01-20,4.7
2009-01-20,4.64
2009-01-20,4.86
2009-01-20,4.77
2009-01-20,4.63
2009-01-21,4.75
2009-01-21,4.81
2009-01-21,4.78
2009-01-21,4.88
2009-01-21,4.87
2009-01-22,4.66
2009-01-22,4.72
2009-01-22,4.79
2009-01-22,4.68
2009-01-22,4.72
2009-01-23,4.57
2009-01-23,4.49
2009-01-23,4.75
2009-01-23,4.64
2009-01-23,4.52
2009-01-26,4.49
2009-01-26,4.53
2009-01-26,4.62
2009-01-26,4.61
2009-01-26,4.46
2009-01-27,4.76
2009-01-27,4.45
2009-01-27,4.58
2009-01-27,4.51
2009-01-27,4.5
2009-01-28,4.49
2009-01-28,4.84
2009-01-28,4.57
2009-01-28,4.42
2009-01-28,4.48
2009-01-29,4.72
2009-01-29,4.65
2009-01-29,4.58
2009-01-29,4.71
2009-01-29,4.83
2009-01-30,4.49
2009-01-30,4.69
2009-01-30,4.57
2009-01-30,4.42
2009-01-30,4.77
2009-02-02,4.8
2009-02-02,4.69
2009-02-02,4.56
2009-02-02,4.6
2009-02-02,4.48
2009-02-03,5.04
2009-02-03,4.67
2009-02-03,4.51
2009-02-03,4.8
2009-02-03,4.58
2009-02-04,5.01
2009-02-04,4.6
2009-02-04,4.74
2009-02-04,4.65
2009-02-04,4.87
2009-02-05,4.64
2009-02-05,4.84
2009-02-05,4.9
2009-02-05,4.77
2009-02-05,4.69
2009-02-06,4.67
2009-02-06,4.81
2009-02-06,4.9
2009-02-06,5.03
2009-02-06,4.77
2009-02-09,4.86
2009-02-09,4.76
2009-02-09,4.81
2009-02-09,4.95
2009-02-09,5.08
2009-02-10,4.84
2009-02-10,4.7
2009-02-10,4.6
2009-02-10,4.54
2009-02-10,4.84
2009-02-11,4.81
2009-02-11,4.68
2009-02-11,4.58
2009-02-11,4.53
2009-02-11,4.67
2009-02-12,4.74
2009-02-12,4.73
2009-02-12,4.49
2009-02-12,4.6
2009-02-12,4.5
2009-02-13,4.46
2009-02-13,4.69
2009-02-13,4.6
2009-02-13,4.55
2009-02-13,4.45
2009-02-17,4.44
2009-02-17,4.31
2009-02-17,4.22
2009-02-17,4.2
2009-02-17,4.35
2009-02-18,4.24
2009-02-18,4.45
2009-02-18,4.33
2009-02-18,4.21
2009-02-18,4.35
2009-02-19,4.08
2009-02-19,4.11
2009-02-19,4.46
2009-02-19,4.33
2009-02-19,4.2
2009-02-20,4.01
2009-02-20,4.25
2009-02-20,4.21
2009-02-20,4.04
2009-02-20,4.13
2009-02-23,4.1
2009-02-23,4.23
2009-02-23,4.19
2009-02-23,4.31
2009-02-23,4.1
2009-02-24,4.28
2009-02-24,4.21
2009-02-24,4.41
2009-02-24,4.24
2009-02-24,4.19
2009-02-25,4.06
2009-02-25,4.12
2009-02-25,4.2
2009-02-25,4.25
2009-02-25,4.03
2009-02-26,4.08
2009-02-26,4.31
2009-02-26,4.45
2009-02-26,4.17
2009-02-26,4.08
2009-02-27,4.198
2009-02-27,4.55
2009-02-27,4.41
2009-02-27,4.28
2009-02-27,4.04
2009-03-02,4.23
2009-03-02,4.15
2009-03-02,4.36
2009-03-02,4.5
2009-03-02,4.36
2009-03-03,4.6
2009-03-03,4.43
2009-03-03,4.47
2009-03-03,4.28
2009-03-03,4.35
2009-03-04,4.34
2009-03-04,4.42
2009-03-04,4.23
2009-03-04,4.54
2009-03-04,4.67
2009-03-05,4.09
2009-03-05,4.45
2009-03-05,4.22
2009-03-05,4.18
2009-03-05,4.31
2009-03-06,4.02
2009-03-06,3.95
2009-03-06,3.93
2009-03-06,4.29
2009-03-06,4.14
2009-03-09,3.93
2009-03-09,3.87
2009-03-09,4.05
2009-03-09,4.2
2009-03-09,3.86
2009-03-10,4.18
2009-03-10,3.84
2009-03-10,3.91
2009-03-10,3.88
2009-03-10,4.03
2009-03-11,3.98
2009-03-11,3.8
2009-03-11,4.12
2009-03-11,3.92
2009-03-11,3.86
2009-03-12,3.87
2009-03-12,4
2009-03-12,4.32
2009-03-12,4.18
2009-03-12,4.06
2009-03-13,4.26
2009-03-13,4.01
2009-03-13,3.9
2009-03-13,4.13
2009-03-13,3.93
2009-03-16,3.92
2009-03-16,4.18
2009-03-16,3.78
2009-03-16,3.85
2009-03-16,4.04
2009-03-17,3.78
2009-03-17,3.88
2009-03-17,4
2009-03-17,4.13
2009-03-17,3.81
2009-03-18,3.75
2009-03-18,3.68
2009-03-18,3.76
2009-03-18,4.02
2009-03-18,3.88
2009-03-19,4.36
2009-03-19,4.24
2009-03-19,4.49
2009-03-19,3.68
2009-03-19,4.17
2009-03-20,4.43
2009-03-20,3.99
2009-03-20,4.56
2009-03-20,4.31
2009-03-20,4.23
2009-03-23,4.29
2009-03-23,4.5
2009-03-23,4.38
2009-03-23,4.17
2009-03-23,4.63
2009-03-24,4.13
2009-03-24,4.7
2009-03-24,4.57
2009-03-24,4.44
2009-03-24,4.35
2009-03-25,4.54
2009-03-25,4.33
2009-03-25,4.13
2009-03-25,4.42
2009-03-25,4.67
2009-03-26,4.17
2009-03-26,4.03
2009-03-26,4.31
2009-03-26,3.95
2009-03-26,4.16
2009-03-27,3.63
2009-03-27,3.87
2009-03-27,3.73
2009-03-27,3.74
2009-03-27,4.02
2009-03-30,4.12
2009-03-30,4.02
2009-03-30,3.87
2009-03-30,3.63
2009-03-30,3.74
2009-03-31,3.58
2009-03-31,4.16
2009-03-31,4.08
2009-03-31,3.78
2009-03-31,3.92
2009-04-01,3.83
2009-04-01,3.56
2009-04-01,3.98
2009-04-01,4.08
2009-04-01,3.7
2009-04-02,3.78
2009-04-02,3.69
2009-04-02,4.16
2009-04-02,4.06
2009-04-02,3.91
2009-04-03,4.07
2009-04-03,3.66
2009-04-03,4.18
2009-04-03,3.8
2009-04-03,3.93
2009-04-06,4.11
2009-04-06,3.74
2009-04-06,3.73
2009-04-06,3.86
2009-04-06,4
2009-04-07,3.6
2009-04-07,3.85
2009-04-07,3.56
2009-04-07,3.96
2009-04-07,3.69
2009-04-08,3.63
2009-04-08,4.04
2009-04-08,3.76
2009-04-08,3.5
2009-04-08,3.92
2009-04-09,3.59
2009-04-09,3.75
2009-04-09,4.02
2009-04-09,3.61
2009-04-09,3.91
2009-04-13,3.46
2009-04-13,3.93
2009-04-13,3.77
2009-04-13,4.05
2009-04-13,3.63
2009-04-14,3.69
2009-04-14,4
2009-04-14,4.12
2009-04-14,3.59
2009-04-14,3.83
2009-04-15,3.83
2009-04-15,3.69
2009-04-15,4.11
2009-04-15,3.99
2009-04-15,3.6
2009-04-16,3.89
2009-04-16,4.02
2009-04-16,3.6
2009-04-16,3.54
2009-04-16,3.73
2009-04-17,3.86
2009-04-17,3.73
2009-04-17,4.02
2009-04-17,3.47
2009-04-17,4.14
2009-04-20,3.95
2009-04-20,3.67
2009-04-20,3.83
2009-04-20,3.54
2009-04-20,3.55
2009-04-21,3.79
2009-04-21,3.64
2009-04-21,3.43
2009-04-21,3.51
2009-04-21,3.91
2009-04-22,3.79
2009-04-22,3.48
2009-04-22,3.53
2009-04-22,3.65
2009-04-22,3.91
2009-04-23,3.46
2009-04-23,3.41
2009-04-23,3.79
2009-04-23,3.52
2009-04-23,3.66
2009-04-24,3.55
2009-04-24,3.3
2009-04-24,3.68
2009-04-24,3.31
2009-04-24,3.4
2009-04-27,3.36
2009-04-27,3.19
2009-04-27,3.25
2009-04-27,3.64
2009-04-27,3.51
2009-04-28,3.58
2009-04-28,3.29
2009-04-28,3.32
2009-04-28,3.71
2009-04-28,3.44
2009-04-29,3.74
2009-04-29,3.67
2009-04-29,3.43
2009-04-29,3.54
2009-04-29,3.4
2009-04-30,3.25
2009-04-30,3.64
2009-04-30,3.72
2009-04-30,3.52
2009-04-30,3.37
2009-05-01,3.3
2009-05-01,3.8
2009-05-01,3.87
2009-05-01,3.68
2009-05-01,3.55
2009-05-04,3.47
2009-05-04,4.05
2009-05-04,3.98
2009-05-04,3.86
2009-05-04,3.73
2009-05-05,3.62
2009-05-05,3.62
2009-05-05,3.95
2009-05-05,3.75
2009-05-05,3.88
2009-05-06,4.01
2009-05-06,4.2
2009-05-06,3.67
2009-05-06,3.89
2009-05-06,4.13
2009-05-07,4.08
2009-05-07,4.2
2009-05-07,3.96
2009-05-07,4.31
2009-05-07,4.38
2009-05-08,4.31
2009-05-08,4.16
2009-05-08,4.59
2009-05-08,4.42
2009-05-08,4.52
2009-05-11,4.52
2009-05-11,4.41
2009-05-11,4.24
2009-05-11,4.3
2009-05-11,4.58
2009-05-12,4.56
2009-05-12,4.45
2009-05-12,4.41
2009-05-12,4.66
2009-05-12,4.73
2009-05-13,4.64
2009-05-13,4.42
2009-05-13,4.56
2009-05-13,4.33
2009-05-13,4.46
2009-05-14,4.29
2009-05-14,4.52
2009-05-14,4.1
2009-05-14,4.61
2009-05-14,4.41
2009-05-15,4.42
2009-05-15,4.22
2009-05-15,4.05
2009-05-15,4.1
2009-05-15,4.33
2009-05-18,4.14
2009-05-18,4.27
2009-05-18,4.47
2009-05-18,4.02
2009-05-18,4.38
2009-05-19,4.03
2009-05-19,3.99
2009-05-19,4.25
2009-05-19,4.16
2009-05-19,3.91
2009-05-20,4.22
2009-05-20,3.75
2009-05-20,3.97
2009-05-20,4.32
2009-05-20,4.1
2009-05-21,3.77
2009-05-21,3.86
2009-05-21,3.95
2009-05-21,3.73
2009-05-21,3.6
2009-05-22,3.52
2009-05-22,3.64
2009-05-22,3.77
2009-05-22,3.87
2009-05-22,3.41
2009-05-26,3.54
2009-05-26,3.87
2009-05-26,3.77
2009-05-26,3.64
2009-05-26,3.35
2009-05-27,3.54
2009-05-27,3.64
2009-05-27,3.49
2009-05-27,3.76
2009-05-27,3.86
2009-05-28,4.08
2009-05-28,3.55
2009-05-28,4.33
2009-05-28,3.96
2009-05-28,4.17
2009-05-29,3.84
2009-05-29,4.06
2009-05-29,4.21
2009-05-29,3.96
2009-05-29,3.92
2009-06-01,4.47
2009-06-01,3.86
2009-06-01,4.63
2009-06-01,4.37
2009-06-01,4.25
2009-06-02,4.12
2009-06-02,4.53
2009-06-02,4.05
2009-06-02,4.37
2009-06-02,4.26
2009-06-03,3.81
2009-06-03,3.77
2009-06-03,4.04
2009-06-03,4.22
2009-06-03,3.92
2009-06-04,3.58
2009-06-04,4.3
2009-06-04,3.97
2009-06-04,4.1
2009-06-04,3.81
2009-06-05,4.04
2009-06-05,4.4
2009-06-05,3.87
2009-06-05,4.19
2009-06-05,3.51
2009-06-08,4.1
2009-06-08,3.53
2009-06-08,3.93
2009-06-08,3.73
2009-06-08,4.33
2009-06-09,4.11
2009-06-09,4.35
2009-06-09,3.53
2009-06-09,3.93
2009-06-09,3.73
2009-06-10,4.31
2009-06-10,3.9
2009-06-10,4.07
2009-06-10,3.56
2009-06-10,3.71
2009-06-11,4.32
2009-06-11,3.93
2009-06-11,4.56
2009-06-11,4.15
2009-06-11,3.51
2009-06-12,4.49
2009-06-12,3.86
2009-06-12,3.54
2009-06-12,4.24
2009-06-12,4.07
2009-06-15,4.18
2009-06-15,4.53
2009-06-15,4.38
2009-06-15,3.8
2009-06-15,4.77
2009-06-16,4.63
2009-06-16,4.09
2009-06-16,4.41
2009-06-16,4.27
2009-06-16,4.16
2009-06-17,4.42
2009-06-17,4.55
2009-06-17,4.25
2009-06-17,3.99
2009-06-17,4.75
2009-06-18,4.41
2009-06-18,4.61
2009-06-18,4.19
2009-06-18,4.28
2009-06-18,4.09
2009-06-19,4.19
2009-06-19,4.32
2009-06-19,4.03
2009-06-19,4.04
2009-06-19,4.51
2009-06-22,4.38
2009-06-22,3.93
2009-06-22,4.19
2009-06-22,4.07
2009-06-22,4.01
2009-06-23,3.88
2009-06-23,4.13
2009-06-23,4.32
2009-06-23,3.91
2009-06-23,4.01
2009-06-24,3.91
2009-06-24,4.26
2009-06-24,3.8
2009-06-24,4.05
2009-06-24,3.76
2009-06-25,3.82
2009-06-25,3.99
2009-06-25,4.33
2009-06-25,3.84
2009-06-25,4.12
2009-06-26,4.24
2009-06-26,4.45
2009-06-26,4.11
2009-06-26,3.81
2009-06-26,3.95
2009-06-29,4.33
2009-06-29,3.88
2009-06-29,3.94
2009-06-29,4.98
2009-06-29,4.1
2009-06-30,3.84
2009-06-30,3.98
2009-06-30,4.2
2009-06-30,3.72
2009-06-30,4.86
2009-07-01,4.18
2009-07-01,3.94
2009-07-01,3.63
2009-07-01,3.8
2009-07-01,4.85
2009-07-02,4
2009-07-02,3.76
2009-07-02,3.62
2009-07-02,3.49
2009-07-02,4.69
2009-07-06,3.24
2009-07-06,3.85
2009-07-06,4.57
2009-07-06,3.62
2009-07-06,3.49
2009-07-07,3.78
2009-07-07,3.3
2009-07-07,3.56
2009-07-07,3.43
2009-07-07,4.48
2009-07-08,3.48
2009-07-08,4.4
2009-07-08,3.22
2009-07-08,3.35
2009-07-08,3.69
2009-07-09,3.41
2009-07-09,3.53
2009-07-09,4.43
2009-07-09,3.36
2009-07-09,3.73
2009-07-10,3.37
2009-07-10,3.71
2009-07-10,3.49
2009-07-10,3.24
2009-07-10,4.39
2009-07-13,3.26
2009-07-13,3.17
2009-07-13,4.29
2009-07-13,3.63
2009-07-13,3.4
2009-07-14,3.79
2009-07-14,3.43
2009-07-14,4.45
2009-07-14,3.29
2009-07-14,3.57
2009-07-15,3.28
2009-07-15,3.37
2009-07-15,3.67
2009-07-15,4.34
2009-07-15,3.43
2009-07-16,3.67
2009-07-16,4.02
2009-07-16,4.67
2009-07-16,3.21
2009-07-16,3.81
2009-07-17,4.03
2009-07-17,3.39
2009-07-17,3.67
2009-07-17,3.82
2009-07-17,4.67
2009-07-20,4.05
2009-07-20,3.49
2009-07-20,3.84
2009-07-20,3.69
2009-07-20,4.69
2009-07-21,4.72
2009-07-21,3.85
2009-07-21,4.06
2009-07-21,3.48
2009-07-21,3.71
2009-07-22,4.8
2009-07-22,4.15
2009-07-22,3.94
2009-07-22,3.79
2009-07-22,3.49
2009-07-23,3.66
2009-07-23,4.61
2009-07-23,3.55
2009-07-23,3.71
2009-07-23,3.94
2009-07-24,4.76
2009-07-24,4.09
2009-07-24,3.86
2009-07-24,3.37
2009-07-24,3.7
2009-07-27,4.01
2009-07-27,3.6
2009-07-27,3.77
2009-07-27,3.46
2009-07-27,4.7
2009-07-28,3.69
2009-07-28,3.49
2009-07-28,4.62
2009-07-28,3.54
2009-07-28,3.92
2009-07-29,3.38
2009-07-29,3.79
2009-07-29,4.49
2009-07-29,3.41
2009-07-29,3.55
2009-07-30,3.74
2009-07-30,5.39
2009-07-30,3.99
2009-07-30,3.34
2009-07-30,4.7
2009-07-31,5.36
2009-07-31,3.91
2009-07-31,3.34
2009-07-31,3.65
2009-07-31,4.66
2009-08-03,5.7
2009-08-03,4.03
2009-08-03,4.29
2009-08-03,5.01
2009-08-03,3.43
2009-08-04,4.28
2009-08-04,5.01
2009-08-04,4
2009-08-04,3.53
2009-08-04,5.69
2009-08-05,4.04
2009-08-05,5.06
2009-08-05,3.61
2009-08-05,4.33
2009-08-05,5.75
2009-08-06,4.01
2009-08-06,4.77
2009-08-06,3.74
2009-08-06,3.78
2009-08-06,5.49
2009-08-07,3.94
2009-08-07,4.72
2009-08-07,5.45
2009-08-07,3.57
2009-08-07,3.67
2009-08-10,4.73
2009-08-10,3.64
2009-08-10,3.55
2009-08-10,3.92
2009-08-10,5.45
2009-08-11,3.54
2009-08-11,3.81
2009-08-11,3.54
2009-08-11,5.4
2009-08-11,4.66
2009-08-12,3.48
2009-08-12,4.64
2009-08-12,3.36
2009-08-12,5.41
2009-08-12,3.77
2009-08-13,5.34
2009-08-13,3.34
2009-08-13,4.56
2009-08-13,3.34
2009-08-13,3.67
2009-08-14,3.24
2009-08-14,5.31
2009-08-14,3.18
2009-08-14,4.52
2009-08-14,3.64
2009-08-17,3.16
2009-08-17,4.41
2009-08-17,3.11
2009-08-17,3.56
2009-08-17,5.19
2009-08-18,5.11
2009-08-18,3.46
2009-08-18,3.1
2009-08-18,4.33
2009-08-18,3.12
2009-08-19,3.12
2009-08-19,5.11
2009-08-19,3.47
2009-08-19,3.03
2009-08-19,4.33
2009-08-20,5.05
2009-08-20,3.03
2009-08-20,3.32
2009-08-20,2.95
2009-08-20,4.24
2009-08-21,2.78
2009-08-21,4.2
2009-08-21,3.23
2009-08-21,2.8
2009-08-21,5.03
2009-08-24,3.34
2009-08-24,5.13
2009-08-24,4.31
2009-08-24,2.92
2009-08-24,2.69
2009-08-25,4.26
2009-08-25,3.29
2009-08-25,5.09
2009-08-25,2.85
2009-08-25,2.88
2009-08-26,5.1
2009-08-26,4.27
2009-08-26,2.76
2009-08-26,3.29
2009-08-26,2.91
2009-08-27,2.84
2009-08-27,5.05
2009-08-27,2.76
2009-08-27,3.21
2009-08-27,4.19
2009-08-28,5.21
2009-08-28,3.03
2009-08-28,4.91
2009-08-28,4.05
2009-08-28,2.52
2009-08-31,2.42
2009-08-31,5.13
2009-08-31,4.83
2009-08-31,4
2009-08-31,2.98
2009-09-01,2.82
2009-09-01,2.36
2009-09-01,5
2009-09-01,4.7
2009-09-01,3.87
2009-09-02,4.69
2009-09-02,4.98
2009-09-02,3.87
2009-09-02,2.25
2009-09-02,2.72
2009-09-03,3.66
2009-09-03,4.82
2009-09-03,2.51
2009-09-03,2.06
2009-09-03,4.51
2009-09-04,4.5
2009-09-04,2.73
2009-09-04,4.8
2009-09-04,3.74
2009-09-04,1.83
2009-09-08,3.86
2009-09-08,4.9
2009-09-08,4.59
2009-09-08,2.81
2009-09-08,2.43
2009-09-09,4.61
2009-09-09,4.91
2009-09-09,3.87
2009-09-09,2.83
2009-09-09,2.72
2009-09-10,4.25
2009-09-10,5.24
2009-09-10,4.96
2009-09-10,3.26
2009-09-10,2.68
2009-09-11,4.01
2009-09-11,2.94
2009-09-11,4.77
2009-09-11,5.06
2009-09-11,2.96
2009-09-14,5.27
2009-09-14,3.3
2009-09-14,4.99
2009-09-14,4.32
2009-09-14,2.84
2009-09-15,3.32
2009-09-15,4.96
2009-09-15,3.21
2009-09-15,5.22
2009-09-15,4.3
2009-09-16,4.72
2009-09-16,3.28
2009-09-16,5.56
2009-09-16,5.32
2009-09-16,3.76
2009-09-17,3.46
2009-09-17,3.5
2009-09-17,4.46
2009-09-17,5.36
2009-09-17,5.12
2009-09-18,4.66
2009-09-18,3.78
2009-09-18,5.57
2009-09-18,5.32
2009-09-18,3.21
2009-09-21,3.58
2009-09-21,4.42
2009-09-21,3.35
2009-09-21,5.11
2009-09-21,5.38
2009-09-22,5.22
2009-09-22,3.61
2009-09-22,4.52
2009-09-22,3.37
2009-09-22,5.49
2009-09-23,3.86
2009-09-23,5.71
2009-09-23,4.75
2009-09-23,3.43
2009-09-23,5.45
2009-09-24,5.59
2009-09-24,3.96
2009-09-24,4.9
2009-09-24,3.56
2009-09-24,5.85
2009-09-25,4.95
2009-09-25,3.99
2009-09-25,5.92
2009-09-25,3.61
2009-09-25,5.67
2009-09-28,3.73
2009-09-28,3.54
2009-09-28,5.86
2009-09-28,5.59
2009-09-28,4.83
2009-09-29,5.98
2009-09-29,3.3
2009-09-29,5.67
2009-09-29,5.95
2009-09-29,4.88
2009-09-30,4.84
2009-09-30,3.25
2009-09-30,5.97
2009-09-30,5.67
2009-09-30,5.99
2009-10-01,4.47
2009-10-01,5.64
2009-10-01,5.33
2009-10-01,2.91
2009-10-01,5.7
2009-10-02,5.82
2009-10-02,2.32
2009-10-02,5.87
2009-10-02,4.72
2009-10-02,5.52
2009-10-05,5.72
2009-10-05,6.04
2009-10-05,4.99
2009-10-05,6
2009-10-05,2.89
2009-10-06,5.96
2009-10-06,4.88
2009-10-06,3.23
2009-10-06,5.91
2009-10-06,5.63
2009-10-07,5.68
2009-10-07,6.03
2009-10-07,5.98
2009-10-07,3.7
2009-10-07,4.9
2009-10-08,6.05
2009-10-08,4.24
2009-10-08,5.74
2009-10-08,6.1
2009-10-08,4.96
2009-10-09,5.91
2009-10-09,5.59
2009-10-09,3.92
2009-10-09,4.77
2009-10-09,5.96
2009-10-12,3.96
2009-10-12,6.12
2009-10-12,4.88
2009-10-12,6.07
2009-10-12,5.74
2009-10-13,5.82
2009-10-13,5.48
2009-10-13,4.03
2009-10-13,5.88
2009-10-13,4.59
2009-10-14,5.68
2009-10-14,5.74
2009-10-14,3.82
2009-10-14,5.36
2009-10-14,4.44
2009-10-15,4.48
2009-10-15,5.41
2009-10-15,5.73
2009-10-15,5.79
2009-10-15,3.88
2009-10-16,6.02
2009-10-16,4.78
2009-10-16,5.71
2009-10-16,6.07
2009-10-16,3.94
2009-10-19,5.76
2009-10-19,4.22
2009-10-19,4.84
2009-10-19,6.07
2009-10-19,6.13
2009-10-20,5.94
2009-10-20,4.6
2009-10-20,5.16
2009-10-20,6.27
2009-10-20,6.22
2009-10-21,6.08
2009-10-21,6.14
2009-10-21,5.79
2009-10-21,5.1
2009-10-21,4.8
2009-10-22,4.98
2009-10-22,5.98
2009-10-22,4.95
2009-10-22,5.92
2009-10-22,5.62
2009-10-23,5.87
2009-10-23,5.81
2009-10-23,4.88
2009-10-23,4.79
2009-10-23,5.48
2009-10-26,5.21
2009-10-26,4.52
2009-10-26,5.55
2009-10-26,5.61
2009-10-26,4.51
2009-10-27,5.28
2009-10-27,5.63
2009-10-27,4.56
2009-10-27,4.52
2009-10-27,5.68
2009-10-28,5.07
2009-10-28,5.48
2009-10-28,5.42
2009-10-28,4.59
2009-10-28,4.29
2009-10-29,5.43
2009-10-29,4.11
2009-10-29,5.48
2009-10-29,5.46
2009-10-29,5.06
2009-10-30,5.43
2009-10-30,5.44
2009-10-30,5.05
2009-10-30,5.39
2009-10-30,4.11
2009-11-02,4.32
2009-11-02,5.21
2009-11-02,5.22
2009-11-02,5.16
2009-11-02,4.82
2009-11-03,4.92
2009-11-03,5.3
2009-11-03,4.33
2009-11-03,5.25
2009-11-03,5.28
2009-11-04,5.07
2009-11-04,5.13
2009-11-04,4.73
2009-11-04,5.13
2009-11-04,4.49
2009-11-05,5.18
2009-11-05,5.12
2009-11-05,4.3
2009-11-05,4.78
2009-11-05,5.18
2009-11-06,4.96
2009-11-06,4.6
2009-11-06,3.95
2009-11-06,5.04
2009-11-06,5.02
2009-11-09,5.1
2009-11-09,4.67
2009-11-09,5.03
2009-11-09,5.12
2009-11-09,3.78
2009-11-10,4.95
2009-11-10,4.86
2009-11-10,4.94
2009-11-10,3.76
2009-11-10,4.47
2009-11-11,4.97
2009-11-11,4.99
2009-11-11,4.9
2009-11-11,4.5
2009-11-11,3.59
2009-11-12,4.37
2009-11-12,3.24
2009-11-12,4.84
2009-11-12,4.76
2009-11-12,4.87
2009-11-13,4.88
2009-11-13,2.51
2009-11-13,4.39
2009-11-13,4.8
2009-11-13,4.9
2009-11-16,5.08
2009-11-16,4.61
2009-11-16,2.65
2009-11-16,5.07
2009-11-16,4.99
2009-11-17,4.53
2009-11-17,3.47
2009-11-17,5.02
2009-11-17,4.91
2009-11-17,4.99
2009-11-18,4.66
2009-11-18,3.74
2009-11-18,4.25
2009-11-18,4.8
2009-11-18,4.75
2009-11-19,4.81
2009-11-19,4.85
2009-11-19,4.34
2009-11-19,4.72
2009-11-19,3.57
2009-11-20,3.09
2009-11-20,4.42
2009-11-20,4.85
2009-11-20,4.76
2009-11-20,4.89
2009-11-23,4.79
2009-11-23,4.89
2009-11-23,3.79
2009-11-23,4.47
2009-11-23,4.93
2009-11-24,4.86
2009-11-24,4.49
2009-11-24,4.9
2009-11-24,4.77
2009-11-24,3.63
2009-11-25,5.29
2009-11-25,3.32
2009-11-25,5.16
2009-11-25,5.27
2009-11-25,5.24
2009-11-27,5.26
2009-11-27,5.31
2009-11-27,3.32
2009-11-27,5.29
2009-11-27,5.19
2009-11-30,4.41
2009-11-30,4.85
2009-11-30,4.94
2009-11-30,4.99
2009-11-30,5.03
2009-12-01,4.85
2009-12-01,4.3
2009-12-01,4.89
2009-12-01,4.76
2009-12-01,4.93
2009-12-02,4.67
2009-12-02,4.62
2009-12-02,4.53
2009-12-02,4.72
2009-12-02,4.67
2009-12-03,4.46
2009-12-03,4.57
2009-12-03,4.55
2009-12-03,4.59
2009-12-03,4.63
2009-12-04,4.67
2009-12-04,4.59
2009-12-04,4.76
2009-12-04,4.53
2009-12-04,4.71
2009-12-07,5.13
2009-12-07,5.1
2009-12-07,5.06
2009-12-07,4.78
2009-12-07,4.97
2009-12-08,5.17
2009-12-08,5.11
2009-12-08,5.2
2009-12-08,5.1
2009-12-08,5.23
2009-12-09,4.9
2009-12-09,5.04
2009-12-09,5.01
2009-12-09,4.97
2009-12-09,5.27
2009-12-10,5.38
2009-12-10,5.3
2009-12-10,5.02
2009-12-10,5.35
2009-12-10,5.4
2009-12-11,5.21
2009-12-11,5.16
2009-12-11,5.3
2009-12-11,5.23
2009-12-11,5.27
2009-12-14,5.4
2009-12-14,5.41
2009-12-14,5.44
2009-12-14,5.33
2009-12-14,5.45
2009-12-15,5.58
2009-12-15,5.58
2009-12-15,5.53
2009-12-15,5.58
2009-12-15,5.52
2009-12-16,5.51
2009-12-16,5.46
2009-12-16,5.5
2009-12-16,5.57
2009-12-16,5.5
2009-12-17,5.77
2009-12-17,5.8
2009-12-17,5.76
2009-12-17,5.79
2009-12-17,5.65
2009-12-18,5.83
2009-12-18,5.78
2009-12-18,5.81
2009-12-18,5.78
2009-12-18,5.87
2009-12-21,5.67
2009-12-21,5.79
2009-12-21,5.67
2009-12-21,5.69
2009-12-21,5.71
2009-12-22,5.7
2009-12-22,5.72
2009-12-22,5.73
2009-12-22,5.56
2009-12-22,5.77
2009-12-23,5.82
2009-12-23,5.55
2009-12-23,5.88
2009-12-23,5.81
2009-12-23,5.85
2009-12-24,5.69
2009-12-24,5.75
2009-12-24,5.7
2009-12-24,5.64
2009-12-24,5.67
2009-12-28,5.92
2009-12-28,5.91
2009-12-28,5.97
2009-12-28,6
2009-12-28,5.99
2009-12-29,5.81
2009-12-29,5.78
2009-12-29,6.01
2009-12-29,5.81
2009-12-29,5.84
2009-12-30,5.71
2009-12-30,5.69
2009-12-30,5.65
2009-12-30,5.78
2009-12-30,5.68
2009-12-31,5.53
2009-12-31,5.82
2009-12-31,5.55
2009-12-31,5.57
2009-12-31,5.51
2010-01-04,6.09
2010-01-04,5.88
2010-01-04,5.84
2010-01-04,5.8
2010-01-04,5.84
2010-01-05,6.19
2010-01-05,5.61
2010-01-05,5.64
2010-01-05,5.59
2010-01-05,5.56
2010-01-06,5.94
2010-01-06,6.47
2010-01-06,5.89
2010-01-06,6.01
2010-01-06,5.86
2010-01-07,5.7
2010-01-07,5.81
2010-01-07,5.74
2010-01-07,7.51
2010-01-07,5.76
2010-01-08,5.75
2010-01-08,6.56
2010-01-08,5.66
2010-01-08,5.71
2010-01-08,5.71
2010-01-11,5.43
2010-01-11,5.45
2010-01-11,5.41
2010-01-11,5.77
2010-01-11,5.46
2010-01-12,5.57
2010-01-12,5.55
2010-01-12,5.59
2010-01-12,5.57
2010-01-12,5.52
2010-01-13,5.71
2010-01-13,5.73
2010-01-13,5.61
2010-01-13,5.67
2010-01-13,5.7
2010-01-14,5.59
2010-01-14,5.57
2010-01-14,5.77
2010-01-14,5.54
2010-01-14,5.59
2010-01-15,5.67
2010-01-15,5.69
2010-01-15,5.66
2010-01-15,5.64
2010-01-15,5.69
2010-01-19,5.56
2010-01-19,5.54
2010-01-19,5.55
2010-01-19,5.51
2010-01-19,5.5
2010-01-20,5.5
2010-01-20,5.49
2010-01-20,5.47
2010-01-20,5.44
2010-01-20,5.54
2010-01-21,5.58
2010-01-21,5.62
2010-01-21,5.52
2010-01-21,5.57
2010-01-21,5.53
2010-01-22,5.67
2010-01-22,5.72
2010-01-22,5.69
2010-01-22,5.75
2010-01-22,5.82
2010-01-25,5.65
2010-01-25,5.62
2010-01-25,5.76
2010-01-25,5.72
2010-01-25,5.66
2010-01-26,5.41
2010-01-26,5.61
2010-01-26,5.49
2010-01-26,5.43
2010-01-26,5.46
2010-01-27,5.27
2010-01-27,5.26
2010-01-27,5.22
2010-01-27,5.21
2010-01-27,5.42
2010-01-28,5.14
2010-01-28,5.18
2010-01-28,5.25
2010-01-28,5.13
2010-01-28,5.32
2010-01-29,5.24
2010-01-29,5.17
2010-01-29,5.13
2010-01-29,5.26
2010-01-29,5.12
2010-02-01,5.3
2010-02-01,5.52
2010-02-01,5.45
2010-02-01,5.41
2010-02-01,5.43
2010-02-02,5.55
2010-02-02,5.47
2010-02-02,5.43
2010-02-02,5.48
2010-02-02,5.45
2010-02-03,5.51
2010-02-03,5.42
2010-02-03,5.51
2010-02-03,5.44
2010-02-03,5.39
2010-02-04,5.5
2010-02-04,5.43
2010-02-04,5.38
2010-02-04,5.47
2010-02-04,5.42
2010-02-05,5.54
2010-02-05,5.6
2010-02-05,5.48
2010-02-05,5.52
2010-02-05,5.61
2010-02-08,5.4
2010-02-08,5.73
2010-02-08,5.5
2010-02-08,5.37
2010-02-08,5.43
2010-02-09,5.27
2010-02-09,5.33
2010-02-09,5.41
2010-02-09,5.54
2010-02-09,5.29
2010-02-10,5.29
2010-02-10,5.34
2010-02-10,5.42
2010-02-10,5.48
2010-02-10,5.28
2010-02-11,5.38
2010-02-11,5.52
2010-02-11,5.4
2010-02-11,5.53
2010-02-11,5.44
2010-02-12,5.56
2010-02-12,5.47
2010-02-12,5.45
2010-02-12,5.48
2010-02-12,5.5
2010-02-16,5.31
2010-02-16,5.43
2010-02-16,5.3
2010-02-16,5.65
2010-02-16,5.36
2010-02-17,5.36
2010-02-17,5.42
2010-02-17,5.39
2010-02-17,5.47
2010-02-17,5.48
2010-02-18,5.16
2010-02-18,5.4
2010-02-18,5.17
2010-02-18,5.3
2010-02-18,5.23
2010-02-19,5.19
2010-02-19,5.06
2010-02-19,5.1
2010-02-19,5.04
2010-02-19,5.12
2010-02-22,4.9
2010-02-22,4.92
2010-02-22,5.05
2010-02-22,4.98
2010-02-22,4.91
2010-02-23,4.91
2010-02-23,4.88
2010-02-23,4.95
2010-02-23,4.81
2010-02-23,4.78
2010-02-24,4.86
2010-02-24,5.01
2010-02-24,4.93
2010-02-24,4.91
2010-02-24,4.82
2010-02-25,4.83
2010-02-25,4.99
2010-02-25,4.84
2010-02-25,4.77
2010-02-25,4.91
2010-02-26,5.04
2010-02-26,4.76
2010-02-26,4.88
2010-02-26,4.96
2010-02-26,4.81
2010-03-01,4.91
2010-03-01,4.83
2010-03-01,4.83
2010-03-01,4.68
2010-03-01,4.75
2010-03-02,4.71
2010-03-02,4.78
2010-03-02,4.85
2010-03-02,4.93
2010-03-02,4.78
2010-03-03,4.76
2010-03-03,4.98
2010-03-03,4.89
2010-03-03,4.82
2010-03-03,4.76
2010-03-04,4.64
2010-03-04,4.81
2010-03-04,4.78
2010-03-04,4.72
2010-03-04,4.58
2010-03-05,4.56
2010-03-05,4.73
2010-03-05,4.66
2010-03-05,4.82
2010-03-05,4.59
2010-03-08,4.53
2010-03-08,4.59
2010-03-08,4.75
2010-03-08,4.47
2010-03-08,4.66
2010-03-09,4.58
2010-03-09,4.52
2010-03-09,4.74
2010-03-09,4.51
2010-03-09,4.64
2010-03-10,4.62
2010-03-10,4.79
2010-03-10,4.44
2010-03-10,4.56
2010-03-10,4.7
2010-03-11,4.51
2010-03-11,4.47
2010-03-11,4.67
2010-03-11,4.58
2010-03-11,4.44
2010-03-12,4.63
2010-03-12,4.47
2010-03-12,4.4
2010-03-12,4.35
2010-03-12,4.54
2010-03-15,4.29
2010-03-15,4.39
2010-03-15,4.64
2010-03-15,4.47
2010-03-15,4.54
2010-03-16,4.35
2010-03-16,4.49
2010-03-16,4.38
2010-03-16,4.59
2010-03-16,4.42
2010-03-17,4.44
2010-03-17,4.37
2010-03-17,4.53
2010-03-17,4.3
2010-03-17,4.27
2010-03-18,4.09
2010-03-18,4.23
2010-03-18,4.32
2010-03-18,4.15
2010-03-18,4.19
2010-03-19,4.3
2010-03-19,4.39
2010-03-19,4.23
2010-03-19,4.17
2010-03-19,4.01
2010-03-22,4.21
2010-03-22,4.3
2010-03-22,4.02
2010-03-22,4.15
2010-03-22,4.08
2010-03-23,4.13
2010-03-23,4.26
2010-03-23,4.08
2010-03-23,4.35
2010-03-23,4.19
2010-03-24,4.02
2010-03-24,4.15
2010-03-24,4.22
2010-03-24,4.31
2010-03-24,4.11
2010-03-25,4.03
2010-03-25,3.98
2010-03-25,4.1
2010-03-25,4.2
2010-03-25,4.01
2010-03-26,4.1
2010-03-26,3.93
2010-03-26,3.92
2010-03-26,3.87
2010-03-26,4.01
2010-03-29,3.84
2010-03-29,4.1
2010-03-29,4
2010-03-29,3.83
2010-03-29,4.17
2010-03-30,3.97
2010-03-30,4.06
2010-03-30,3.79
2010-03-30,4.24
2010-03-30,4.17
2010-03-31,4.16
2010-03-31,3.93
2010-03-31,4.08
2010-03-31,3.97
2010-03-31,3.87
2010-04-01,4.09
2010-04-01,4.29
2010-04-01,4.37
2010-04-01,3.72
2010-04-01,4.18
2010-04-05,4.49
2010-04-05,3.93
2010-04-05,4.58
2010-04-05,4.37
2010-04-05,4.28
2010-04-06,4.15
2010-04-06,4.16
2010-04-06,4.31
2010-04-06,4.5
2010-04-06,4.23
2010-04-07,4.08
2010-04-07,4.02
2010-04-07,4.23
2010-04-07,4.33
2010-04-07,4.11
2010-04-08,4.01
2010-04-08,3.91
2010-04-08,3.92
2010-04-08,4.14
2010-04-08,4.23
2010-04-09,4.41
2010-04-09,3.9
2010-04-09,4.31
2010-04-09,4.17
2010-04-09,4.07
2010-04-12,4.04
2010-04-12,4.11
2010-04-12,4.01
2010-04-12,4.25
2010-04-12,4.35
2010-04-13,4.38
2010-04-13,3.97
2010-04-13,4.16
2010-04-13,4.47
2010-04-13,4.25
2010-04-14,4.5
2010-04-14,4.42
2010-04-14,4.2
2010-04-14,4.15
2010-04-14,4.3
2010-04-15,4.07
2010-04-15,4.19
2010-04-15,4.16
2010-04-15,4.27
2010-04-15,3.99
2010-04-16,4.04
2010-04-16,4.24
2010-04-16,4.13
2010-04-16,4.33
2010-04-16,3.97
2010-04-19,4.24
2010-04-19,4.03
2010-04-19,3.94
2010-04-19,4.02
2010-04-19,4.15
2010-04-20,4.19
2010-04-20,4.28
2010-04-20,3.93
2010-04-20,3.98
2010-04-20,4.06
2010-04-21,4.27
2010-04-21,4.17
2010-04-21,4.04
2010-04-21,3.96
2010-04-21,3.96
2010-04-22,4.43
2010-04-22,3.95
2010-04-22,4.22
2010-04-22,4.13
2010-04-22,4.33
2010-04-23,4.26
2010-04-23,4.07
2010-04-23,4.54
2010-04-23,4.34
2010-04-23,4.45
2010-04-26,4.23
2010-04-26,4.56
2010-04-26,4.47
2010-04-26,4.35
2010-04-26,4.26
2010-04-27,4.22
2010-04-27,4.53
2010-04-27,4.32
2010-04-27,4.18
2010-04-27,4.44
2010-04-28,4.27
2010-04-28,4.57
2010-04-28,4.47
2010-04-28,4.35
2010-04-28,4.19
2010-04-29,4.11
2010-04-29,3.98
2010-04-29,4.24
2010-04-29,4.28
2010-04-29,4.22
2010-04-30,4.05
2010-04-30,4.15
2010-04-30,4.22
2010-04-30,3.92
2010-04-30,3.94
2010-05-03,4.23
2010-05-03,4.3
2010-05-03,4.13
2010-05-03,4
2010-05-03,3.86
2010-05-04,3.96
2010-05-04,4.13
2010-05-04,4.01
2010-05-04,4.24
2010-05-04,4.31
2010-05-05,4.28
2010-05-05,4.21
2010-05-05,4.11
2010-05-05,3.99
2010-05-05,4
2010-05-06,3.97
2010-05-06,3.93
2010-05-06,4.04
2010-05-06,4.14
2010-05-06,4.22
2010-05-07,4.22
2010-05-07,3.91
2010-05-07,4.02
2010-05-07,4.3
2010-05-07,4.12
2010-05-10,4.17
2010-05-10,4.08
2010-05-10,4.43
2010-05-10,4.27
2010-05-10,4.36
2010-05-11,4.23
2010-05-11,4.38
2010-05-11,4.15
2010-05-11,4.13
2010-05-11,4.31
2010-05-12,4.18
2010-05-12,4.52
2010-05-12,4.46
2010-05-12,4.28
2010-05-12,4.39
2010-05-13,4.44
2010-05-13,4.51
2010-05-13,4.56
2010-05-13,4.34
2010-05-13,4.26
2010-05-14,4.41
2010-05-14,4.31
2010-05-14,4.53
2010-05-14,4.27
2010-05-14,4.48
2010-05-17,4.4
2010-05-17,4.34
2010-05-17,4.61
2010-05-17,4.56
2010-05-17,4.49
2010-05-18,4.56
2010-05-18,4.51
2010-05-18,4.42
2010-05-18,4.44
2010-05-18,4.34
2010-05-19,4.25
2010-05-19,4.38
2010-05-19,4.16
2010-05-19,4.28
2010-05-19,4.32
2010-05-20,4.26
2010-05-20,4.32
2010-05-20,4.19
2010-05-20,4.12
2010-05-20,4.11
2010-05-21,4.11
2010-05-21,4.04
2010-05-21,4.18
2010-05-21,4.24
2010-05-21,4.12
2010-05-24,4.02
2010-05-24,4.08
2010-05-24,4.21
2010-05-24,4.15
2010-05-24,4.08
2010-05-25,4.19
2010-05-25,4.05
2010-05-25,4.08
2010-05-25,4.24
2010-05-25,4.11
2010-05-26,4.25
2010-05-26,4.19
2010-05-26,4.16
2010-05-26,4.18
2010-05-26,4.31
2010-05-27,4.42
2010-05-27,4.22
2010-05-27,4.53
2010-05-27,4.37
2010-05-27,4.29
2010-05-28,4.46
2010-05-28,4.31
2010-05-28,4.41
2010-05-28,4.34
2010-05-28,4.57
2010-06-01,4.37
2010-06-01,4.39
2010-06-01,4.25
2010-06-01,4.48
2010-06-01,4.32
2010-06-02,4.63
2010-06-02,4.53
2010-06-02,4.42
2010-06-02,4.48
2010-06-02,4.32
2010-06-03,4.84
2010-06-03,4.77
2010-06-03,4.69
2010-06-03,4.46
2010-06-03,4.74
2010-06-04,4.86
2010-06-04,4.84
2010-06-04,4.8
2010-06-04,4.6
2010-06-04,4.94
2010-06-07,4.97
2010-06-07,4.92
2010-06-07,4.67
2010-06-07,5.08
2010-06-07,5.01
2010-06-08,4.87
2010-06-08,4.89
2010-06-08,5
2010-06-08,4.92
2010-06-08,4.81
2010-06-09,4.74
2010-06-09,4.88
2010-06-09,4.68
2010-06-09,4.75
2010-06-09,4.79
2010-06-10,4.65
2010-06-10,4.71
2010-06-10,4.76
2010-06-10,4.84
2010-06-10,4.68
2010-06-11,4.83
2010-06-11,4.78
2010-06-11,4.68
2010-06-11,4.96
2010-06-11,4.88
2010-06-14,5.17
2010-06-14,5.06
2010-06-14,5.1
2010-06-14,4.94
2010-06-14,5.01
2010-06-15,5.19
2010-06-15,5.27
2010-06-15,5.34
2010-06-15,5.24
2010-06-15,5.11
2010-06-16,5.13
2010-06-16,5.14
2010-06-16,5.07
2010-06-16,5.03
2010-06-16,4.98
2010-06-17,5.3
2010-06-17,5.24
2010-06-17,5.16
2010-06-17,5.21
2010-06-17,5.14
2010-06-18,5.05
2010-06-18,5.17
2010-06-18,5
2010-06-18,5.14
2010-06-18,5.08
2010-06-21,4.87
2010-06-21,4.91
2010-06-21,5.15
2010-06-21,4.94
2010-06-21,5.01
2010-06-22,4.79
2010-06-22,4.76
2010-06-22,4.91
2010-06-22,4.87
2010-06-22,4.84
2010-06-23,4.9
2010-06-23,4.85
2010-06-23,4.9
2010-06-23,4.97
2010-06-23,4.8
2010-06-24,4.88
2010-06-24,4.83
2010-06-24,4.79
2010-06-24,4.91
2010-06-24,4.75
2010-06-25,5.01
2010-06-25,4.86
2010-06-25,4.84
2010-06-25,4.94
2010-06-25,4.91
2010-06-28,4.85
2010-06-28,4.72
2010-06-28,4.77
2010-06-28,4.85
2010-06-28,4.73
2010-06-29,4.67
2010-06-29,4.55
2010-06-29,4.68
2010-06-29,4.94
2010-06-29,4.59
2010-06-30,4.62
2010-06-30,4.73
2010-06-30,4.98
2010-06-30,4.53
2010-06-30,4.65
2010-07-01,4.54
2010-07-01,4.88
2010-07-01,4.94
2010-07-01,4.85
2010-07-01,5.16
2010-07-02,4.69
2010-07-02,4.8
2010-07-02,4.72
2010-07-02,4.72
2010-07-02,5.04
2010-07-06,5.04
2010-07-06,4.77
2010-07-06,4.85
2010-07-06,4.7
2010-07-06,4.68
2010-07-07,4.76
2010-07-07,4.59
2010-07-07,4.67
2010-07-07,4.57
2010-07-07,4.98
2010-07-08,4.61
2010-07-08,4.4
2010-07-08,4.51
2010-07-08,4.42
2010-07-08,4.84
2010-07-09,4.84
2010-07-09,4.36
2010-07-09,4.4
2010-07-09,4.42
2010-07-09,4.5
2010-07-12,4.39
2010-07-12,4.4
2010-07-12,4.82
2010-07-12,4.48
2010-07-12,4.42
2010-07-13,4.43
2010-07-13,4.36
2010-07-13,4.35
2010-07-13,4.46
2010-07-13,4.73
2010-07-14,4.39
2010-07-14,4.32
2010-07-14,4.68
2010-07-14,4.39
2010-07-14,4.31
2010-07-15,4.89
2010-07-15,4.59
2010-07-15,4.59
2010-07-15,4.43
2010-07-15,4.65
2010-07-16,4.58
2010-07-16,4.68
2010-07-16,4.83
2010-07-16,4.52
2010-07-16,4.52
2010-07-19,4.56
2010-07-19,4.51
2010-07-19,4.51
2010-07-19,4.8
2010-07-19,4.56
2010-07-20,4.59
2010-07-20,4.85
2010-07-20,4.59
2010-07-20,4.58
2010-07-20,4.62
2010-07-21,4.5
2010-07-21,4.55
2010-07-21,4.7
2010-07-21,4.51
2010-07-21,4.8
2010-07-22,4.67
2010-07-22,4.64
2010-07-22,4.63
2010-07-22,4.91
2010-07-22,4.67
2010-07-23,4.69
2010-07-23,4.58
2010-07-23,4.84
2010-07-23,4.56
2010-07-23,4.6
2010-07-26,4.65
2010-07-26,4.58
2010-07-26,4.85
2010-07-26,4.61
2010-07-26,4.62
2010-07-27,4.65
2010-07-27,4.68
2010-07-27,4.68
2010-07-27,4.72
2010-07-27,4.9
2010-07-28,4.77
2010-07-28,4.74
2010-07-28,4.72
2010-07-28,4.92
2010-07-28,4.75
2010-07-29,5.01
2010-07-29,4.85
2010-07-29,4.83
2010-07-29,4.8
2010-07-29,5.21
2010-07-30,5.26
2010-07-30,5.07
2010-07-30,4.93
2010-07-30,4.81
2010-07-30,4.92
2010-08-02,5.15
2010-08-02,4.7
2010-08-02,4.94
2010-08-02,4.72
2010-08-02,4.91
2010-08-03,4.64
2010-08-03,5.11
2010-08-03,4.78
2010-08-03,4.85
2010-08-03,4.67
2010-08-04,5.15
2010-08-04,4.77
2010-08-04,4.74
2010-08-04,4.91
2010-08-04,4.76
2010-08-05,4.8
2010-08-05,4.84
2010-08-05,4.62
2010-08-05,5.05
2010-08-05,4.6
2010-08-06,4.47
2010-08-06,4.67
2010-08-06,5
2010-08-06,4.73
2010-08-06,4.49
2010-08-09,4.6
2010-08-09,4.33
2010-08-09,4.52
2010-08-09,4.89
2010-08-09,4.31
2010-08-10,4.3
2010-08-10,4.56
2010-08-10,4.82
2010-08-10,4.3
2010-08-10,4.43
2010-08-11,4.33
2010-08-11,4.55
2010-08-11,4.38
2010-08-11,4.33
2010-08-11,4.78
2010-08-12,4.57
2010-08-12,4.3
2010-08-12,4.85
2010-08-12,4.32
2010-08-12,4.42
2010-08-13,4.59
2010-08-13,4.33
2010-08-13,4.35
2010-08-13,4.87
2010-08-13,4.35
2010-08-16,4.23
2010-08-16,4.37
2010-08-16,4.73
2010-08-16,4.25
2010-08-16,4.46
2010-08-17,4.28
2010-08-17,4.73
2010-08-17,4.27
2010-08-17,4.47
2010-08-17,4.28
2010-08-18,4.35
2010-08-18,4.24
2010-08-18,4.73
2010-08-18,4.47
2010-08-18,4.27
2010-08-19,4.17
2010-08-19,4.66
2010-08-19,4.21
2010-08-19,4.29
2010-08-19,4.4
2010-08-20,4.61
2010-08-20,4.19
2010-08-20,4.34
2010-08-20,4.12
2010-08-20,4.14
2010-08-23,4.28
2010-08-23,4.12
2010-08-23,4.07
2010-08-23,4.08
2010-08-23,4.54
2010-08-24,4.25
2010-08-24,4.07
2010-08-24,4.06
2010-08-24,4.04
2010-08-24,4.49
2010-08-25,3.87
2010-08-25,4.41
2010-08-25,3.9
2010-08-25,4.13
2010-08-25,3.99
2010-08-26,4.09
2010-08-26,3.82
2010-08-26,3.84
2010-08-26,3.85
2010-08-26,4.4
2010-08-27,4
2010-08-27,3.65
2010-08-27,4.33
2010-08-27,3.75
2010-08-27,3.71
2010-08-30,3.81
2010-08-30,4.45
2010-08-30,4.61
2010-08-30,3.77
2010-08-30,4.12
2010-08-31,4.49
2010-08-31,3.8
2010-08-31,3.82
2010-08-31,4.65
2010-08-31,4.15
2010-09-01,4.58
2010-09-01,4.42
2010-09-01,3.73
2010-09-01,4.06
2010-09-01,3.76
2010-09-02,4.03
2010-09-02,3.74
2010-09-02,4.36
2010-09-02,3.75
2010-09-02,4.54
2010-09-03,4.17
2010-09-03,4.65
2010-09-03,3.94
2010-09-03,3.74
2010-09-03,4.47
2010-09-07,4.57
2010-09-07,3.85
2010-09-07,3.82
2010-09-07,4.39
2010-09-07,4.1
2010-09-08,3.81
2010-09-08,3.81
2010-09-08,4.53
2010-09-08,4.35
2010-09-08,4.07
2010-09-09,4.03
2010-09-09,4.52
2010-09-09,3.77
2010-09-09,3.79
2010-09-09,4.33
2010-09-10,4.13
2010-09-10,4.43
2010-09-10,4.61
2010-09-10,3.79
2010-09-10,3.88
2010-09-13,3.94
2010-09-13,4.64
2010-09-13,3.83
2010-09-13,4.46
2010-09-13,4.17
2010-09-14,3.98
2010-09-14,4.6
2010-09-14,3.97
2010-09-14,4.17
2010-09-14,4.42
2010-09-15,4
2010-09-15,4.59
2010-09-15,4.42
2010-09-15,4.06
2010-09-15,4.19
2010-09-16,4.61
2010-09-16,4.45
2010-09-16,4.24
2010-09-16,4.06
2010-09-16,4.09
2010-09-17,4.02
2010-09-17,4.57
2010-09-17,4.2
2010-09-17,4.11
2010-09-17,4.42
2010-09-20,4.42
2010-09-20,4.01
2010-09-20,4.24
2010-09-20,4.01
2010-09-20,3.82
2010-09-21,4.07
2010-09-21,3.92
2010-09-21,3.95
2010-09-21,4.29
2010-09-21,4.46
2010-09-22,4.1
2010-09-22,4.49
2010-09-22,4.02
2010-09-22,4.32
2010-09-22,3.97
2010-09-23,4.16
2010-09-23,4.08
2010-09-23,4.37
2010-09-23,4.54
2010-09-23,4.02
2010-09-24,4.44
2010-09-24,4.26
2010-09-24,4.01
2010-09-24,3.97
2010-09-24,3.88
2010-09-27,3.8
2010-09-27,4.14
2010-09-27,3.8
2010-09-27,4.31
2010-09-27,3.92
2010-09-28,4.17
2010-09-28,4.34
2010-09-28,3.84
2010-09-28,3.8
2010-09-28,3.95
2010-09-29,3.81
2010-09-29,4.35
2010-09-29,3.96
2010-09-29,4.18
2010-09-29,4.34
2010-09-30,4.12
2010-09-30,4.29
2010-09-30,3.87
2010-09-30,3.85
2010-09-30,4.31
2010-10-01,4.26
2010-10-01,4.28
2010-10-01,4.08
2010-10-01,3.8
2010-10-01,3.67
2010-10-04,4.05
2010-10-04,3.56
2010-10-04,3.73
2010-10-04,4.25
2010-10-04,4.28
2010-10-05,4.07
2010-10-05,4.27
2010-10-05,3.74
2010-10-05,3.51
2010-10-05,4.31
2010-10-06,4.19
2010-10-06,4.4
2010-10-06,3.87
2010-10-06,3.56
2010-10-06,4.37
2010-10-07,3.62
2010-10-07,4.26
2010-10-07,4.23
2010-10-07,3.99
2010-10-07,3.62
2010-10-08,4.05
2010-10-08,4.33
2010-10-08,3.36
2010-10-08,4.29
2010-10-08,3.65
2010-10-11,4.29
2010-10-11,4.33
2010-10-11,4.01
2010-10-11,3.6
2010-10-11,3.43
2010-10-12,4.26
2010-10-12,4.3
2010-10-12,3.99
2010-10-12,3.4
2010-10-12,3.63
2010-10-13,4.32
2010-10-13,3.7
2010-10-13,4.04
2010-10-13,4.28
2010-10-13,3.58
2010-10-14,3.58
2010-10-14,4.02
2010-10-14,4.28
2010-10-14,4.24
2010-10-14,3.66
2010-10-15,3.47
2010-10-15,3.54
2010-10-15,4.2
2010-10-15,3.93
2010-10-15,4.17
2010-10-18,4.17
2010-10-18,4.13
2010-10-18,3.43
2010-10-18,3.87
2010-10-18,3.36
2010-10-19,4.13
2010-10-19,3.9
2010-10-19,4.17
2010-10-19,3.51
2010-10-19,3.36
2010-10-20,4.14
2010-10-20,3.54
2010-10-20,3.89
2010-10-20,4.18
2010-10-20,3.46
2010-10-21,3.75
2010-10-21,3.37
2010-10-21,4.02
2010-10-21,4.06
2010-10-21,3.46
2010-10-22,3.33
2010-10-22,3.69
2010-10-22,3.19
2010-10-22,3.95
2010-10-22,3.98
2010-10-25,3.32
2010-10-25,3.18
2010-10-25,3.93
2010-10-25,3.67
2010-10-25,3.96
2010-10-26,3.28
2010-10-26,3.77
2010-10-26,3.35
2010-10-26,4.06
2010-10-26,4.02
2010-10-27,4.03
2010-10-27,4.06
2010-10-27,3.76
2010-10-27,3.29
2010-10-27,3.37
2010-10-28,4.16
2010-10-28,3.89
2010-10-28,3.36
2010-10-28,4.12
2010-10-28,4.13
2010-10-29,4.04
2010-10-29,3.36
2010-10-29,4.22
2010-10-29,4.28
2010-10-29,4.27
2010-11-01,3.42
2010-11-01,4.09
2010-11-01,4.07
2010-11-01,4.11
2010-11-01,3.83
2010-11-02,3.2
2010-11-02,3.87
2010-11-02,4.14
2010-11-02,4.11
2010-11-02,4.12
2010-11-03,4.11
2010-11-03,4.08
2010-11-03,3.84
2010-11-03,3.35
2010-11-03,4.09
2010-11-04,4.09
2010-11-04,4.11
2010-11-04,4.12
2010-11-04,3.86
2010-11-04,3.53
2010-11-05,4.15
2010-11-05,3.94
2010-11-05,4.18
2010-11-05,3.47
2010-11-05,4.18
2010-11-08,4.09
2010-11-08,4.29
2010-11-08,3.49
2010-11-08,4.28
2010-11-08,4.25
2010-11-09,4.37
2010-11-09,4.21
2010-11-09,3.76
2010-11-09,4.37
2010-11-09,4.33
2010-11-10,4.22
2010-11-10,4.25
2010-11-10,4.24
2010-11-10,4.05
2010-11-10,4
2010-11-11,4.11
2010-11-11,4.11
2010-11-11,3.93
2010-11-11,4.13
2010-11-11,3.73
2010-11-12,3.98
2010-11-12,3.5
2010-11-12,3.98
2010-11-12,3.8
2010-11-12,4
2010-11-15,4.039
2010-11-15,4.02
2010-11-15,3.845
2010-11-15,3.56
2010-11-15,4.028
2010-11-16,3.818
2010-11-16,3.981
2010-11-16,3.66
2010-11-16,4.001
2010-11-16,3.994
2010-11-17,3.77
2010-11-17,4.187
2010-11-17,4.19
2010-11-17,4.16
2010-11-17,4.03
2010-11-18,4.183
2010-11-18,4.161
2010-11-18,4.189
2010-11-18,4.007
2010-11-18,3.89
2010-11-19,4.324
2010-11-19,4.32
2010-11-19,4.278
2010-11-19,4.164
2010-11-19,3.79
2010-11-22,4.02
2010-11-22,4.389
2010-11-22,4.435
2010-11-22,4.432
2010-11-22,4.271
2010-11-23,4.415
2010-11-23,4.264
2010-11-23,3.93
2010-11-23,4.421
2010-11-23,4.376
2010-11-24,4.394
2010-11-24,4.353
2010-11-24,3.82
2010-11-24,4.388
2010-11-24,4.267
2010-11-26,4.374
2010-11-26,4.399
2010-11-26,4.332
2010-11-26,4.412
2010-11-26,3.82
2010-11-29,4.234
2010-11-29,4.21
2010-11-29,4.204
2010-11-29,4.12
2010-11-29,4.173
2010-11-30,4.199
2010-11-30,4.16
2010-11-30,4.142
2010-11-30,4.169
2010-11-30,4.18
2010-12-01,4.279
2010-12-01,4.269
2010-12-01,4.21
2010-12-01,4.209
2010-12-01,4.243
2010-12-02,4.343
2010-12-02,4.28
2010-12-02,4.28
2010-12-02,4.35
2010-12-02,4.312
2010-12-03,4.23
2010-12-03,4.324
2010-12-03,4.359
2010-12-03,4.349
2010-12-03,4.297
2010-12-06,4.488
2010-12-06,4.488
2010-12-06,4.47
2010-12-06,4.446
2010-12-06,4.403
2010-12-07,4.343
2010-12-07,4.393
2010-12-07,4.48
2010-12-07,4.376
2010-12-07,4.401
2010-12-08,4.521
2010-12-08,4.57
2010-12-08,4.47
2010-12-08,4.604
2010-12-08,4.606
2010-12-09,4.44
2010-12-09,4.379
2010-12-09,4.413
2010-12-09,4.435
2010-12-09,4.52
2010-12-10,4.409
2010-12-10,4.375
2010-12-10,4.428
2010-12-10,4.37
2010-12-10,4.417
2010-12-13,4.42
2010-12-13,4.55
2010-12-13,4.381
2010-12-13,4.434
2010-12-13,4.415
2010-12-14,4.255
2010-12-14,4.268
2010-12-14,4.35
2010-12-14,4.284
2010-12-14,4.242
2010-12-15,4.222
2010-12-15,4.216
2010-12-15,4.235
2010-12-15,4.22
2010-12-15,4.251
2010-12-16,4.19
2010-12-16,4.071
2010-12-16,4.077
2010-12-16,4.084
2010-12-16,4.048
2010-12-17,4.066
2010-12-17,4.1
2010-12-17,3.99
2010-12-17,4.094
2010-12-17,4.103
2010-12-20,4.249
2010-12-20,4.237
2010-12-20,4.26
2010-12-20,4.1
2010-12-20,4.264
2010-12-21,4.096
2010-12-21,4.17
2010-12-21,4.097
2010-12-21,4.059
2010-12-21,4.084
2010-12-22,4.01
2010-12-22,4.196
2010-12-22,4.188
2010-12-22,4.152
2010-12-22,4.191
2010-12-23,4.152
2010-12-23,4.083
2010-12-23,4.133
2010-12-23,4.08
2010-12-23,4.149
2010-12-27,4.05
2010-12-27,4.112
2010-12-27,4.155
2010-12-27,4.167
2010-12-27,4.168
2010-12-28,4.1
2010-12-28,4.288
2010-12-28,4.271
2010-12-28,4.216
2010-12-28,4.287
2010-12-29,4.287
2010-12-29,4.19
2010-12-29,4.322
2010-12-29,4.29
2010-12-29,4.298
2010-12-30,4.22
2010-12-30,4.338
2010-12-30,4.366
2010-12-30,4.352
2010-12-30,4.337
2010-12-31,4.405
2010-12-31,4.22
2010-12-31,4.401
2010-12-31,4.434
2010-12-31,4.422
2011-01-03,4.54
2011-01-03,4.65
2011-01-03,4.604
2011-01-03,4.574
2011-01-03,4.614
2011-01-04,4.632
2011-01-04,4.61
2011-01-04,4.588
2011-01-04,4.669
2011-01-04,4.618
2011-01-05,4.473
2011-01-05,4.52
2011-01-05,4.406
2011-01-05,4.44
2011-01-05,4.441
2011-01-06,4.41
2011-01-06,4.404
2011-01-06,4.434
2011-01-06,4.375
2011-01-06,4.49
2011-01-07,4.422
2011-01-07,4.42
2011-01-07,4.43
2011-01-07,4.39
2011-01-07,4.402
2011-01-10,4.419
2011-01-10,4.399
2011-01-10,4.49
2011-01-10,4.379
2011-01-10,4.389
2011-01-11,4.42
2011-01-11,4.508
2011-01-11,4.481
2011-01-11,4.476
2011-01-11,4.47
2011-01-12,4.55
2011-01-12,4.526
2011-01-12,4.531
2011-01-12,4.562
2011-01-12,4.522
2011-01-13,4.48
2011-01-13,4.463
2011-01-13,4.419
2011-01-13,4.407
2011-01-13,4.42
2011-01-14,4.525
2011-01-14,4.38
2011-01-14,4.49
2011-01-14,4.48
2011-01-14,4.484
2011-01-18,4.446
2011-01-18,4.52
2011-01-18,4.492
2011-01-18,4.45
2011-01-18,4.425
2011-01-19,4.576
2011-01-19,4.57
2011-01-19,4.561
2011-01-19,4.604
2011-01-19,4.48
2011-01-20,4.695
2011-01-20,4.677
2011-01-20,4.57
2011-01-20,4.692
2011-01-20,4.707
2011-01-21,4.72
2011-01-21,4.736
2011-01-21,4.753
2011-01-21,4.72
2011-01-21,4.743
2011-01-24,4.595
2011-01-24,4.598
2011-01-24,4.58
2011-01-24,4.72
2011-01-24,4.633
2011-01-25,4.49
2011-01-25,4.46
2011-01-25,4.54
2011-01-25,4.5
2011-01-25,4.473
2011-01-26,4.4
2011-01-26,4.501
2011-01-26,4.491
2011-01-26,4.547
2011-01-26,4.508
2011-01-27,4.336
2011-01-27,4.319
2011-01-27,4.384
2011-01-27,4.316
2011-01-27,4.41
2011-01-28,4.323
2011-01-28,4.27
2011-01-28,4.34
2011-01-28,4.384
2011-01-28,4.425
2011-01-31,4.431
2011-01-31,4.513
2011-01-31,4.47
2011-01-31,4.42
2011-01-31,4.42
2011-02-01,4.366
2011-02-01,4.347
2011-02-01,4.457
2011-02-01,4.409
2011-02-01,4.42
2011-02-02,4.55
2011-02-02,4.445
2011-02-02,4.429
2011-02-02,4.485
2011-02-02,4.539
2011-02-03,4.337
2011-02-03,4.461
2011-02-03,4.69
2011-02-03,4.357
2011-02-03,4.405
2011-02-04,4.31
2011-02-04,4.456
2011-02-04,4.399
2011-02-04,4.342
2011-02-04,4.48
2011-02-07,4.104
2011-02-07,4.267
2011-02-07,4.14
2011-02-07,4.32
2011-02-07,4.204
2011-02-08,4.24
2011-02-08,4.139
2011-02-08,4.072
2011-02-08,4.04
2011-02-08,4.203
2011-02-09,4.149
2011-02-09,4.22
2011-02-09,4.214
2011-02-09,4.083
2011-02-09,4.044
2011-02-10,3.986
2011-02-10,4.11
2011-02-10,4.11
2011-02-10,4.037
2011-02-10,4.175
2011-02-11,3.91
2011-02-11,4.121
2011-02-11,3.96
2011-02-11,3.977
2011-02-11,4.052
2011-02-14,3.925
2011-02-14,3.991
2011-02-14,4.119
2011-02-14,4.056
2011-02-14,3.89
2011-02-15,4.03
2011-02-15,4.097
2011-02-15,4.153
2011-02-15,3.92
2011-02-15,3.976
2011-02-16,4.088
2011-02-16,3.921
2011-02-16,3.93
2011-02-16,4.03
2011-02-16,3.961
2011-02-17,3.868
2011-02-17,3.9
2011-02-17,4.03
2011-02-17,3.968
2011-02-17,3.901
2011-02-18,3.876
2011-02-18,3.84
2011-02-18,3.976
2011-02-18,4.037
2011-02-18,3.906
2011-02-22,3.89
2011-02-22,4.038
2011-02-22,3.867
2011-02-22,3.976
2011-02-22,3.907
2011-02-23,3.9
2011-02-23,4.005
2011-02-23,3.83
2011-02-23,4.068
2011-02-23,3.936
2011-02-24,3.94
2011-02-24,4.007
2011-02-24,3.872
2011-02-24,3.83
2011-02-24,3.793
2011-02-25,4.073
2011-02-25,4.133
2011-02-25,4.193
2011-02-25,3.81
2011-02-25,4.005
2011-02-28,4.11
2011-02-28,4.037
2011-02-28,4.173
2011-02-28,3.93
2011-02-28,4.235
2011-03-01,3.873
2011-03-01,4.084
2011-03-01,3.93
2011-03-01,4.015
2011-03-01,3.95
2011-03-02,3.894
2011-03-02,3.79
2011-03-02,4.037
2011-03-02,3.818
2011-03-02,3.961
2011-03-03,3.75
2011-03-03,3.778
2011-03-03,4.011
2011-03-03,3.932
2011-03-03,3.859
2011-03-04,3.957
2011-03-04,3.809
2011-03-04,4.036
2011-03-04,3.887
2011-03-04,3.7
2011-03-07,4.042
2011-03-07,4.113
2011-03-07,3.73
2011-03-07,3.984
2011-03-07,3.927
2011-03-08,4.062
2011-03-08,3.986
2011-03-08,3.924
2011-03-08,3.864
2011-03-08,3.83
2011-03-09,3.93
2011-03-09,4.046
2011-03-09,4.121
2011-03-09,3.81
2011-03-09,3.986
2011-03-10,4.03
2011-03-10,3.87
2011-03-10,3.83
2011-03-10,3.955
2011-03-10,3.892
2011-03-11,3.889
2011-03-11,4.082
2011-03-11,3.945
2011-03-11,4.007
2011-03-11,3.78
2011-03-14,3.9
2011-03-14,4.04
2011-03-14,3.914
2011-03-14,3.976
2011-03-14,4.116
2011-03-15,4.08
2011-03-15,3.81
2011-03-15,4.012
2011-03-15,3.941
2011-03-15,4.159
2011-03-16,3.86
2011-03-16,4.157
2011-03-16,3.938
2011-03-16,4.079
2011-03-16,4.01
2011-03-17,4.299
2011-03-17,4.234
2011-03-17,3.85
2011-03-17,4.369
2011-03-17,4.158
2011-03-18,4.246
2011-03-18,4.168
2011-03-18,3.98
2011-03-18,4.388
2011-03-18,4.316
2011-03-21,4.313
2011-03-21,4.161
2011-03-21,4.383
2011-03-21,3.99
2011-03-21,4.241
2011-03-22,4.396
2011-03-22,4.331
2011-03-22,4.05
2011-03-22,4.463
2011-03-22,4.254
2011-03-23,4.543
2011-03-23,4.18
2011-03-23,4.477
2011-03-23,4.412
2011-03-23,4.335
2011-03-24,4.244
2011-03-24,4.467
2011-03-24,4.27
2011-03-24,4.397
2011-03-24,4.327
2011-03-25,4.636
2011-03-25,4.13
2011-03-25,4.49
2011-03-25,4.403
2011-03-25,4.563
2011-03-28,4.448
2011-03-28,4.35
2011-03-28,4.52
2011-03-28,4.594
2011-03-28,4.374
2011-03-29,4.335
2011-03-29,4.411
2011-03-29,4.263
2011-03-29,4.27
2011-03-29,4.24
2011-03-30,4.355
2011-03-30,4.426
2011-03-30,4.502
2011-03-30,4.535
2011-03-30,4.25
2011-03-31,4.458
2011-03-31,4.389
2011-03-31,4.533
2011-03-31,4.32
2011-03-31,4.566
2011-04-01,4.554
2011-04-01,4.362
2011-04-01,4.437
2011-04-01,4.515
2011-04-01,4.32
2011-04-04,4.486
2011-04-04,4.441
2011-04-04,4.363
2011-04-04,4.289
2011-04-04,4.21
2011-04-05,4.384
2011-04-05,4.231
2011-04-05,4.22
2011-04-05,4.433
2011-04-05,4.304
2011-04-06,4.22
2011-04-06,4.17
2011-04-06,4.146
2011-04-06,4.352
2011-04-06,4.302
2011-04-07,4.057
2011-04-07,4.12
2011-04-07,4.126
2011-04-07,4.209
2011-04-07,4.259
2011-04-08,4.243
2011-04-08,4.05
2011-04-08,4.107
2011-04-08,4.041
2011-04-08,4.192
2011-04-11,4.309
2011-04-11,4.108
2011-04-11,4.176
2011-04-11,4.26
2011-04-11,4.05
2011-04-12,4.253
2011-04-12,4.08
2011-04-12,4.304
2011-04-12,4.098
2011-04-12,4.168
2011-04-13,4.206
2011-04-13,4.333
2011-04-13,4.141
2011-04-13,4.14
2011-04-13,4.283
2011-04-14,4.212
2011-04-14,4.12
2011-04-14,4.342
2011-04-14,4.269
2011-04-14,4.389
2011-04-15,4.264
2011-04-15,4.204
2011-04-15,4.387
2011-04-15,4.338
2011-04-15,4.21
2011-04-18,4.309
2011-04-18,4.23
2011-04-18,4.19
2011-04-18,4.138
2011-04-18,4.262
2011-04-19,4.426
2011-04-19,4.382
2011-04-19,4.31
2011-04-19,4.262
2011-04-19,4.19
2011-04-20,4.31
2011-04-20,4.33
2011-04-20,4.357
2011-04-20,4.476
2011-04-20,4.429
2011-04-21,4.535
2011-04-21,4.466
2011-04-21,4.581
2011-04-21,4.33
2011-04-21,4.412
2011-04-25,4.389
2011-04-25,4.37
2011-04-25,4.566
2011-04-25,4.522
2011-04-25,4.452
2011-04-26,4.444
2011-04-26,4.387
2011-04-26,4.512
2011-04-26,4.558
2011-04-26,4.32
2011-04-27,4.408
2011-04-27,4.522
2011-04-27,4.377
2011-04-27,4.476
2011-04-27,4.35
2011-04-28,4.689
2011-04-28,4.38
2011-04-28,4.677
2011-04-28,4.571
2011-04-28,4.633
2011-04-29,4.698
2011-04-29,4.51
2011-04-29,4.802
2011-04-29,4.761
2011-04-29,4.809
2011-05-02,4.693
2011-05-02,4.807
2011-05-02,4.763
2011-05-02,4.819
2011-05-02,4.6
2011-05-03,4.783
2011-05-03,4.67
2011-05-03,4.801
2011-05-03,4.738
2011-05-03,4.6
2011-05-04,4.59
2011-05-04,4.644
2011-05-04,4.687
2011-05-04,4.577
2011-05-04,4.706
2011-05-05,4.376
2011-05-05,4.261
2011-05-05,4.331
2011-05-05,4.49
2011-05-05,4.396
2011-05-06,4.297
2011-05-06,4.364
2011-05-06,4.235
2011-05-06,4.24
2011-05-06,4.342
2011-05-09,4.216
2011-05-09,4.154
2011-05-09,4.28
2011-05-09,4.285
2011-05-09,4.261
2011-05-10,4.303
2011-05-10,4.246
2011-05-10,4.19
2011-05-10,4.366
2011-05-10,4.345
2011-05-11,4.241
2011-05-11,4.284
2011-05-11,4.23
2011-05-11,4.181
2011-05-11,4.308
2011-05-12,4.3
2011-05-12,4.325
2011-05-12,4.256
2011-05-12,4.1
2011-05-12,4.194
2011-05-13,4.379
2011-05-13,4.311
2011-05-13,4.246
2011-05-13,4.09
2011-05-13,4.354
2011-05-16,4.318
2011-05-16,4.21
2011-05-16,4.448
2011-05-16,4.379
2011-05-16,4.423
2011-05-17,4.246
2011-05-17,4.182
2011-05-17,4.25
2011-05-17,4.294
2011-05-17,4.321
2011-05-18,4.15
2011-05-18,4.266
2011-05-18,4.344
2011-05-18,4.198
2011-05-18,4.316
2011-05-19,4.1
2011-05-19,4.214
2011-05-19,4.244
2011-05-19,4.094
2011-05-19,4.161
2011-05-20,4.29
2011-05-20,4.367
2011-05-20,4.05
2011-05-20,4.34
2011-05-20,4.23
2011-05-23,4.346
2011-05-23,4.393
2011-05-23,4.27
2011-05-23,4.438
2011-05-23,4.465
2011-05-24,4.437
2011-05-24,4.391
2011-05-24,4.345
2011-05-24,4.37
2011-05-24,4.464
2011-05-25,4.379
2011-05-25,4.469
2011-05-25,4.496
2011-05-25,4.423
2011-05-25,4.36
2011-05-26,4.405
2011-05-26,4.429
2011-05-26,4.37
2011-05-26,4.36
2011-05-26,4.326
2011-05-27,4.36
2011-05-27,4.518
2011-05-27,4.577
2011-05-27,4.557
2011-05-27,4.614
2011-05-31,4.71
2011-05-31,4.63
2011-05-31,4.744
2011-05-31,4.7
2011-05-31,4.666
2011-06-01,4.62
2011-06-01,4.681
2011-06-01,4.629
2011-06-01,4.717
2011-06-01,4.667
2011-06-02,4.794
2011-06-02,4.821
2011-06-02,4.848
2011-06-02,4.64
2011-06-02,4.822
2011-06-03,4.774
2011-06-03,4.72
2011-06-03,4.707
2011-06-03,4.739
2011-06-03,4.745
2011-06-06,4.83
2011-06-06,4.827
2011-06-06,4.893
2011-06-06,4.869
2011-06-06,4.857
2011-06-07,4.831
2011-06-07,4.905
2011-06-07,4.877
2011-06-07,4.858
2011-06-07,4.83
2011-06-08,4.893
2011-06-08,4.874
2011-06-08,4.847
2011-06-08,4.83
2011-06-08,4.919
2011-06-09,4.92
2011-06-09,4.754
2011-06-09,4.726
2011-06-09,4.704
2011-06-09,4.674
2011-06-10,4.812
2011-06-10,4.836
2011-06-10,4.757
2011-06-10,4.72
2011-06-10,4.789
2011-06-13,4.678
2011-06-13,4.75
2011-06-13,4.729
2011-06-13,4.646
2011-06-13,4.701
2011-06-14,4.59
2011-06-14,4.635
2011-06-14,4.613
2011-06-14,4.668
2011-06-14,4.581
2011-06-15,4.67
2011-06-15,4.53
2011-06-15,4.635
2011-06-15,4.577
2011-06-15,4.611
2011-06-16,4.412
2011-06-16,4.54
2011-06-16,4.513
2011-06-16,4.45
2011-06-16,4.476
2011-06-17,4.325
2011-06-17,4.39
2011-06-17,4.386
2011-06-17,4.424
2011-06-17,4.36
2011-06-20,4.421
2011-06-20,4.33
2011-06-20,4.38
2011-06-20,4.352
2011-06-20,4.317
2011-06-21,4.388
2011-06-21,4.448
2011-06-21,4.489
2011-06-21,4.37
2011-06-21,4.423
2011-06-22,4.35
2011-06-22,4.42
2011-06-22,4.375
2011-06-22,4.317
2011-06-22,4.418
2011-06-23,4.193
2011-06-23,4.31
2011-06-23,4.243
2011-06-23,4.287
2011-06-23,4.217
2011-06-24,4.229
2011-06-24,4.25
2011-06-24,4.319
2011-06-24,4.275
2011-06-24,4.2
2011-06-27,4.256
2011-06-27,4.329
2011-06-27,4.286
2011-06-27,4.264
2011-06-27,4.25
2011-06-28,4.34
2011-06-28,4.354
2011-06-28,4.357
2011-06-28,4.412
2011-06-28,4.373
2011-06-29,4.493
2011-06-29,4.4
2011-06-29,4.373
2011-06-29,4.315
2011-06-29,4.334
2011-06-30,4.393
2011-06-30,4.553
2011-06-30,4.432
2011-06-30,4.374
2011-06-30,4.28
2011-07-01,4.372
2011-07-01,4.311
2011-07-01,4.33
2011-07-01,4.33
2011-07-01,4.501
2011-07-05,4.409
2011-07-05,4.363
2011-07-05,4.541
2011-07-05,4.4
2011-07-05,4.371
2011-07-06,4.26
2011-07-06,4.217
2011-07-06,4.222
2011-07-06,4.34
2011-07-06,4.411
2011-07-07,4.168
2011-07-07,4.324
2011-07-07,4.138
2011-07-07,4.133
2011-07-07,4.25
2011-07-08,4.385
2011-07-08,4.204
2011-07-08,4.231
2011-07-08,4.205
2011-07-08,4.19
2011-07-11,4.302
2011-07-11,4.35
2011-07-11,4.277
2011-07-11,4.288
2011-07-11,4.447
2011-07-12,4.333
2011-07-12,4.38
2011-07-12,4.312
2011-07-12,4.473
2011-07-12,4.335
2011-07-13,4.403
2011-07-13,4.387
2011-07-13,4.54
2011-07-13,4.43
2011-07-13,4.411
2011-07-14,4.501
2011-07-14,4.378
2011-07-14,4.42
2011-07-14,4.358
2011-07-14,4.378
2011-07-15,4.52
2011-07-15,4.546
2011-07-15,4.639
2011-07-15,4.535
2011-07-15,4.49
2011-07-18,4.6
2011-07-18,4.644
2011-07-18,4.546
2011-07-18,4.524
2011-07-18,4.54
2011-07-19,4.63
2011-07-19,4.533
2011-07-19,4.526
2011-07-19,4.6
2011-07-19,4.511
2011-07-20,4.585
2011-07-20,4.64
2011-07-20,4.483
2011-07-20,4.5
2011-07-20,4.469
2011-07-21,4.58
2011-07-21,4.483
2011-07-21,4.377
2011-07-21,4.395
2011-07-21,4.362
2011-07-22,4.46
2011-07-22,4.37
2011-07-22,4.399
2011-07-22,4.493
2011-07-22,4.385
2011-07-25,4.368
2011-07-25,4.355
2011-07-25,4.386
2011-07-25,4.472
2011-07-25,4.45
2011-07-26,4.37
2011-07-26,4.454
2011-07-26,4.347
2011-07-26,4.331
2011-07-26,4.43
2011-07-27,4.333
2011-07-27,4.37
2011-07-27,4.46
2011-07-27,4.446
2011-07-27,4.318
2011-07-28,4.369
2011-07-28,4.41
2011-07-28,4.545
2011-07-28,4.244
2011-07-28,4.257
2011-07-29,4.26
2011-07-29,4.157
2011-07-29,4.272
2011-07-29,4.462
2011-07-29,4.145
2011-08-01,4.29
2011-08-01,4.303
2011-08-01,4.188
2011-08-01,4.19
2011-08-01,4.505
2011-08-02,4.271
2011-08-02,4.156
2011-08-02,4.3
2011-08-02,4.155
2011-08-02,4.478
2011-08-03,4.09
2011-08-03,4.425
2011-08-03,4.222
2011-08-03,4.26
2011-08-03,4.102
2011-08-04,4.2
2011-08-04,3.941
2011-08-04,3.955
2011-08-04,4.09
2011-08-04,4.297
2011-08-05,4.113
2011-08-05,3.941
2011-08-05,3.962
2011-08-05,4.33
2011-08-05,4
2011-08-08,4.34
2011-08-08,3.957
2011-08-08,3.935
2011-08-08,4
2011-08-08,4.115
2011-08-09,4.015
2011-08-09,4.06
2011-08-09,4.167
2011-08-09,4.388
2011-08-09,3.994
2011-08-10,4.024
2011-08-10,4.003
2011-08-10,4.09
2011-08-10,4.181
2011-08-10,4.402
2011-08-11,4.06
2011-08-11,4.127
2011-08-11,4.108
2011-08-11,4.279
2011-08-11,4.497
2011-08-12,4.17
2011-08-12,4.441
2011-08-12,4.071
2011-08-12,4.219
2011-08-12,4.06
2011-08-15,4.184
2011-08-15,4.024
2011-08-15,4.039
2011-08-15,4.05
2011-08-15,4.411
2011-08-16,3.932
2011-08-16,4.322
2011-08-16,4.03
2011-08-16,4.09
2011-08-16,3.942
2011-08-17,3.943
2011-08-17,4.313
2011-08-17,3.98
2011-08-17,4.084
2011-08-17,3.933
2011-08-18,3.98
2011-08-18,4.271
2011-08-18,4.038
2011-08-18,3.899
2011-08-18,3.892
2011-08-19,4.075
2011-08-19,4.307
2011-08-19,3.941
2011-08-19,3.99
2011-08-19,3.94
2011-08-22,3.991
2011-08-22,3.97
2011-08-22,3.889
2011-08-22,4.225
2011-08-22,3.869
2011-08-23,4.276
2011-08-23,4.07
2011-08-23,3.968
2011-08-23,3.993
2011-08-23,4.01
2011-08-24,4.203
2011-08-24,4.1
2011-08-24,3.889
2011-08-24,3.996
2011-08-24,3.922
2011-08-25,4.025
2011-08-25,4.244
2011-08-25,3.906
2011-08-25,3.931
2011-08-25,4.01
2011-08-26,4.047
2011-08-26,3.96
2011-08-26,4.273
2011-08-26,3.912
2011-08-26,3.931
2011-08-29,3.83
2011-08-29,3.857
2011-08-29,3.955
2011-08-29,3.93
2011-08-29,4.187
2011-08-30,4.355
2011-08-30,3.909
2011-08-30,3.85
2011-08-30,4.243
2011-08-30,4.024
2011-08-31,4.173
2011-08-31,4.498
2011-08-31,4.386
2011-08-31,3.97
2011-08-31,4.054
2011-09-01,4.05
2011-09-01,4.381
2011-09-01,4.18
2011-09-01,4.497
2011-09-01,4.166
2011-09-02,4.12
2011-09-02,3.872
2011-09-02,4.334
2011-09-02,4.211
2011-09-02,3.99
2011-09-06,3.938
2011-09-06,4.043
2011-09-06,4.383
2011-09-06,3.93
2011-09-06,4.259
2011-09-07,4.045
2011-09-07,4.251
2011-09-07,3.94
2011-09-07,3.96
2011-09-07,4.374
2011-09-08,3.99
2011-09-08,3.98
2011-09-08,4.265
2011-09-08,4.068
2011-09-08,4.379
2011-09-09,3.998
2011-09-09,4.308
2011-09-09,4.196
2011-09-09,3.915
2011-09-09,3.96
2011-09-12,3.966
2011-09-12,3.885
2011-09-12,4.292
2011-09-12,4.172
2011-09-12,3.92
2011-09-13,4.374
2011-09-13,3.96
2011-09-13,3.98
2011-09-13,4.257
2011-09-13,4.054
2011-09-14,4.039
2011-09-14,4.01
2011-09-14,4.117
2011-09-14,4.434
2011-09-14,4.317
2011-09-15,4.04
2011-09-15,4.323
2011-09-15,3.878
2011-09-15,4.195
2011-09-15,3.981
2011-09-16,3.84
2011-09-16,3.809
2011-09-16,4.29
2011-09-16,4.155
2011-09-16,3.922
2011-09-19,3.932
2011-09-19,3.829
2011-09-19,3.78
2011-09-19,4.172
2011-09-19,4.311
2011-09-20,3.885
2011-09-20,4.142
2011-09-20,3.798
2011-09-20,3.84
2011-09-20,4.286
2011-09-21,4.099
2011-09-21,3.82
2011-09-21,3.78
2011-09-21,3.73
2011-09-21,4.252
2011-09-22,4.045
2011-09-22,3.782
2011-09-22,3.705
2011-09-22,3.72
2011-09-22,4.183
2011-09-23,3.74
2011-09-23,4.159
2011-09-23,3.766
2011-09-23,4.021
2011-09-23,3.701
2011-09-26,3.782
2011-09-26,3.8
2011-09-26,3.845
2011-09-26,4.239
2011-09-26,4.097
2011-09-27,3.92
2011-09-27,3.827
2011-09-27,3.875
2011-09-27,4.104
2011-09-27,4.242
2011-09-28,4.185
2011-09-28,3.799
2011-09-28,4.041
2011-09-28,3.759
2011-09-28,3.88
2011-09-29,4.181
2011-09-29,4.162
2011-09-29,3.747
2011-09-29,3.77
2011-09-29,4.015
2011-09-30,3.962
2011-09-30,3.68
2011-09-30,4.123
2011-09-30,4.142
2011-09-30,3.666
2011-10-03,4.089
2011-10-03,4.108
2011-10-03,3.928
2011-10-03,3.57
2011-10-03,3.617
2011-10-04,3.944
2011-10-04,4.114
2011-10-04,3.56
2011-10-04,3.638
2011-10-04,4.133
2011-10-05,3.63
2011-10-05,3.57
2011-10-05,4.079
2011-10-05,4.058
2011-10-05,3.884
2011-10-06,3.916
2011-10-06,3.49
2011-10-06,4.113
2011-10-06,3.598
2011-10-06,4.091
2011-10-07,3.82
2011-10-07,3.481
2011-10-07,4.022
2011-10-07,3.4
2011-10-07,4
2011-10-10,3.836
2011-10-10,4.006
2011-10-10,4.028
2011-10-10,3.541
2011-10-10,3.41
2011-10-11,3.616
2011-10-11,3.859
2011-10-11,3.52
2011-10-11,4.028
2011-10-11,4.008
2011-10-12,3.489
2011-10-12,3.97
2011-10-12,3.791
2011-10-12,3.95
2011-10-12,3.54
2011-10-13,3.42
2011-10-13,3.531
2011-10-13,3.971
2011-10-13,3.814
2011-10-13,3.989
2011-10-14,4.1
2011-10-14,3.49
2011-10-14,3.96
2011-10-14,3.703
2011-10-14,4.111
2011-10-17,3.72
2011-10-17,4.037
2011-10-17,3.688
2011-10-17,3.903
2011-10-17,4.052
2011-10-18,3.788
2011-10-18,3.63
2011-10-18,3.927
2011-10-18,3.553
2011-10-18,3.946
2011-10-19,3.59
2011-10-19,3.813
2011-10-19,3.95
2011-10-19,3.586
2011-10-19,3.97
2011-10-20,3.978
2011-10-20,3.63
2011-10-20,3.964
2011-10-20,3.834
2011-10-20,3.61
2011-10-21,3.54
2011-10-21,3.629
2011-10-21,3.963
2011-10-21,3.95
2011-10-21,3.826
2011-10-24,3.935
2011-10-24,3.61
2011-10-24,3.794
2011-10-24,3.604
2011-10-24,3.92
2011-10-25,3.658
2011-10-25,3.977
2011-10-25,3.992
2011-10-25,3.62
2011-10-25,3.852
2011-10-26,3.65
2011-10-26,3.59
2011-10-26,3.775
2011-10-26,3.911
2011-10-26,3.928
2011-10-27,3.896
2011-10-27,3.764
2011-10-27,3.911
2011-10-27,3.524
2011-10-27,3.59
2011-10-28,4.02
2011-10-28,3.923
2011-10-28,4.042
2011-10-28,4.053
2011-10-28,3.63
2011-10-31,4.056
2011-10-31,3.66
2011-10-31,4.034
2011-10-31,4.065
2011-10-31,3.934
2011-11-01,3.781
2011-11-01,3.93
2011-11-01,3.92
2011-11-01,3.49
2011-11-01,3.903
2011-11-02,3.749
2011-11-02,3.39
2011-11-02,3.867
2011-11-02,3.882
2011-11-02,3.893
2011-11-03,3.39
2011-11-03,3.882
2011-11-03,3.778
2011-11-03,3.909
2011-11-03,3.901
2011-11-04,3.783
2011-11-04,3.44
2011-11-04,3.9
2011-11-04,3.892
2011-11-04,3.874
2011-11-07,3.803
2011-11-07,3.35
2011-11-07,3.792
2011-11-07,3.696
2011-11-07,3.816
2011-11-08,3.843
2011-11-08,3.859
2011-11-08,3.42
2011-11-08,3.832
2011-11-08,3.745
2011-11-09,3.767
2011-11-09,3.74
2011-11-09,3.55
2011-11-09,3.652
2011-11-09,3.749
2011-11-10,3.736
2011-11-10,3.747
2011-11-10,3.649
2011-11-10,3.48
2011-11-10,3.764
2011-11-11,3.696
2011-11-11,3.714
2011-11-11,3.29
2011-11-11,3.69
2011-11-11,3.584
2011-11-14,3.604
2011-11-14,3.618
2011-11-14,3.458
2011-11-14,3.6
2011-11-14,3.17
2011-11-15,3.542
2011-11-15,3.558
2011-11-15,3.404
2011-11-15,3.545
2011-11-15,3.12
2011-11-16,3.483
2011-11-16,3.489
2011-11-16,3.344
2011-11-16,3.502
2011-11-16,3.11
2011-11-17,3.562
2011-11-17,3.547
2011-11-17,3.41
2011-11-17,3.546
2011-11-17,3.11
2011-11-18,3.01
2011-11-18,3.496
2011-11-18,3.316
2011-11-18,3.501
2011-11-18,3.512
2011-11-21,3.558
2011-11-21,2.94
2011-11-21,3.567
2011-11-21,3.573
2011-11-21,3.399
2011-11-22,3.578
2011-11-22,3.06
2011-11-22,3.561
2011-11-22,3.415
2011-11-22,3.571
2011-11-23,3.46
2011-11-23,3.608
2011-11-23,3.632
2011-11-23,2.84
2011-11-23,3.628
2011-11-25,3.665
2011-11-25,3.693
2011-11-25,3.693
2011-11-25,2.84
2011-11-25,3.542
2011-11-28,3.364
2011-11-28,3.56
2011-11-28,3.09
2011-11-28,3.555
2011-11-28,3.525
2011-11-29,3.633
2011-11-29,3.653
2011-11-29,3.39
2011-11-29,3.681
2011-11-29,3.653
2011-11-30,3.55
2011-11-30,3.581
2011-11-30,3.578
2011-11-30,3.53
2011-11-30,3.616
2011-12-01,3.71
2011-12-01,3.49
2011-12-01,3.648
2011-12-01,3.675
2011-12-01,3.68
2011-12-02,3.621
2011-12-02,3.613
2011-12-02,3.584
2011-12-02,3.35
2011-12-02,3.66
2011-12-05,3.49
2011-12-05,3.5
2011-12-05,3.542
2011-12-05,3.38
2011-12-05,3.461
2011-12-06,3.577
2011-12-06,3.43
2011-12-06,3.523
2011-12-06,3.487
2011-12-06,3.533
2011-12-07,3.47
2011-12-07,3.518
2011-12-07,3.421
2011-12-07,3.458
2011-12-07,3.45
2011-12-08,3.486
2011-12-08,3.42
2011-12-08,3.493
2011-12-08,3.536
2011-12-08,3.457
2011-12-09,3.367
2011-12-09,3.317
2011-12-09,3.29
2011-12-09,3.411
2011-12-09,3.353
2011-12-12,3.294
2011-12-12,3.13
2011-12-12,3.31
2011-12-12,3.354
2011-12-12,3.254
2011-12-13,3.279
2011-12-13,3.392
2011-12-13,3.343
2011-12-13,3.321
2011-12-13,3.12
2011-12-14,3.279
2011-12-14,3.136
2011-12-14,3.187
2011-12-14,3.08
2011-12-14,3.223
2011-12-15,3.127
2011-12-15,3.266
2011-12-15,3.177
2011-12-15,3.05
2011-12-15,3.208
2011-12-16,3.204
2011-12-16,3.263
2011-12-16,3.127
2011-12-16,3.01
2011-12-16,3.174
2011-12-19,3.177
2011-12-19,3.096
2011-12-19,3.236
2011-12-19,3.03
2011-12-19,3.143
2011-12-20,3.128
2011-12-20,3.17
2011-12-20,3.271
2011-12-20,3.06
2011-12-20,3.208
2011-12-21,3.302
2011-12-21,3.239
2011-12-21,3.198
2011-12-21,3.05
2011-12-21,3.155
2011-12-22,3.08
2011-12-22,3.206
2011-12-22,3.302
2011-12-22,3.241
2011-12-22,3.169
2011-12-23,2.97
2011-12-23,3.249
2011-12-23,3.147
2011-12-23,3.184
2011-12-23,3.114
2011-12-27,3.18
2011-12-27,3.15
2011-12-27,3.244
2011-12-27,3.112
2011-12-27,3.09
2011-12-28,3.121
2011-12-28,3.07
2011-12-28,3.148
2011-12-28,3.208
2011-12-28,3.084
2011-12-29,3.12
2011-12-29,3.17
2011-12-29,3.055
2011-12-29,3.027
2011-12-29,3.03
2011-12-30,3.131
2011-12-30,2.98
2011-12-30,2.989
2011-12-30,3.079
2011-12-30,3.016
2012-01-03,2.993
2012-01-03,3.084
2012-01-03,2.97
2012-01-03,3.138
2012-01-03,3.022
2012-01-04,3.238
2012-01-04,3.185
2012-01-04,3.127
2012-01-04,3.096
2012-01-04,2.96
2012-01-05,3.017
2012-01-05,3.082
2012-01-05,2.91
2012-01-05,3.138
2012-01-05,2.98
2012-01-06,3.098
2012-01-06,3.208
2012-01-06,2.85
2012-01-06,3.062
2012-01-06,3.154
2012-01-09,3.011
2012-01-09,3.172
2012-01-09,2.89
2012-01-09,3.05
2012-01-09,3.115
2012-01-10,2.941
2012-01-10,3.042
2012-01-10,2.97
2012-01-10,2.97
2012-01-10,3.103
2012-01-11,2.774
2012-01-11,2.949
2012-01-11,2.803
2012-01-11,2.883
2012-01-11,2.81
2012-01-12,2.697
2012-01-12,2.827
2012-01-12,2.737
2012-01-12,2.896
2012-01-12,2.7
2012-01-13,2.797
2012-01-13,2.867
2012-01-13,2.67
2012-01-13,2.67
2012-01-13,2.713
2012-01-17,2.69
2012-01-17,2.51
2012-01-17,2.488
2012-01-17,2.617
2012-01-17,2.528
2012-01-18,2.687
2012-01-18,2.49
2012-01-18,2.516
2012-01-18,2.472
2012-01-18,2.614
2012-01-19,2.322
2012-01-19,2.484
2012-01-19,2.36
2012-01-19,2.363
2012-01-19,2.562
2012-01-20,2.525
2012-01-20,2.23
2012-01-20,2.612
2012-01-20,2.392
2012-01-20,2.343
2012-01-23,2.58
2012-01-23,2.39
2012-01-23,2.525
2012-01-23,2.812
2012-01-23,2.719
2012-01-24,2.601
2012-01-24,2.848
2012-01-24,2.754
2012-01-24,2.554
2012-01-24,2.6
2012-01-25,2.769
2012-01-25,2.729
2012-01-25,2.61
2012-01-25,2.875
2012-01-25,2.956
2012-01-26,2.605
2012-01-26,2.68
2012-01-26,2.654
2012-01-26,2.852
2012-01-26,2.772
2012-01-27,2.59
2012-01-27,2.756
2012-01-27,2.678
2012-01-27,2.869
2012-01-27,2.948
2012-01-30,2.713
2012-01-30,2.71
2012-01-30,2.962
2012-01-30,2.816
2012-01-30,2.898
2012-01-31,2.738
2012-01-31,2.51
2012-01-31,2.503
2012-01-31,2.638
2012-01-31,2.808
2012-02-01,2.714
2012-02-01,2.32
2012-02-01,2.382
2012-02-01,2.638
2012-02-01,2.535
2012-02-02,2.3
2012-02-02,2.9
2012-02-02,2.819
2012-02-02,2.715
2012-02-02,2.554
2012-02-03,2.677
2012-02-03,2.4
2012-02-03,2.879
2012-02-03,2.789
2012-02-03,2.499
2012-02-06,2.738
2012-02-06,2.55
2012-02-06,2.46
2012-02-06,2.952
2012-02-06,2.858
2012-02-07,2.832
2012-02-07,2.6
2012-02-07,2.744
2012-02-07,2.628
2012-02-07,2.472
2012-02-08,2.448
2012-02-08,2.716
2012-02-08,2.48
2012-02-08,2.598
2012-02-08,2.805
2012-02-09,2.858
2012-02-09,2.5
2012-02-09,2.636
2012-02-09,2.763
2012-02-09,2.477
2012-02-10,2.51
2012-02-10,2.477
2012-02-10,2.656
2012-02-10,2.89
2012-02-10,2.792
2012-02-13,2.431
2012-02-13,2.42
2012-02-13,2.847
2012-02-13,2.751
2012-02-13,2.62
2012-02-14,2.901
2012-02-14,2.812
2012-02-14,2.7
2012-02-14,2.532
2012-02-14,2.48
2012-02-15,2.738
2012-02-15,2.834
2012-02-15,2.616
2012-02-15,2.425
2012-02-15,2.54
2012-02-16,2.567
2012-02-16,2.713
2012-02-16,2.47
2012-02-16,2.818
2012-02-16,2.904
2012-02-17,2.926
2012-02-17,2.67
2012-02-17,2.824
2012-02-17,2.684
2012-02-17,3.01
2012-02-21,2.63
2012-02-21,2.967
2012-02-21,2.88
2012-02-21,2.773
2012-02-21,2.626
2012-02-22,2.643
2012-02-22,2.975
2012-02-22,2.6
2012-02-22,2.882
2012-02-22,2.775
2012-02-23,2.621
2012-02-23,2.959
2012-02-23,2.866
2012-02-23,2.761
2012-02-23,2.68
2012-02-24,2.6
2012-02-24,2.695
2012-02-24,2.902
2012-02-24,2.55
2012-02-24,2.808
2012-02-27,2.446
2012-02-27,2.55
2012-02-27,2.802
2012-02-27,2.712
2012-02-27,2.603
2012-02-28,2.519
2012-02-28,2.627
2012-02-28,2.711
2012-02-28,2.44
2012-02-28,2.779
2012-02-29,2.616
2012-02-29,2.44
2012-02-29,2.786
2012-02-29,2.71
2012-02-29,2.852
2012-03-01,2.744
2012-03-01,2.45
2012-03-01,2.579
2012-03-01,2.463
2012-03-01,2.669
2012-03-02,2.692
2012-03-02,2.484
2012-03-02,2.773
2012-03-02,2.6
2012-03-02,2.38
2012-03-05,2.355
2012-03-05,2.657
2012-03-05,2.57
2012-03-05,2.31
2012-03-05,2.472
2012-03-06,2.554
2012-03-06,2.636
2012-03-06,2.3
2012-03-06,2.462
2012-03-06,2.356
2012-03-07,2.302
2012-03-07,2.24
2012-03-07,2.49
2012-03-07,2.4
2012-03-07,2.574
2012-03-08,2.24
2012-03-08,2.465
2012-03-08,2.558
2012-03-08,2.272
2012-03-08,2.372
2012-03-09,2.324
2012-03-09,2.522
2012-03-09,2.21
2012-03-09,2.617
2012-03-09,2.425
2012-03-12,2.473
2012-03-12,2.568
2012-03-12,2.373
2012-03-12,2.17
2012-03-12,2.269
2012-03-13,2.408
2012-03-13,2.15
2012-03-13,2.602
2012-03-13,2.507
2012-03-13,2.299
2012-03-14,2.416
2012-03-14,2.13
2012-03-14,2.629
2012-03-14,2.284
2012-03-14,2.533
2012-03-15,2.279
2012-03-15,2.537
2012-03-15,2.635
2012-03-15,2.42
2012-03-15,2.07
2012-03-16,2.01
2012-03-16,2.642
2012-03-16,2.326
2012-03-16,2.543
2012-03-16,2.436
2012-03-19,2.14
2012-03-19,2.351
2012-03-19,2.571
2012-03-19,2.674
2012-03-19,2.466
2012-03-20,2.638
2012-03-20,2.19
2012-03-20,2.535
2012-03-20,2.335
2012-03-20,2.432
2012-03-21,2.656
2012-03-21,2.454
2012-03-21,2.36
2012-03-21,2.21
2012-03-21,2.553
2012-03-22,2.372
2012-03-22,2.583
2012-03-22,2.19
2012-03-22,2.269
2012-03-22,2.477
2012-03-23,2.373
2012-03-23,2.07
2012-03-23,2.481
2012-03-23,2.586
2012-03-23,2.275
2012-03-26,2.437
2012-03-26,2.551
2012-03-26,2.319
2012-03-26,2.226
2012-03-26,2.16
2012-03-27,2.414
2012-03-27,2.09
2012-03-27,2.536
2012-03-27,2.208
2012-03-27,2.294
2012-03-28,2.05
2012-03-28,2.522
2012-03-28,2.282
2012-03-28,2.401
2012-03-28,2.191
2012-03-29,2.39
2012-03-29,2.459
2012-03-29,2.27
2012-03-29,2.149
2012-03-29,2.02
2012-03-30,2.389
2012-03-30,2.461
2012-03-30,2.126
2012-03-30,2.259
2012-03-30,2
2012-04-02,2.432
2012-04-02,1.88
2012-04-02,2.152
2012-04-02,2.511
2012-04-02,2.29
2012-04-03,2.187
2012-04-03,2.318
2012-04-03,1.94
2012-04-03,2.457
2012-04-03,2.536
2012-04-04,2.406
2012-04-04,2.141
2012-04-04,2.267
2012-04-04,2.06
2012-04-04,2.485
2012-04-05,2.089
2012-04-05,2.406
2012-04-05,1.98
2012-04-05,2.326
2012-04-05,2.201
2012-04-09,2.355
2012-04-09,1.99
2012-04-09,2.107
2012-04-09,2.435
2012-04-09,2.223
2012-04-10,2.152
2012-04-10,2.031
2012-04-10,2.292
2012-04-10,2.374
2012-04-10,1.99
2012-04-11,1.91
2012-04-11,2.247
2012-04-11,2.105
2012-04-11,1.984
2012-04-11,2.334
2012-04-12,2.306
2012-04-12,2.218
2012-04-12,1.87
2012-04-12,1.983
2012-04-12,2.092
2012-04-13,1.981
2012-04-13,2.202
2012-04-13,2.084
2012-04-13,1.87
2012-04-13,2.287
2012-04-16,2.222
2012-04-16,1.88
2012-04-16,2.108
2012-04-16,2.305
2012-04-16,2.016
2012-04-17,1.951
2012-04-17,2.168
2012-04-17,1.89
2012-04-17,2.254
2012-04-17,2.048
2012-04-18,1.87
2012-04-18,1.951
2012-04-18,2.159
2012-04-18,2.042
2012-04-18,2.241
2012-04-19,1.85
2012-04-19,2.192
2012-04-19,2.113
2012-04-19,1.907
2012-04-19,1.995
2012-04-20,2.134
2012-04-20,1.927
2012-04-20,2.211
2012-04-20,1.82
2012-04-20,2.015
2012-04-23,1.89
2012-04-23,2.007
2012-04-23,2.203
2012-04-23,2.096
2012-04-23,2.27
2012-04-24,2.063
2012-04-24,2.174
2012-04-24,1.975
2012-04-24,2.247
2012-04-24,1.97
2012-04-25,2.286
2012-04-25,2.356
2012-04-25,2.068
2012-04-25,2.17
2012-04-25,1.99
2012-04-26,2.036
2012-04-26,2.242
2012-04-26,2.321
2012-04-26,2.1
2012-04-26,2.126
2012-04-27,2.186
2012-04-27,2.05
2012-04-27,2.375
2012-04-27,2.422
2012-04-27,2.299
2012-04-30,2.285
2012-04-30,2.394
2012-04-30,2.509
2012-04-30,2.1
2012-04-30,2.462
2012-05-01,2.532
2012-05-01,2.576
2012-05-01,2.29
2012-05-01,2.468
2012-05-01,2.371
2012-05-02,2.475
2012-05-02,2.426
2012-05-02,2.354
2012-05-02,2.253
2012-05-02,2.31
2012-05-03,2.34
2012-05-03,2.495
2012-05-03,2.43
2012-05-03,2.29
2012-05-03,2.543
2012-05-04,2.371
2012-05-04,2.279
2012-05-04,2.3
2012-05-04,2.439
2012-05-04,2.49
2012-05-07,2.538
2012-05-07,2.488
2012-05-07,2.422
2012-05-07,2.336
2012-05-07,2.3
2012-05-08,2.537
2012-05-08,2.27
2012-05-08,2.475
2012-05-08,2.393
2012-05-08,2.585
2012-05-09,2.55
2012-05-09,2.61
2012-05-09,2.465
2012-05-09,2.654
2012-05-09,2.36
2012-05-10,2.628
2012-05-10,2.487
2012-05-10,2.36
2012-05-10,2.569
2012-05-10,2.667
2012-05-11,2.641
2012-05-11,2.589
2012-05-11,2.37
2012-05-11,2.672
2012-05-11,2.509
2012-05-14,2.41
2012-05-14,2.505
2012-05-14,2.431
2012-05-14,2.562
2012-05-14,2.597
2012-05-15,2.624
2012-05-15,2.5
2012-05-15,2.568
2012-05-15,2.38
2012-05-15,2.659
2012-05-16,2.5
2012-05-16,2.687
2012-05-16,2.744
2012-05-16,2.618
2012-05-16,2.778
2012-05-17,2.594
2012-05-17,2.765
2012-05-17,2.73
2012-05-17,2.6
2012-05-17,2.673
2012-05-18,2.56
2012-05-18,2.742
2012-05-18,2.896
2012-05-18,2.822
2012-05-18,2.866
2012-05-21,2.6
2012-05-21,2.766
2012-05-21,2.734
2012-05-21,2.609
2012-05-21,2.689
2012-05-22,2.849
2012-05-22,2.776
2012-05-22,2.707
2012-05-22,2.817
2012-05-22,2.55
2012-05-23,2.737
2012-05-23,2.869
2012-05-23,2.836
2012-05-23,2.6
2012-05-23,2.796
2012-05-24,2.754
2012-05-24,2.647
2012-05-24,2.709
2012-05-24,2.79
2012-05-24,2.66
2012-05-25,2.627
2012-05-25,2.568
2012-05-25,2.678
2012-05-25,2.56
2012-05-25,2.718
2012-05-29,2.5
2012-05-29,2.584
2012-05-29,2.54
2012-05-29,2.429
2012-05-29,2.485
2012-05-30,2.512
2012-05-30,2.471
2012-05-30,2.39
2012-05-30,2.418
2012-05-30,2.585
2012-05-31,2.612
2012-05-31,2.481
2012-05-31,2.531
2012-05-31,2.34
2012-05-31,2.422
2012-06-01,2.437
2012-06-01,2.326
2012-06-01,2.24
2012-06-01,2.387
2012-06-01,2.527
2012-06-04,2.467
2012-06-04,2.415
2012-06-04,2.512
2012-06-04,2.32
2012-06-04,2.601
2012-06-05,2.54
2012-06-05,2.39
2012-06-05,2.496
2012-06-05,2.446
2012-06-05,2.628
2012-06-06,2.474
2012-06-06,2.421
2012-06-06,2.613
2012-06-06,2.41
2012-06-06,2.521
2012-06-07,2.327
2012-06-07,2.477
2012-06-07,2.377
2012-06-07,2.33
2012-06-07,2.274
2012-06-08,2.22
2012-06-08,2.344
2012-06-08,2.386
2012-06-08,2.299
2012-06-08,2.493
2012-06-11,2.218
2012-06-11,2.413
2012-06-11,2.307
2012-06-11,2.263
2012-06-11,2.22
2012-06-12,2.435
2012-06-12,2.17
2012-06-12,2.287
2012-06-12,2.333
2012-06-12,2.232
2012-06-13,2.236
2012-06-13,2.18
2012-06-13,2.281
2012-06-13,2.382
2012-06-13,2.185
2012-06-14,2.2
2012-06-14,2.667
2012-06-14,2.495
2012-06-14,2.579
2012-06-14,2.541
2012-06-15,2.514
2012-06-15,2.635
2012-06-15,2.551
2012-06-15,2.467
2012-06-15,2.44
2012-06-18,2.668
2012-06-18,2.699
2012-06-18,2.45
2012-06-18,2.775
2012-06-18,2.635
2012-06-19,2.686
2012-06-19,2.59
2012-06-19,2.604
2012-06-19,2.574
2012-06-19,2.545
2012-06-20,2.584
2012-06-20,2.6
2012-06-20,2.673
2012-06-20,2.555
2012-06-20,2.517
2012-06-21,2.48
2012-06-21,2.728
2012-06-21,2.618
2012-06-21,2.582
2012-06-21,2.645
2012-06-22,2.695
2012-06-22,2.778
2012-06-22,2.5
2012-06-22,2.668
2012-06-22,2.625
2012-06-25,2.752
2012-06-25,2.734
2012-06-25,2.694
2012-06-25,2.7
2012-06-25,2.821
2012-06-26,2.807
2012-06-26,2.767
2012-06-26,2.821
2012-06-26,2.7
2012-06-26,2.886
2012-06-27,2.774
2012-06-27,2.87
2012-06-27,2.869
2012-06-27,2.798
2012-06-27,2.809
2012-06-28,2.734
2012-06-28,3.023
2012-06-28,2.81
2012-06-28,2.722
2012-06-28,2.792
2012-06-29,2.833
2012-06-29,2.74
2012-06-29,2.824
2012-06-29,2.877
2012-06-29,3.091
2012-07-02,2.832
2012-07-02,2.73
2012-07-02,2.877
2012-07-02,3.1
2012-07-02,2.824
2012-07-03,2.955
2012-07-03,3.177
2012-07-03,2.911
2012-07-03,2.899
2012-07-03,2.78
2012-07-05,2.95
2012-07-05,2.99
2012-07-05,3.209
2012-07-05,2.9
2012-07-05,2.945
2012-07-06,2.825
2012-07-06,2.94
2012-07-06,2.786
2012-07-06,3.051
2012-07-06,2.776
2012-07-09,3.127
2012-07-09,2.79
2012-07-09,2.883
2012-07-09,2.908
2012-07-09,2.876
2012-07-10,2.87
2012-07-10,3.01
2012-07-10,2.764
2012-07-10,2.737
2012-07-10,2.728
2012-07-11,2.866
2012-07-11,2.853
2012-07-11,2.72
2012-07-11,3.094
2012-07-11,2.837
2012-07-12,2.83
2012-07-12,2.874
2012-07-12,2.869
2012-07-12,3.112
2012-07-12,2.894
2012-07-13,2.894
2012-07-13,2.874
2012-07-13,3.113
2012-07-13,2.869
2012-07-13,2.88
2012-07-16,2.801
2012-07-16,2.793
2012-07-16,3.04
2012-07-16,2.82
2012-07-16,2.92
2012-07-17,2.796
2012-07-17,2.786
2012-07-17,2.83
2012-07-17,2.819
2012-07-17,3.039
2012-07-18,2.84
2012-07-18,3.156
2012-07-18,2.97
2012-07-18,2.973
2012-07-18,2.95
2012-07-19,3.146
2012-07-19,2.99
2012-07-19,2.999
2012-07-19,2.995
2012-07-19,2.981
2012-07-20,3.03
2012-07-20,3.081
2012-07-20,3.083
2012-07-20,3.076
2012-07-20,3.219
2012-07-23,3.111
2012-07-23,3.05
2012-07-23,3.233
2012-07-23,3.116
2012-07-23,3.117
2012-07-24,3.16
2012-07-24,3.187
2012-07-24,3.18
2012-07-24,3.177
2012-07-24,3.299
2012-07-25,3.217
2012-07-25,3.064
2012-07-25,3.052
2012-07-25,3.19
2012-07-25,3.07
2012-07-26,3.106
2012-07-26,3.09
2012-07-26,3.105
2012-07-26,3.13
2012-07-26,3.262
2012-07-27,3.1
2012-07-27,3.01
2012-07-27,3.015
2012-07-27,3.208
2012-07-27,3.039
2012-07-30,3.222
2012-07-30,3.14
2012-07-30,3.37
2012-07-30,3.214
2012-07-30,3.602
2012-07-31,3.348
2012-07-31,3.209
2012-07-31,3.212
2012-07-31,3.579
2012-07-31,3.2
2012-08-01,3.297
2012-08-01,3.2
2012-08-01,3.54
2012-08-01,3.171
2012-08-01,3.171
2012-08-02,3.323
2012-08-02,3.066
2012-08-02,2.926
2012-08-02,2.92
2012-08-02,3.16
2012-08-03,2.885
2012-08-03,2.91
2012-08-03,3.277
2012-08-03,2.877
2012-08-03,3.022
2012-08-06,2.908
2012-08-06,2.9
2012-08-06,3.323
2012-08-06,2.918
2012-08-06,3.063
2012-08-07,2.982
2012-08-07,3.15
2012-08-07,2.964
2012-08-07,2.99
2012-08-07,3.409
2012-08-08,3.425
2012-08-08,2.97
2012-08-08,3.157
2012-08-08,2.961
2012-08-08,2.933
2012-08-09,3.42
2012-08-09,3.156
2012-08-09,2.97
2012-08-09,2.945
2012-08-09,2.89
2012-08-10,3.027
2012-08-10,3.311
2012-08-10,2.77
2012-08-10,2.84
2012-08-10,2.808
2012-08-13,2.988
2012-08-13,2.729
2012-08-13,3.276
2012-08-13,2.77
2012-08-13,2.768
2012-08-14,2.871
2012-08-14,3.066
2012-08-14,2.79
2012-08-14,3.343
2012-08-14,2.834
2012-08-15,3.272
2012-08-15,2.748
2012-08-15,2.82
2012-08-15,2.981
2012-08-15,2.787
2012-08-16,2.724
2012-08-16,2.949
2012-08-16,2.767
2012-08-16,3.237
2012-08-16,2.78
2012-08-17,2.719
2012-08-17,2.945
2012-08-17,2.7
2012-08-17,2.764
2012-08-17,3.235
2012-08-20,2.776
2012-08-20,2.815
2012-08-20,2.75
2012-08-20,2.998
2012-08-20,3.285
2012-08-21,2.775
2012-08-21,2.982
2012-08-21,2.8
2012-08-21,3.256
2012-08-21,2.809
2012-08-22,2.8
2012-08-22,2.826
2012-08-22,3.03
2012-08-22,2.863
2012-08-22,3.296
2012-08-23,3.021
2012-08-23,2.81
2012-08-23,2.839
2012-08-23,2.802
2012-08-23,3.291
2012-08-24,2.702
2012-08-24,2.81
2012-08-24,3.214
2012-08-24,2.734
2012-08-24,2.929
2012-08-27,2.673
2012-08-27,2.8
2012-08-27,3.144
2012-08-27,2.865
2012-08-27,2.653
2012-08-28,3.077
2012-08-28,2.614
2012-08-28,2.71
2012-08-28,2.633
2012-08-28,2.811
2012-08-29,2.634
2012-08-29,2.64
2012-08-29,2.685
2012-08-29,3.137
2012-08-29,2.867
2012-08-30,3.325
2012-08-30,2.72
2012-08-30,2.919
2012-08-30,3.186
2012-08-30,2.748
2012-08-31,3.22
2012-08-31,2.799
2012-08-31,2.72
2012-08-31,3.357
2012-08-31,2.963
2012-09-04,2.854
2012-09-04,3
2012-09-04,2.81
2012-09-04,3.379
2012-09-04,3.241
2012-09-05,2.795
2012-09-05,3.324
2012-09-05,3.18
2012-09-05,2.87
2012-09-05,2.937
2012-09-06,2.776
2012-09-06,2.91
2012-09-06,3.151
2012-09-06,2.85
2012-09-06,3.293
2012-09-07,3.079
2012-09-07,2.833
2012-09-07,2.682
2012-09-07,3.225
2012-09-07,2.73
2012-09-10,2.812
2012-09-10,2.941
2012-09-10,3.325
2012-09-10,3.181
2012-09-10,2.66
2012-09-11,3.324
2012-09-11,3.104
2012-09-11,2.992
2012-09-11,2.82
2012-09-11,3.45
2012-09-12,3.538
2012-09-12,3.41
2012-09-12,2.96
2012-09-12,3.191
2012-09-12,3.063
2012-09-13,3.164
2012-09-13,3.514
2012-09-13,3.385
2012-09-13,3.01
2012-09-13,3.037
2012-09-14,3.323
2012-09-14,3.083
2012-09-14,2.943
2012-09-14,3.456
2012-09-14,2.94
2012-09-17,2.83
2012-09-17,2.865
2012-09-17,3.417
2012-09-17,3.273
2012-09-17,3.015
2012-09-18,2.961
2012-09-18,2.74
2012-09-18,3.393
2012-09-18,2.773
2012-09-18,3.243
2012-09-19,2.762
2012-09-19,3.388
2012-09-19,3.235
2012-09-19,2.945
2012-09-19,2.7
2012-09-20,2.797
2012-09-20,2.962
2012-09-20,3.25
2012-09-20,3.402
2012-09-20,2.76
2012-09-21,3.356
2012-09-21,2.76
2012-09-21,3.071
2012-09-21,2.885
2012-09-21,3.509
2012-09-24,3.325
2012-09-24,2.837
2012-09-24,2.82
2012-09-24,3.033
2012-09-24,3.484
2012-09-25,3.538
2012-09-25,2.84
2012-09-25,2.924
2012-09-25,3.105
2012-09-25,3.382
2012-09-26,3.638
2012-09-26,2.92
2012-09-26,3.488
2012-09-26,3.023
2012-09-26,3.215
2012-09-27,3.723
2012-09-27,3.575
2012-09-27,3.01
2012-09-27,3.297
2012-09-27,3.738
2012-09-28,3.615
2012-09-28,3.32
2012-09-28,3.767
2012-09-28,3.78
2012-09-28,3.08
2012-10-01,3.48
2012-10-01,3.752
2012-10-01,3.19
2012-10-01,3.899
2012-10-01,3.891
2012-10-02,3.769
2012-10-02,3.899
2012-10-02,3.21
2012-10-02,3.531
2012-10-02,3.907
2012-10-03,3.663
2012-10-03,3.815
2012-10-03,3.21
2012-10-03,3.806
2012-10-03,3.395
2012-10-04,3.406
2012-10-04,3.835
2012-10-04,3.824
2012-10-04,3.23
2012-10-04,3.68
2012-10-05,3.26
2012-10-05,3.832
2012-10-05,3.682
2012-10-05,3.848
2012-10-05,3.396
2012-10-08,3.697
2012-10-08,3.18
2012-10-08,3.867
2012-10-08,3.849
2012-10-08,3.403
2012-10-09,3.18
2012-10-09,3.932
2012-10-09,3.467
2012-10-09,3.768
2012-10-09,3.915
2012-10-10,3.475
2012-10-10,3.26
2012-10-10,3.923
2012-10-10,3.937
2012-10-10,3.783
2012-10-11,3.28
2012-10-11,4.04
2012-10-11,3.9
2012-10-11,4.03
2012-10-11,3.604
2012-10-12,3.38
2012-10-12,4.001
2012-10-12,3.877
2012-10-12,3.611
2012-10-12,3.995
2012-10-15,3.774
2012-10-15,3.908
2012-10-15,3.486
2012-10-15,3.896
2012-10-15,3.35
2012-10-16,3.437
2012-10-16,3.27
2012-10-16,3.894
2012-10-16,3.91
2012-10-16,3.767
2012-10-17,3.47
2012-10-17,3.956
2012-10-17,3.82
2012-10-17,3.971
2012-10-17,3.24
2012-10-18,3.28
2012-10-18,3.904
2012-10-18,3.587
2012-10-18,4.036
2012-10-18,4.028
2012-10-19,3.617
2012-10-19,4.069
2012-10-19,3.947
2012-10-19,4.073
2012-10-19,3.43
2012-10-22,3.452
2012-10-22,3.913
2012-10-22,3.49
2012-10-22,3.901
2012-10-22,3.768
2012-10-23,3.983
2012-10-23,3.34
2012-10-23,3.989
2012-10-23,3.861
2012-10-23,3.535
2012-10-24,3.9
2012-10-24,3.91
2012-10-24,3.776
2012-10-24,3.45
2012-10-24,3.43
2012-10-25,3.781
2012-10-25,3.39
2012-10-25,3.434
2012-10-25,3.922
2012-10-25,3.91
2012-10-26,3.867
2012-10-26,3.4
2012-10-26,3.724
2012-10-26,3.38
2012-10-26,3.855
2012-10-29,3.935
2012-10-29,3.4
2012-10-29,3.471
2012-10-29,3.932
2012-10-29,3.803
2012-10-30,3.824
2012-10-30,3.83
2012-10-30,3.691
2012-10-30,3.42
2012-10-30,3.8
2012-10-31,3.692
2012-10-31,3.794
2012-10-31,3.82
2012-10-31,3.827
2012-10-31,3.5
2012-11-01,3.825
2012-11-01,3.818
2012-11-01,3.5
2012-11-01,3.798
2012-11-01,3.699
2012-11-02,3.687
2012-11-02,3.663
2012-11-02,3.68
2012-11-02,3.554
2012-11-02,3.4
2012-11-05,3.659
2012-11-05,3.678
2012-11-05,3.554
2012-11-05,3.34
2012-11-05,3.683
2012-11-06,3.748
2012-11-06,3.754
2012-11-06,3.729
2012-11-06,3.617
2012-11-06,3.41
2012-11-07,3.714
2012-11-07,3.695
2012-11-07,3.578
2012-11-07,3.47
2012-11-07,3.72
2012-11-08,3.719
2012-11-08,3.745
2012-11-08,3.608
2012-11-08,3.45
2012-11-08,3.737
2012-11-09,3.503
2012-11-09,3.33
2012-11-09,3.622
2012-11-09,3.647
2012-11-09,3.634
2012-11-12,3.681
2012-11-12,3.705
2012-11-12,3.695
2012-11-12,3.4
2012-11-12,3.57
2012-11-13,3.739
2012-11-13,3.863
2012-11-13,3.57
2012-11-13,3.857
2012-11-13,3.837
2012-11-14,3.66
2012-11-14,3.864
2012-11-14,3.76
2012-11-14,3.89
2012-11-14,3.879
2012-11-15,3.63
2012-11-15,3.821
2012-11-15,3.834
2012-11-15,3.703
2012-11-15,3.807
2012-11-16,3.904
2012-11-16,3.79
2012-11-16,3.46
2012-11-16,3.88
2012-11-16,3.913
2012-11-19,3.823
2012-11-19,3.837
2012-11-19,3.852
2012-11-19,3.719
2012-11-19,3.63
2012-11-20,3.62
2012-11-20,3.944
2012-11-20,3.954
2012-11-20,3.832
2012-11-20,3.921
2012-11-21,3.996
2012-11-21,4.032
2012-11-21,3.903
2012-11-21,4.02
2012-11-21,3.59
2012-11-23,4.043
2012-11-23,3.901
2012-11-23,3.59
2012-11-23,4.008
2012-11-23,4.034
2012-11-26,3.883
2012-11-26,3.73
2012-11-26,3.868
2012-11-26,3.75
2012-11-26,3.862
2012-11-27,3.77
2012-11-27,3.769
2012-11-27,3.892
2012-11-27,3.885
2012-11-27,3.906
2012-11-28,3.801
2012-11-28,3.816
2012-11-28,3.696
2012-11-28,3.71
2012-11-28,3.794
2012-11-29,3.648
2012-11-29,3.641
2012-11-29,3.668
2012-11-29,3.647
2012-11-29,3.61
2012-11-30,3.46
2012-11-30,3.573
2012-11-30,3.561
2012-11-30,3.584
2012-11-30,3.57
2012-12-03,3.615
2012-12-03,3.603
2012-12-03,3.44
2012-12-03,3.591
2012-12-03,3.601
2012-12-04,3.38
2012-12-04,3.539
2012-12-04,3.555
2012-12-04,3.562
2012-12-04,3.553
2012-12-05,3.705
2012-12-05,3.72
2012-12-05,3.707
2012-12-05,3.41
2012-12-05,3.7
2012-12-06,3.48
2012-12-06,3.677
2012-12-06,3.681
2012-12-06,3.687
2012-12-06,3.666
2012-12-07,3.33
2012-12-07,3.577
2012-12-07,3.551
2012-12-07,3.592
2012-12-07,3.578
2012-12-10,3.46
2012-12-10,3.487
2012-12-10,3.35
2012-12-10,3.515
2012-12-10,3.493
2012-12-11,3.39
2012-12-11,3.412
2012-12-11,3.441
2012-12-11,3.471
2012-12-11,3.452
2012-12-12,3.382
2012-12-12,3.33
2012-12-12,3.444
2012-12-12,3.426
2012-12-12,3.412
2012-12-13,3.347
2012-12-13,3.389
2012-12-13,3.27
2012-12-13,3.407
2012-12-13,3.438
2012-12-14,3.314
2012-12-14,3.15
2012-12-14,3.358
2012-12-14,3.38
2012-12-14,3.42
2012-12-17,3.358
2012-12-17,3.398
2012-12-17,3.2
2012-12-17,3.416
2012-12-17,3.444
2012-12-18,3.418
2012-12-18,3.29
2012-12-18,3.469
2012-12-18,3.455
2012-12-18,3.499
2012-12-19,3.32
2012-12-19,3.387
2012-12-19,3.427
2012-12-19,3.366
2012-12-19,3.25
2012-12-20,3.55
2012-12-20,3.517
2012-12-20,3.462
2012-12-20,3.495
2012-12-20,3.35
2012-12-21,3.501
2012-12-21,3.535
2012-12-21,3.42
2012-12-21,3.451
2012-12-21,3.482
2012-12-24,3.3
2012-12-24,3.378
2012-12-24,3.446
2012-12-24,3.403
2012-12-24,3.346
2012-12-26,3.392
2012-12-26,3.44
2012-12-26,3.474
2012-12-26,3.35
2012-12-26,3.425
2012-12-27,3.31
2012-12-27,3.412
2012-12-27,3.426
2012-12-27,3.458
2012-12-27,3.354
2012-12-28,3.559
2012-12-28,3.4
2012-12-28,3.482
2012-12-28,3.513
2012-12-28,3.469
2012-12-31,3.403
2012-12-31,3.453
2012-12-31,3.351
2012-12-31,3.365
2012-12-31,3.43
2013-01-02,3.349
2013-01-02,3.233
2013-01-02,3.3
2013-01-02,3.294
2013-01-02,3.255
2013-01-03,3.306
2013-01-03,3.19
2013-01-03,3.198
2013-01-03,3.25
2013-01-03,3.214
2013-01-04,3.303
2013-01-04,3.2
2013-01-04,3.287
2013-01-04,3.393
2013-01-04,3.337
2013-01-07,3.374
2013-01-07,3.266
2013-01-07,3.3
2013-01-07,3.281
2013-01-07,3.318
2013-01-08,3.275
2013-01-08,3.33
2013-01-08,3.21
2013-01-08,3.218
2013-01-08,3.234
2013-01-09,3.131
2013-01-09,3.241
2013-01-09,3.182
2013-01-09,3.113
2013-01-09,3.14
2013-01-10,3.315
2013-01-10,3.08
2013-01-10,3.208
2013-01-10,3.193
2013-01-10,3.257
2013-01-11,3.336
2013-01-11,3.371
2013-01-11,3.327
2013-01-11,3.18
2013-01-11,3.425
2013-01-14,3.39
2013-01-14,3.378
2013-01-14,3.464
2013-01-14,3.412
2013-01-14,3.373
2013-01-15,3.522
2013-01-15,3.455
2013-01-15,3.4
2013-01-15,3.478
2013-01-15,3.453
2013-01-16,3.435
2013-01-16,3.466
2013-01-16,3.513
2013-01-16,3.437
2013-01-16,3.43
2013-01-17,3.571
2013-01-17,3.523
2013-01-17,3.44
2013-01-17,3.494
2013-01-17,3.495
2013-01-18,3.566
2013-01-18,3.59
2013-01-18,3.54
2013-01-18,3.636
2013-01-18,3.565
2013-01-22,3.558
2013-01-22,3.558
2013-01-22,3.583
2013-01-22,3.634
2013-01-22,3.63
2013-01-23,3.553
2013-01-23,3.554
2013-01-23,3.53
2013-01-23,3.637
2013-01-23,3.581
2013-01-24,3.454
2013-01-24,3.49
2013-01-24,3.446
2013-01-24,3.549
2013-01-24,3.56
2013-01-25,3.42
2013-01-25,3.503
2013-01-25,3.444
2013-01-25,3.561
2013-01-25,3.463
2013-01-28,3.25
2013-01-28,3.354
2013-01-28,3.305
2013-01-28,3.289
2013-01-28,3.414
2013-01-29,3.14
2013-01-29,3.226
2013-01-29,3.309
2013-01-29,3.258
2013-01-29,3.371
2013-01-30,3.335
2013-01-30,3.506
2013-01-30,3.445
2013-01-30,3.385
2013-01-30,3.24
2013-01-31,3.515
2013-01-31,3.392
2013-01-31,3.33
2013-01-31,3.339
2013-01-31,3.452
2013-02-01,3.34
2013-02-01,3.415
2013-02-01,3.301
2013-02-01,3.478
2013-02-01,3.353
2013-02-04,3.433
2013-02-04,3.27
2013-02-04,3.369
2013-02-04,3.499
2013-02-04,3.315
2013-02-05,3.399
2013-02-05,3.513
2013-02-05,3.34
2013-02-05,3.45
2013-02-05,3.576
2013-02-06,3.521
2013-02-06,3.582
2013-02-06,3.418
2013-02-06,3.41
2013-02-06,3.464
2013-02-07,3.285
2013-02-07,3.411
2013-02-07,3.345
2013-02-07,3.39
2013-02-07,3.474
2013-02-08,3.26
2013-02-08,3.408
2013-02-08,3.337
2013-02-08,3.272
2013-02-08,3.471
2013-02-11,3.2
2013-02-11,3.346
2013-02-11,3.279
2013-02-11,3.416
2013-02-11,3.478
2013-02-12,3.296
2013-02-12,3.364
2013-02-12,3.23
2013-02-12,3.422
2013-02-12,3.3
2013-02-13,3.371
2013-02-13,3.493
2013-02-13,3.437
2013-02-13,3.306
2013-02-13,3.29
2013-02-14,3.163
2013-02-14,3.363
2013-02-14,3.301
2013-02-14,3.231
2013-02-14,3.3
2013-02-15,3.19
2013-02-15,3.153
2013-02-15,3.346
2013-02-15,3.286
2013-02-15,3.218
2013-02-19,3.447
2013-02-19,3.272
2013-02-19,3.23
2013-02-19,3.395
2013-02-19,3.331
2013-02-20,3.34
2013-02-20,3.392
2013-02-20,3.279
2013-02-20,3.445
2013-02-20,3.331
2013-02-21,3.246
2013-02-21,3.415
2013-02-21,3.36
2013-02-21,3.298
2013-02-21,3.29
2013-02-22,3.349
2013-02-22,3.406
2013-02-22,3.291
2013-02-22,3.27
2013-02-22,3.461
2013-02-25,3.414
2013-02-25,3.42
2013-02-25,3.47
2013-02-25,3.522
2013-02-25,3.573
2013-02-26,3.456
2013-02-26,3.504
2013-02-26,3.554
2013-02-26,3.427
2013-02-26,3.46
2013-02-27,3.434
2013-02-27,3.583
2013-02-27,3.49
2013-02-27,3.481
2013-02-27,3.53
2013-02-28,3.579
2013-02-28,3.486
2013-02-28,3.634
2013-02-28,3.531
2013-02-28,3.48
2013-03-01,3.612
2013-03-01,3.456
2013-03-01,3.555
2013-03-01,3.54
2013-03-01,3.504
2013-03-04,3.53
2013-03-04,3.672
2013-03-04,3.572
2013-03-04,3.529
2013-03-04,3.618
2013-03-05,3.676
2013-03-05,3.63
2013-03-05,3.529
2013-03-05,3.575
2013-03-05,3.621
2013-03-06,3.47
2013-03-06,3.568
2013-03-06,3.519
2013-03-06,3.57
2013-03-06,3.624
2013-03-07,3.627
2013-03-07,3.54
2013-03-07,3.673
2013-03-07,3.582
2013-03-07,3.724
2013-03-08,3.629
2013-03-08,3.77
2013-03-08,3.673
2013-03-08,3.718
2013-03-08,3.57
2013-03-11,3.787
2013-03-11,3.689
2013-03-11,3.734
2013-03-11,3.64
2013-03-11,3.649
2013-03-12,3.726
2013-03-12,3.71
2013-03-12,3.684
2013-03-12,3.778
2013-03-12,3.645
2013-03-13,3.759
2013-03-13,3.809
2013-03-13,3.718
2013-03-13,3.68
2013-03-13,3.72
2013-03-14,3.933
2013-03-14,3.812
2013-03-14,3.887
2013-03-14,3.848
2013-03-14,3.74
2013-03-15,3.909
2013-03-15,3.872
2013-03-15,3.952
2013-03-15,3.89
2013-03-15,3.995
2013-03-18,4.001
2013-03-18,3.98
2013-03-18,3.914
2013-03-18,3.956
2013-03-18,3.882
2013-03-19,3.995
2013-03-19,4.074
2013-03-19,3.96
2013-03-19,4.031
2013-03-19,3.969
2013-03-20,4.059
2013-03-20,3.97
2013-03-20,3.985
2013-03-20,4.02
2013-03-20,3.96
2013-03-21,3.961
2013-03-21,3.935
2013-03-21,4.01
2013-03-21,4.038
2013-03-21,3.998
2013-03-22,3.952
2013-03-22,3.993
2013-03-22,4.038
2013-03-22,4.01
2013-03-22,3.927
2013-03-25,3.93
2013-03-25,3.888
2013-03-25,4.08
2013-03-25,3.865
2013-03-25,3.977
2013-03-26,3.976
2013-03-26,4.076
2013-03-26,3.991
2013-03-26,3.99
2013-03-26,4.031
2013-03-27,4.167
2013-03-27,4.068
2013-03-27,4.108
2013-03-27,4.154
2013-03-27,4.08
2013-03-28,4.113
2013-03-28,4.13
2013-03-28,4.066
2013-03-28,4.024
2013-03-28,4.03
2013-04-01,4.13
2013-04-01,3.97
2013-04-01,4.11
2013-04-01,4.061
2013-04-01,4.015
2013-04-02,4.019
2013-04-02,4.07
2013-04-02,4.07
2013-04-02,4.092
2013-04-02,3.969
2013-04-03,3.95
2013-04-03,4
2013-04-03,3.9
2013-04-03,4.023
2013-04-03,4.001
2013-04-04,3.94
2013-04-04,3.947
2013-04-04,4.041
2013-04-04,4.062
2013-04-04,3.99
2013-04-05,4.224
2013-04-05,4.16
2013-04-05,4.206
2013-04-05,3.98
2013-04-05,4.125
2013-04-08,4.118
2013-04-08,4.187
2013-04-08,4.082
2013-04-08,4.18
2013-04-08,4.167
2013-04-09,4.08
2013-04-09,4.107
2013-04-09,4.128
2013-04-09,4.017
2013-04-09,4.057
2013-04-10,4.127
2013-04-10,4.07
2013-04-10,4.191
2013-04-10,4.174
2013-04-10,4.085
2013-04-11,4.139
2013-04-11,4.225
2013-04-11,4.11
2013-04-11,4.248
2013-04-11,4.179
2013-04-12,4.222
2013-04-12,4.21
2013-04-12,4.261
2013-04-12,4.333
2013-04-12,4.308
2013-04-15,4.243
2013-04-15,4.23
2013-04-15,4.168
2013-04-15,4.137
2013-04-15,4.214
2013-04-16,4.16
2013-04-16,4.188
2013-04-16,4.256
2013-04-16,4.19
2013-04-16,4.23
2013-04-17,4.288
2013-04-17,4.316
2013-04-17,4.214
2013-04-17,4.24
2013-04-17,4.243
2013-04-18,4.492
2013-04-18,4.401
2013-04-18,4.473
2013-04-18,4.23
2013-04-18,4.432
2013-04-19,4.437
2013-04-19,4.38
2013-04-19,4.479
2013-04-19,4.5
2013-04-19,4.408
2013-04-22,4.33
2013-04-22,4.338
2013-04-22,4.36
2013-04-22,4.298
2013-04-22,4.267
2013-04-23,4.344
2013-04-23,4.278
2013-04-23,4.322
2013-04-23,4.238
2013-04-23,4.27
2013-04-24,4.25
2013-04-24,4.203
2013-04-24,4.166
2013-04-24,4.266
2013-04-24,4.246
2013-04-25,4.2
2013-04-25,4.264
2013-04-25,4.167
2013-04-25,4.19
2013-04-25,4.242
2013-04-26,4.152
2013-04-26,4.223
2013-04-26,4.29
2013-04-26,4.16
2013-04-26,4.268
2013-04-29,4.441
2013-04-29,4.459
2013-04-29,4.466
2013-04-29,4.392
2013-04-29,4.28
2013-04-30,4.42
2013-04-30,4.3
2013-04-30,4.394
2013-04-30,4.343
2013-04-30,4.414
2013-05-01,4.31
2013-05-01,4.407
2013-05-01,4.379
2013-05-01,4.402
2013-05-01,4.326
2013-05-02,4.025
2013-05-02,4.077
2013-05-02,4.103
2013-05-02,4.28
2013-05-02,4.105
2013-05-03,3.98
2013-05-03,4.093
2013-05-03,4.117
2013-05-03,4.041
2013-05-03,4.12
2013-05-06,4.09
2013-05-06,3.93
2013-05-06,4.011
2013-05-06,4.093
2013-05-06,4.064
2013-05-07,4.003
2013-05-07,4.003
2013-05-07,3.88
2013-05-07,3.92
2013-05-07,3.974
2013-05-08,3.978
2013-05-08,4.057
2013-05-08,3.86
2013-05-08,4.03
2013-05-08,4.059
2013-05-09,4.033
2013-05-09,4.06
2013-05-09,3.87
2013-05-09,4.058
2013-05-09,3.983
2013-05-10,3.983
2013-05-10,3.982
2013-05-10,3.96
2013-05-10,3.9
2013-05-10,3.91
2013-05-13,3.993
2013-05-13,3.925
2013-05-13,3.971
2013-05-13,3.992
2013-05-13,3.87
2013-05-14,4.068
2013-05-14,4.087
2013-05-14,3.93
2013-05-14,4.024
2013-05-14,4.084
2013-05-15,4.07
2013-05-15,4.03
2013-05-15,4.13
2013-05-15,4.133
2013-05-15,4.113
2013-05-16,4.003
2013-05-16,3.982
2013-05-16,3.932
2013-05-16,4.01
2013-05-16,4.005
2013-05-17,4.055
2013-05-17,4.125
2013-05-17,3.89
2013-05-17,4.124
2013-05-17,4.103
2013-05-20,4.164
2013-05-20,4.164
2013-05-20,4.1
2013-05-20,4.141
2013-05-20,4.09
2013-05-21,4.192
2013-05-21,4.13
2013-05-21,4.256
2013-05-21,4.239
2013-05-21,4.259
2013-05-22,4.186
2013-05-22,4.233
2013-05-22,4.249
2013-05-22,4.16
2013-05-22,4.253
2013-05-23,4.261
2013-05-23,4.307
2013-05-23,4.15
2013-05-23,4.311
2013-05-23,4.322
2013-05-24,4.15
2013-05-24,4.237
2013-05-24,4.303
2013-05-24,4.284
2013-05-24,4.294
2013-05-28,4.224
2013-05-28,4.19
2013-05-28,4.243
2013-05-28,4.236
2013-05-28,4.174
2013-05-29,4.203
2013-05-29,4.195
2013-05-29,4.15
2013-05-29,4.184
2013-05-29,4.148
2013-05-30,4.12
2013-05-30,4.023
2013-05-30,4.037
2013-05-30,4.043
2013-05-30,4.052
2013-05-31,3.984
2013-05-31,3.997
2013-05-31,4.02
2013-05-31,4.003
2013-05-31,4.01
2013-06-03,4
2013-06-03,4
2013-06-03,3.991
2013-06-03,4.012
2013-06-03,4.009
2013-06-04,4.021
2013-06-04,3.998
2013-06-04,4.008
2013-06-04,4
2013-06-04,4.015
2013-06-05,3.99
2013-06-05,4.001
2013-06-05,4.023
2013-06-05,4.015
2013-06-05,4.01
2013-06-06,3.856
2013-06-06,3.841
2013-06-06,3.827
2013-06-06,3.843
2013-06-06,3.93
2013-06-07,3.828
2013-06-07,3.79
2013-06-07,3.866
2013-06-07,3.851
2013-06-07,3.848
2013-06-10,3.825
2013-06-10,3.821
2013-06-10,3.8
2013-06-10,3.84
2013-06-10,3.85
2013-06-11,3.743
2013-06-11,3.724
2013-06-11,3.746
2013-06-11,3.77
2013-06-11,3.762
2013-06-12,3.797
2013-06-12,3.816
2013-06-12,3.799
2013-06-12,3.74
2013-06-12,3.777
2013-06-13,3.855
2013-06-13,3.84
2013-06-13,3.73
2013-06-13,3.837
2013-06-13,3.814
2013-06-14,3.759
2013-06-14,3.733
2013-06-14,3.761
2013-06-14,3.776
2013-06-14,3.76
2013-06-17,3.875
2013-06-17,3.78
2013-06-17,3.896
2013-06-17,3.897
2013-06-17,3.908
2013-06-18,3.905
2013-06-18,3.934
2013-06-18,3.924
2013-06-18,3.927
2013-06-18,3.9
2013-06-19,3.985
2013-06-19,3.93
2013-06-19,3.988
2013-06-19,3.963
2013-06-19,3.979
2013-06-20,3.897
2013-06-20,3.908
2013-06-20,3.899
2013-06-20,3.877
2013-06-20,3.9
2013-06-21,3.793
2013-06-21,3.85
2013-06-21,3.771
2013-06-21,3.804
2013-06-21,3.789
2013-06-24,3.76
2013-06-24,3.757
2013-06-24,3.81
2013-06-24,3.772
2013-06-24,3.739
2013-06-25,3.77
2013-06-25,3.684
2013-06-25,3.668
2013-06-25,3.647
2013-06-25,3.67
2013-06-26,3.734
2013-06-26,3.72
2013-06-26,3.748
2013-06-26,3.737
2013-06-26,3.707
2013-06-27,3.669
2013-06-27,3.582
2013-06-27,3.577
2013-06-27,3.73
2013-06-27,3.593
2013-06-28,3.559
2013-06-28,3.572
2013-06-28,3.565
2013-06-28,3.646
2013-06-28,3.57
2013-07-01,3.587
2013-07-01,3.52
2013-07-01,3.661
2013-07-01,3.577
2013-07-01,3.573
2013-07-02,3.654
2013-07-02,3.58
2013-07-02,3.666
2013-07-02,3.651
2013-07-02,3.738
2013-07-03,3.703
2013-07-03,3.774
2013-07-03,3.689
2013-07-03,3.69
2013-07-03,3.54
2013-07-05,3.706
2013-07-05,3.634
2013-07-05,3.618
2013-07-05,3.617
2013-07-05,3.52
2013-07-08,3.65
2013-07-08,3.822
2013-07-08,3.753
2013-07-08,3.74
2013-07-08,3.741
2013-07-09,3.69
2013-07-09,3.748
2013-07-09,3.657
2013-07-09,3.658
2013-07-09,3.674
2013-07-10,3.682
2013-07-10,3.68
2013-07-10,3.77
2013-07-10,3.69
2013-07-10,3.697
2013-07-11,3.614
2013-07-11,3.629
2013-07-11,3.613
2013-07-11,3.705
2013-07-11,3.64
2013-07-12,3.644
2013-07-12,3.644
2013-07-12,3.61
2013-07-12,3.737
2013-07-12,3.658
2013-07-15,3.67
2013-07-15,3.761
2013-07-15,3.672
2013-07-15,3.684
2013-07-15,3.674
2013-07-16,3.676
2013-07-16,3.763
2013-07-16,3.689
2013-07-16,3.69
2013-07-16,3.677
2013-07-17,3.629
2013-07-17,3.63
2013-07-17,3.72
2013-07-17,3.67
2013-07-17,3.643
2013-07-18,3.812
2013-07-18,3.81
2013-07-18,3.819
2013-07-18,3.884
2013-07-18,3.66
2013-07-19,3.789
2013-07-19,3.78
2013-07-19,3.863
2013-07-19,3.796
2013-07-19,3.788
2013-07-22,3.691
2013-07-22,3.761
2013-07-22,3.677
2013-07-22,3.71
2013-07-22,3.679
2013-07-23,3.76
2013-07-23,3.748
2013-07-23,3.68
2013-07-23,3.83
2013-07-23,3.743
2013-07-24,3.7
2013-07-24,3.698
2013-07-24,3.717
2013-07-24,3.787
2013-07-24,3.703
2013-07-25,3.647
2013-07-25,3.664
2013-07-25,3.742
2013-07-25,3.644
2013-07-25,3.68
2013-07-26,3.59
2013-07-26,3.582
2013-07-26,3.563
2013-07-26,3.555
2013-07-26,3.664
2013-07-29,3.586
2013-07-29,3.494
2013-07-29,3.472
2013-07-29,3.459
2013-07-29,3.49
2013-07-30,3.432
2013-07-30,3.48
2013-07-30,3.733
2013-07-30,3.555
2013-07-30,3.454
2013-07-31,3.446
2013-07-31,3.573
2013-07-31,3.46
2013-07-31,3.471
2013-07-31,3.752
2013-08-01,3.415
2013-08-01,3.524
2013-08-01,3.387
2013-08-01,3.707
2013-08-01,3.44
2013-08-02,3.347
2013-08-02,3.39
2013-08-02,3.375
2013-08-02,3.668
2013-08-02,3.482
2013-08-05,3.454
2013-08-05,3.33
2013-08-05,3.346
2013-08-05,3.643
2013-08-05,3.319
2013-08-06,3.636
2013-08-06,3.35
2013-08-06,3.45
2013-08-06,3.318
2013-08-06,3.343
2013-08-07,3.578
2013-08-07,3.392
2013-08-07,3.32
2013-08-07,3.272
2013-08-07,3.247
2013-08-08,3.624
2013-08-08,3.321
2013-08-08,3.27
2013-08-08,3.297
2013-08-08,3.442
2013-08-09,3.389
2013-08-09,3.574
2013-08-09,3.23
2013-08-09,3.257
2013-08-09,3.32
2013-08-12,3.467
2013-08-12,3.31
2013-08-12,3.648
2013-08-12,3.335
2013-08-12,3.34
2013-08-13,3.623
2013-08-13,3.285
2013-08-13,3.312
2013-08-13,3.44
2013-08-13,3.34
2013-08-14,3.487
2013-08-14,3.342
2013-08-14,3.669
2013-08-14,3.365
2013-08-14,3.36
2013-08-15,3.34
2013-08-15,3.419
2013-08-15,3.562
2013-08-15,3.742
2013-08-15,3.443
2013-08-16,3.368
2013-08-16,3.393
2013-08-16,3.35
2013-08-16,3.513
2013-08-16,3.697
2013-08-19,3.788
2013-08-19,3.46
2013-08-19,3.487
2013-08-19,3.463
2013-08-19,3.608
2013-08-20,3.601
2013-08-20,3.48
2013-08-20,3.78
2013-08-20,3.473
2013-08-20,3.444
2013-08-21,3.491
2013-08-21,3.46
2013-08-21,3.795
2013-08-21,3.618
2013-08-21,3.51
2013-08-22,3.52
2013-08-22,3.545
2013-08-22,3.87
2013-08-22,3.575
2013-08-22,3.696
2013-08-23,3.814
2013-08-23,3.521
2013-08-23,3.5
2013-08-23,3.643
2013-08-23,3.485
2013-08-26,3.668
2013-08-26,3.513
2013-08-26,3.553
2013-08-26,3.55
2013-08-26,3.835
2013-08-27,3.686
2013-08-27,3.5
2013-08-27,3.534
2013-08-27,3.573
2013-08-27,3.851
2013-08-28,3.582
2013-08-28,3.851
2013-08-28,3.567
2013-08-28,3.69
2013-08-28,3.54
2013-08-29,3.58
2013-08-29,3.618
2013-08-29,3.72
2013-08-29,3.874
2013-08-29,3.958
2013-08-30,3.841
2013-08-30,3.57
2013-08-30,3.581
2013-08-30,3.926
2013-08-30,3.684
2013-09-03,3.985
2013-09-03,3.64
2013-09-03,3.905
2013-09-03,3.76
2013-09-03,3.666
2013-09-04,3.767
2013-09-04,3.68
2013-09-04,3.915
2013-09-04,3.683
2013-09-04,3.994
2013-09-05,3.7
2013-09-05,3.83
2013-09-05,3.912
2013-09-05,3.575
2013-09-05,3.666
2013-09-06,3.53
2013-09-06,3.617
2013-09-06,3.781
2013-09-06,3.55
2013-09-06,3.866
2013-09-09,3.921
2013-09-09,3.838
2013-09-09,3.62
2013-09-09,3.681
2013-09-09,3.605
2013-09-10,3.907
2013-09-10,3.65
2013-09-10,3.584
2013-09-10,3.821
2013-09-10,3.662
2013-09-11,3.643
2013-09-11,3.6
2013-09-11,3.567
2013-09-11,3.883
2013-09-11,3.798
2013-09-12,3.943
2013-09-12,3.57
2013-09-12,3.857
2013-09-12,3.712
2013-09-12,3.638
2013-09-13,3.677
2013-09-13,3.989
2013-09-13,3.902
2013-09-13,3.755
2013-09-13,3.6
2013-09-16,3.64
2013-09-16,3.738
2013-09-16,3.958
2013-09-16,4.041
2013-09-16,3.814
2013-09-17,3.822
2013-09-17,4.054
2013-09-17,3.745
2013-09-17,3.77
2013-09-17,3.97
2013-09-18,4.033
2013-09-18,3.787
2013-09-18,3.944
2013-09-18,3.713
2013-09-18,3.72
2013-09-19,3.72
2013-09-19,3.73
2013-09-19,3.96
2013-09-19,4.05
2013-09-19,3.795
2013-09-20,3.932
2013-09-20,3.68
2013-09-20,3.763
2013-09-20,3.687
2013-09-20,4.024
2013-09-23,3.66
2013-09-23,3.602
2013-09-23,3.941
2013-09-23,3.847
2013-09-23,3.677
2013-09-24,3.559
2013-09-24,3.59
2013-09-24,3.831
2013-09-24,3.492
2013-09-24,3.734
2013-09-25,3.719
2013-09-25,3.52
2013-09-25,3.817
2013-09-25,3.493
2013-09-25,3.546
2013-09-26,3.567
2013-09-26,3.49
2013-09-26,3.853
2013-09-26,3.751
2013-09-26,3.498
2013-09-27,3.51
2013-09-27,3.872
2013-09-27,3.769
2013-09-27,3.878
2013-09-27,3.589
2013-09-30,3.56
2013-09-30,3.48
2013-09-30,3.831
2013-09-30,3.729
2013-09-30,3.837
2013-10-01,3.56
2013-10-01,3.868
2013-10-01,3.609
2013-10-01,3.862
2013-10-01,3.765
2013-10-02,3.803
2013-10-02,3.702
2013-10-02,3.81
2013-10-02,3.63
2013-10-02,3.542
2013-10-03,3.779
2013-10-03,3.664
2013-10-03,3.772
2013-10-03,3.499
2013-10-03,3.58
2013-10-04,3.785
2013-10-04,3.791
2013-10-04,3.57
2013-10-04,3.674
2013-10-04,3.506
2013-10-07,3.902
2013-10-07,3.629
2013-10-07,3.788
2013-10-07,3.62
2013-10-07,3.898
2013-10-08,3.869
2013-10-08,3.969
2013-10-08,3.72
2013-10-08,3.973
2013-10-08,3.716
2013-10-09,3.679
2013-10-09,3.943
2013-10-09,3.7
2013-10-09,3.947
2013-10-09,3.839
2013-10-10,3.976
2013-10-10,3.877
2013-10-10,3.74
2013-10-10,3.98
2013-10-10,3.723
2013-10-11,4.023
2013-10-11,3.929
2013-10-11,3.776
2013-10-11,4.026
2013-10-11,3.74
2013-10-14,4.064
2013-10-14,3.82
2013-10-14,3.966
2013-10-14,3.82
2013-10-14,4.059
2013-10-15,3.79
2013-10-15,3.83
2013-10-15,4.027
2013-10-15,4.032
2013-10-15,3.935
2013-10-16,3.769
2013-10-16,3.998
2013-10-16,3.994
2013-10-16,3.905
2013-10-16,3.84
2013-10-17,3.757
2013-10-17,3.886
2013-10-17,3.974
2013-10-17,3.75
2013-10-17,3.979
2013-10-18,3.992
2013-10-18,3.764
2013-10-18,3.72
2013-10-18,3.985
2013-10-18,3.897
2013-10-21,3.893
2013-10-21,3.793
2013-10-21,3.668
2013-10-21,3.884
2013-10-21,3.77
2013-10-22,3.798
2013-10-22,3.808
2013-10-22,3.581
2013-10-22,3.7
2013-10-22,3.706
2013-10-23,3.818
2013-10-23,3.733
2013-10-23,3.619
2013-10-23,3.66
2013-10-23,3.824
2013-10-24,3.629
2013-10-24,3.825
2013-10-24,3.65
2013-10-24,3.743
2013-10-24,3.832
2013-10-25,3.812
2013-10-25,3.891
2013-10-25,3.886
2013-10-25,3.707
2013-10-25,3.69
2013-10-28,3.739
2013-10-28,3.61
2013-10-28,3.569
2013-10-28,3.748
2013-10-28,3.661
2013-10-29,3.496
2013-10-29,3.57
2013-10-29,3.714
2013-10-29,3.629
2013-10-29,3.724
2013-10-30,3.708
2013-10-30,3.55
2013-10-30,3.723
2013-10-30,3.62
2013-10-30,3.711
2013-10-31,3.663
2013-10-31,3.658
2013-10-31,3.57
2013-10-31,3.672
2013-10-31,3.581
2013-11-01,3.587
2013-11-01,3.45
2013-11-01,3.598
2013-11-01,3.591
2013-11-01,3.513
2013-11-04,3.533
2013-11-04,3.523
2013-11-04,3.445
2013-11-04,3.524
2013-11-04,3.38
2013-11-05,3.558
2013-11-05,3.37
2013-11-05,3.466
2013-11-05,3.551
2013-11-05,3.567
2013-11-06,3.572
2013-11-06,3.46
2013-11-06,3.498
2013-11-06,3.566
2013-11-06,3.58
2013-11-07,3.584
2013-11-07,3.59
2013-11-07,3.574
2013-11-07,3.575
2013-11-07,3.519
2013-11-08,3.559
2013-11-08,3.624
2013-11-08,3.54
2013-11-08,3.616
2013-11-08,3.615
2013-11-11,3.629
2013-11-11,3.623
2013-11-11,3.62
2013-11-11,3.574
2013-11-11,3.621
2013-11-12,3.666
2013-11-12,3.671
2013-11-12,3.662
2013-11-12,3.69
2013-11-12,3.617
2013-11-13,3.566
2013-11-13,3.621
2013-11-13,3.618
2013-11-13,3.614
2013-11-13,3.69
2013-11-14,3.66
2013-11-14,3.52
2013-11-14,3.65
2013-11-14,3.605
2013-11-14,3.655
2013-11-15,3.713
2013-11-15,3.66
2013-11-15,3.703
2013-11-15,3.56
2013-11-15,3.708
2013-11-18,3.671
2013-11-18,3.617
2013-11-18,3.664
2013-11-18,3.667
2013-11-18,3.71
2013-11-19,3.612
2013-11-19,3.607
2013-11-19,3.63
2013-11-19,3.605
2013-11-19,3.556
2013-11-20,3.713
2013-11-20,3.716
2013-11-20,3.674
2013-11-20,3.71
2013-11-20,3.63
2013-11-21,3.702
2013-11-21,3.74
2013-11-21,3.68
2013-11-21,3.735
2013-11-21,3.742
2013-11-22,3.768
2013-11-22,3.811
2013-11-22,3.801
2013-11-22,3.78
2013-11-22,3.811
2013-11-25,3.847
2013-11-25,3.85
2013-11-25,3.789
2013-11-25,3.842
2013-11-25,3.84
2013-11-26,3.87
2013-11-26,3.864
2013-11-26,3.818
2013-11-26,3.87
2013-11-26,3.865
2013-11-27,3.899
2013-11-27,3.895
2013-11-27,3.855
2013-11-27,3.891
2013-11-27,3.87
2013-11-29,3.944
2013-11-29,3.902
2013-11-29,3.87
2013-11-29,3.954
2013-11-29,3.957
2013-12-02,3.92
2013-12-02,3.984
2013-12-02,3.988
2013-12-02,3.85
2013-12-02,3.965
2013-12-03,3.955
2013-12-03,3.976
2013-12-03,3.918
2013-12-03,3.974
2013-12-03,3.84
2013-12-04,3.89
2013-12-04,3.944
2013-12-04,3.958
2013-12-04,3.96
2013-12-04,3.912
2013-12-05,4.132
2013-12-05,3.97
2013-12-05,4.016
2013-12-05,4.086
2013-12-05,4.114
2013-12-06,4.11
2013-12-06,4.15
2013-12-06,4.036
2013-12-06,4.114
2013-12-06,4.096
2013-12-09,4.225
2013-12-09,4.232
2013-12-09,4.24
2013-12-09,4.203
2013-12-09,4.125
2013-12-10,4.128
2013-12-10,4.231
2013-12-10,4.24
2013-12-10,4.204
2013-12-10,4.237
2013-12-11,4.331
2013-12-11,4.163
2013-12-11,4.296
2013-12-11,4.337
2013-12-11,4.24
2013-12-12,4.401
2013-12-12,4.363
2013-12-12,4.4
2013-12-12,4.409
2013-12-12,4.17
2013-12-13,4.138
2013-12-13,4.35
2013-12-13,4.32
2013-12-13,4.351
2013-12-13,4.44
2013-12-16,4.14
2013-12-16,4.286
2013-12-16,4.279
2013-12-16,4.264
2013-12-16,4.21
2013-12-17,4.2
2013-12-17,4.304
2013-12-17,4.287
2013-12-17,4.145
2013-12-17,4.286
2013-12-18,4.25
2013-12-18,4.259
2013-12-18,4.251
2013-12-18,4.274
2013-12-18,4.115
2013-12-19,4.214
2013-12-19,4.25
2013-12-19,4.489
2013-12-19,4.46
2013-12-19,4.473
2013-12-20,4.418
2013-12-20,4.453
2013-12-20,4.175
2013-12-20,4.35
2013-12-20,4.467
2013-12-23,4.52
2013-12-23,4.5
2013-12-23,4.463
2013-12-23,4.519
2013-12-23,4.192
2013-12-24,4.442
2013-12-24,4.469
2013-12-24,4.416
2013-12-24,4.52
2013-12-24,4.172
2013-12-26,4.22
2013-12-26,4.441
2013-12-26,4.433
2013-12-26,4.476
2013-12-26,4.4
2013-12-27,4.407
2013-12-27,4.368
2013-12-27,4.336
2013-12-27,4.178
2013-12-27,4.34
2013-12-30,4.222
2013-12-30,4.241
2013-12-30,4.382
2013-12-30,4.41
2013-12-30,4.427
2013-12-31,4.23
2013-12-31,4.105
2013-12-31,4.193
2013-12-31,4.31
2013-12-31,4.095
2014-01-02,4.32
2014-01-02,4.183
2014-01-02,4.296
2014-01-02,4.321
2014-01-02,4.171
2014-01-03,4.156
2014-01-03,4.168
2014-01-03,4.39
2014-01-03,4.304
2014-01-03,4.282
2014-01-06,4.166
2014-01-06,4.306
2014-01-06,4.5
2014-01-06,4.178
2014-01-06,4.284
2014-01-07,4.149
2014-01-07,4.58
2014-01-07,4.267
2014-01-07,4.299
2014-01-07,4.138
2014-01-08,4.175
2014-01-08,4.36
2014-01-08,4.057
2014-01-08,4.044
2014-01-08,4.216
2014-01-09,4.005
2014-01-09,3.888
2014-01-09,4.15
2014-01-09,3.897
2014-01-09,3.982
2014-01-10,3.894
2014-01-10,3.905
2014-01-10,4.021
2014-01-10,3.95
2014-01-10,4.053
2014-01-13,4.274
2014-01-13,4.19
2014-01-13,4.224
2014-01-13,4.035
2014-01-13,4.056
2014-01-14,4.36
2014-01-14,4.114
2014-01-14,4.315
2014-01-14,4.369
2014-01-14,4.091
2014-01-15,4.085
2014-01-15,4.45
2014-01-15,4.278
2014-01-15,4.325
2014-01-15,4.064
2014-01-16,4.55
2014-01-16,4.112
2014-01-16,4.092
2014-01-16,4.382
2014-01-16,4.324
2014-01-17,4.081
2014-01-17,4.259
2014-01-17,4.326
2014-01-17,4.39
2014-01-17,4.068
2014-01-20,4.326
2014-01-20,4.081
2014-01-20,4.259
2014-01-20,4.068
2014-01-21,4.166
2014-01-21,4.431
2014-01-21,4.61
2014-01-21,4.179
2014-01-21,4.358
2014-01-22,4.268
2014-01-22,4.689
2014-01-22,4.92
2014-01-22,4.55
2014-01-22,4.245
2014-01-23,5.64
2014-01-23,4.579
2014-01-23,4.73
2014-01-23,4.29
2014-01-23,4.257
2014-01-24,5.17
2014-01-24,4.421
2014-01-24,5.182
2014-01-24,4.326
2014-01-24,4.998
2014-01-27,4.847
2014-01-27,4.286
2014-01-27,4.234
2014-01-27,4.674
2014-01-27,5.66
2014-01-28,4.401
2014-01-28,4.321
2014-01-28,5.033
2014-01-28,5.25
2014-01-28,4.941
2014-01-29,4.452
2014-01-29,5.557
2014-01-29,5.23
2014-01-29,4.561
2014-01-29,5.465
2014-01-30,4.358
2014-01-30,4.284
2014-01-30,4.302
2014-01-30,5.011
2014-01-30,5.27
2014-01-31,4.454
2014-01-31,4.943
2014-01-31,4.396
2014-01-31,4.379
2014-01-31,5.04
2014-02-03,4.45
2014-02-03,4.469
2014-02-03,4.507
2014-02-03,5.04
2014-02-03,4.905
2014-02-04,5.375
2014-02-04,4.59
2014-02-04,4.579
2014-02-04,4.665
2014-02-04,5.78
2014-02-05,4.546
2014-02-05,8.12
2014-02-05,5.03
2014-02-05,4.5
2014-02-05,4.485
2014-02-06,6.9
2014-02-06,4.931
2014-02-06,4.562
2014-02-06,4.533
2014-02-06,4.516
2014-02-07,4.516
2014-02-07,5.92
2014-02-07,4.775
2014-02-07,4.49
2014-02-07,4.512
2014-02-10,4.406
2014-02-10,8.15
2014-02-10,4.395
2014-02-10,4.421
2014-02-10,4.579
2014-02-11,4.57
2014-02-11,4.562
2014-02-11,4.824
2014-02-11,4.541
2014-02-11,7.75
2014-02-12,4.553
2014-02-12,5.96
2014-02-12,4.553
2014-02-12,4.822
2014-02-12,4.533
2014-02-13,4.632
2014-02-13,4.61
2014-02-13,4.591
2014-02-13,5.34
2014-02-13,5.223
2014-02-14,5.54
2014-02-14,5.214
2014-02-14,4.526
2014-02-14,4.548
2014-02-14,4.577
2014-02-17,4.548
2014-02-17,4.526
2014-02-17,4.577
2014-02-17,5.214
2014-02-18,5.8
2014-02-18,4.753
2014-02-18,4.662
2014-02-18,4.675
2014-02-18,5.551
2014-02-19,4.762
2014-02-19,6
2014-02-19,6.149
2014-02-19,4.754
2014-02-19,4.95
2014-02-20,6.064
2014-02-20,4.679
2014-02-20,5.96
2014-02-20,4.856
2014-02-20,4.669
2014-02-21,6.24
2014-02-21,4.773
2014-02-21,5.012
2014-02-21,6.135
2014-02-21,4.766
2014-02-24,4.518
2014-02-24,4.62
2014-02-24,5.445
2014-02-24,6.08
2014-02-24,4.544
2014-02-25,5.21
2014-02-25,4.565
2014-02-25,5.096
2014-02-25,4.583
2014-02-25,4.691
2014-02-26,4.464
2014-02-26,4.855
2014-02-26,4.541
2014-02-26,4.81
2014-02-26,4.484
2014-02-27,4.61
2014-02-27,4.474
2014-02-27,4.511
2014-02-27,4.495
2014-02-27,4.529
2014-02-28,4.568
2014-02-28,4.599
2014-02-28,4.55
2014-02-28,4.8
2014-02-28,4.609
2014-03-03,4.513
2014-03-03,4.478
2014-03-03,4.455
2014-03-03,7.09
2014-03-03,4.492
2014-03-04,7.98
2014-03-04,4.634
2014-03-04,4.6
2014-03-04,4.667
2014-03-04,4.583
2014-03-05,4.523
2014-03-05,4.484
2014-03-05,4.539
2014-03-05,4.505
2014-03-05,6.46
2014-03-06,4.603
2014-03-06,4.622
2014-03-06,4.662
2014-03-06,4.89
2014-03-06,4.653
2014-03-07,4.622
2014-03-07,4.78
2014-03-07,4.567
2014-03-07,4.589
2014-03-07,4.618
2014-03-10,4.67
2014-03-10,4.651
2014-03-10,4.636
2014-03-10,4.576
2014-03-10,4.601
2014-03-11,4.67
2014-03-11,4.605
2014-03-11,4.544
2014-03-11,4.602
2014-03-11,4.567
2014-03-12,4.47
2014-03-12,4.72
2014-03-12,4.508
2014-03-12,4.49
2014-03-12,4.441
2014-03-13,4.384
2014-03-13,4.424
2014-03-13,4.355
2014-03-13,4.383
2014-03-13,4.41
2014-03-14,4.4
2014-03-14,4.403
2014-03-14,4.433
2014-03-14,4.473
2014-03-14,4.425
2014-03-17,4.536
2014-03-17,4.492
2014-03-17,4.554
2014-03-17,4.519
2014-03-17,4.57
2014-03-18,4.42
2014-03-18,4.424
2014-03-18,4.454
2014-03-18,4.492
2014-03-18,4.456
2014-03-19,4.484
2014-03-19,4.526
2014-03-19,4.458
2014-03-19,4.43
2014-03-19,4.488
2014-03-20,4.38
2014-03-20,4.418
2014-03-20,4.369
2014-03-20,4.39
2014-03-20,4.349
2014-03-21,4.313
2014-03-21,4.297
2014-03-21,4.367
2014-03-21,4.329
2014-03-21,4.33
2014-03-24,4.272
2014-03-24,4.42
2014-03-24,4.343
2014-03-24,4.276
2014-03-24,4.305
2014-03-25,4.443
2014-03-25,4.53
2014-03-25,4.479
2014-03-25,4.411
2014-03-25,4.414
2014-03-26,4.461
2014-03-26,4.44
2014-03-26,4.402
2014-03-26,4.424
2014-03-26,4.395
2014-03-27,4.538
2014-03-27,4.6
2014-03-27,4.39
2014-03-27,4.584
2014-03-27,4.565
2014-03-28,4.558
2014-03-28,4.519
2014-03-28,4.556
2014-03-28,4.485
2014-03-28,4.5
2014-03-31,4.48
2014-03-31,4.444
2014-03-31,4.371
2014-03-31,4.442
2014-03-31,4.404
2014-04-01,4.276
2014-04-01,4.309
2014-04-01,4.39
2014-04-01,4.348
2014-04-01,4.348
2014-04-02,4.396
2014-04-02,4.435
2014-04-02,4.435
2014-04-02,4.364
2014-04-02,4.39
2014-04-03,4.51
2014-04-03,4.47
2014-04-03,4.537
2014-04-03,4.499
2014-04-03,4.538
2014-04-04,4.439
2014-04-04,4.506
2014-04-04,4.505
2014-04-04,4.49
2014-04-04,4.467
2014-04-07,4.476
2014-04-07,4.502
2014-04-07,4.54
2014-04-07,4.58
2014-04-07,4.538
2014-04-08,4.55
2014-04-08,4.534
2014-04-08,4.583
2014-04-08,4.57
2014-04-08,4.586
2014-04-09,4.586
2014-04-09,4.67
2014-04-09,4.624
2014-04-09,4.619
2014-04-09,4.593
2014-04-10,4.655
2014-04-10,4.67
2014-04-10,4.704
2014-04-10,4.709
2014-04-10,4.671
2014-04-11,4.62
2014-04-11,4.67
2014-04-11,4.67
2014-04-11,4.673
2014-04-11,4.635
2014-04-14,4.62
2014-04-14,4.64
2014-04-14,4.582
2014-04-14,4.56
2014-04-14,4.619
2014-04-15,4.69
2014-04-15,4.625
2014-04-15,4.567
2014-04-15,4.624
2014-04-15,4.587
2014-04-16,4.53
2014-04-16,4.549
2014-04-16,4.64
2014-04-16,4.589
2014-04-16,4.589
2014-04-17,4.64
2014-04-17,4.771
2014-04-17,4.741
2014-04-17,4.78
2014-04-17,4.754
2014-04-21,4.697
2014-04-21,4.742
2014-04-21,4.715
2014-04-21,4.737
2014-04-21,4.76
2014-04-22,4.758
2014-04-22,4.782
2014-04-22,4.786
2014-04-22,4.739
2014-04-22,4.76
2014-04-23,4.73
2014-04-23,4.81
2014-04-23,4.747
2014-04-23,4.772
2014-04-23,4.777
2014-04-24,4.751
2014-04-24,4.81
2014-04-24,4.755
2014-04-24,4.723
2014-04-24,4.705
2014-04-25,4.683
2014-04-25,4.647
2014-04-25,4.658
2014-04-25,4.687
2014-04-25,4.83
2014-04-28,4.819
2014-04-28,4.809
2014-04-28,4.72
2014-04-28,4.795
2014-04-28,4.799
2014-04-29,4.82
2014-04-29,4.853
2014-04-29,4.846
2014-04-29,4.831
2014-04-29,4.78
2014-04-30,4.79
2014-04-30,4.813
2014-04-30,4.815
2014-04-30,4.838
2014-04-30,4.843
2014-05-01,4.747
2014-05-01,4.719
2014-05-01,4.75
2014-05-01,4.79
2014-05-01,4.724
2014-05-02,4.674
2014-05-02,4.701
2014-05-02,4.679
2014-05-02,4.73
2014-05-02,4.704
2014-05-05,4.712
2014-05-05,4.73
2014-05-05,4.688
2014-05-05,4.715
2014-05-05,4.689
2014-05-06,4.8
2014-05-06,4.812
2014-05-06,4.818
2014-05-06,4.799
2014-05-06,4.786
2014-05-07,4.749
2014-05-07,4.82
2014-05-07,4.754
2014-05-07,4.74
2014-05-07,4.724
2014-05-08,4.77
2014-05-08,4.583
2014-05-08,4.579
2014-05-08,4.572
2014-05-08,4.553
2014-05-09,4.508
2014-05-09,4.54
2014-05-09,4.59
2014-05-09,4.531
2014-05-09,4.535
2014-05-12,4.52
2014-05-12,4.439
2014-05-12,4.434
2014-05-12,4.436
2014-05-12,4.413
2014-05-13,4.358
2014-05-13,4.47
2014-05-13,4.362
2014-05-13,4.335
2014-05-13,4.359
2014-05-14,4.367
2014-05-14,4.371
2014-05-14,4.367
2014-05-14,4.47
2014-05-14,4.342
2014-05-15,4.443
2014-05-15,4.47
2014-05-15,4.478
2014-05-15,4.42
2014-05-15,4.469
2014-05-16,4.414
2014-05-16,4.388
2014-05-16,4.42
2014-05-16,4.421
2014-05-16,4.413
2014-05-19,4.47
2014-05-19,4.433
2014-05-19,4.473
2014-05-19,4.54
2014-05-19,4.461
2014-05-20,4.538
2014-05-20,4.507
2014-05-20,4.553
2014-05-20,4.53
2014-05-20,4.552
2014-05-21,4.57
2014-05-21,4.432
2014-05-21,4.473
2014-05-21,4.464
2014-05-21,4.478
2014-05-22,4.359
2014-05-22,4.316
2014-05-22,4.346
2014-05-22,4.57
2014-05-22,4.357
2014-05-23,4.4
2014-05-23,4.363
2014-05-23,4.405
2014-05-23,4.405
2014-05-23,4.393
2014-05-26,4.4
2014-05-27,4.505
2014-05-27,4.459
2014-05-27,4.492
2014-05-27,4.4
2014-05-27,4.511
2014-05-28,4.56
2014-05-28,4.619
2014-05-28,4.615
2014-05-28,4.554
2014-05-28,4.592
2014-05-29,4.559
2014-05-29,4.63
2014-05-29,4.505
2014-05-29,4.54
2014-05-29,4.498
2014-05-30,4.49
2014-05-30,4.487
2014-05-30,4.492
2014-05-30,4.524
2014-05-30,4.542
2014-06-02,4.49
2014-06-02,4.612
2014-06-02,4.598
2014-06-02,4.569
2014-06-02,4.563
2014-06-03,4.616
2014-06-03,4.629
2014-06-03,4.583
2014-06-03,4.589
2014-06-03,4.62
2014-06-04,4.596
2014-06-04,4.602
2014-06-04,4.627
2014-06-04,4.62
2014-06-04,4.64
2014-06-05,4.645
2014-06-05,4.66
2014-06-05,4.701
2014-06-05,4.657
2014-06-05,4.686
2014-06-06,4.666
2014-06-06,4.66
2014-06-06,4.7
2014-06-06,4.676
2014-06-06,4.71
2014-06-09,4.645
2014-06-09,4.67
2014-06-09,4.616
2014-06-09,4.611
2014-06-09,4.635
2014-06-10,4.507
2014-06-10,4.523
2014-06-10,4.53
2014-06-10,4.67
2014-06-10,4.508
2014-06-11,4.508
2014-06-11,4.495
2014-06-11,4.492
2014-06-11,4.51
2014-06-11,4.504
2014-06-12,4.762
2014-06-12,4.763
2014-06-12,4.743
2014-06-12,4.51
2014-06-12,4.736
2014-06-13,4.739
2014-06-13,4.733
2014-06-13,4.734
2014-06-13,4.748
2014-06-13,4.7
2014-06-16,4.718
2014-06-16,4.71
2014-06-16,4.705
2014-06-16,4.707
2014-06-16,4.704
2014-06-17,4.709
2014-06-17,4.722
2014-06-17,4.68
2014-06-17,4.702
2014-06-17,4.706
2014-06-18,4.68
2014-06-18,4.654
2014-06-18,4.675
2014-06-18,4.659
2014-06-18,4.658
2014-06-19,4.67
2014-06-20,4.552
2014-06-20,4.531
2014-06-20,4.537
2014-06-20,4.53
2014-06-20,4.539
2014-06-23,4.457
2014-06-23,4.459
2014-06-23,4.446
2014-06-23,4.53
2014-06-23,4.468
2014-06-24,4.535
2014-06-24,4.49
2014-06-24,4.556
2014-06-24,4.532
2014-06-24,4.529
2014-06-25,4.553
2014-06-25,4.58
2014-06-25,4.569
2014-06-25,4.546
2014-06-25,4.541
2014-06-26,4.42
2014-06-26,4.4
2014-06-26,4.416
2014-06-26,4.58
2014-06-26,4.441
2014-06-27,4.385
2014-06-27,4.409
2014-06-27,4.389
2014-06-27,4.419
2014-06-27,4.39
2014-06-30,4.461
2014-06-30,4.39
2014-06-30,4.44
2014-06-30,4.434
2014-06-30,4.464
2014-07-01,4.461
2014-07-01,4.47
2014-07-01,4.436
2014-07-01,4.429
2014-07-01,4.455
2014-07-02,4.38
2014-07-02,4.47
2014-07-02,4.348
2014-07-02,4.357
2014-07-02,4.346
2014-07-03,4.31
2014-07-03,4.406
2014-07-03,4.392
2014-07-03,4.424
2014-07-03,4.395
2014-07-07,4.221
2014-07-07,4.31
2014-07-07,4.225
2014-07-07,4.259
2014-07-07,4.219
2014-07-08,4.204
2014-07-08,4.197
2014-07-08,4.194
2014-07-08,4.235
2014-07-08,4.18
2014-07-09,4.17
2014-07-09,4.209
2014-07-09,4.166
2014-07-09,4.172
2014-07-09,4.17
2014-07-10,4.113
2014-07-10,4.163
2014-07-10,4.122
2014-07-10,4.12
2014-07-10,4.15
2014-07-11,4.186
2014-07-11,4.136
2014-07-11,4.144
2014-07-11,4.13
2014-07-11,4.146
2014-07-14,4.148
2014-07-14,4.14
2014-07-14,4.185
2014-07-14,4.13
2014-07-14,4.147
2014-07-15,4.13
2014-07-15,4.094
2014-07-15,4.099
2014-07-15,4.139
2014-07-15,4.097
2014-07-16,4.116
2014-07-16,4.12
2014-07-16,4.16
2014-07-16,4.119
2014-07-16,4.159
2014-07-17,3.966
2014-07-17,3.957
2014-07-17,3.954
2014-07-17,4.012
2014-07-17,4.04
2014-07-18,3.951
2014-07-18,4.009
2014-07-18,3.955
2014-07-18,3.962
2014-07-18,4.08
2014-07-21,3.872
2014-07-21,3.862
2014-07-21,3.87
2014-07-21,3.849
2014-07-21,3.922
2014-07-22,3.847
2014-07-22,3.785
2014-07-22,3.81
2014-07-22,3.797
2014-07-22,3.772
2014-07-23,3.776
2014-07-23,3.762
2014-07-23,3.787
2014-07-23,3.839
2014-07-23,3.83
2014-07-24,3.906
2014-07-24,3.859
2014-07-24,3.85
2014-07-24,3.847
2014-07-24,3.83
2014-07-25,3.787
2014-07-25,3.86
2014-07-25,3.781
2014-07-25,3.847
2014-07-25,3.797
2014-07-28,3.84
2014-07-28,3.776
2014-07-28,3.747
2014-07-28,3.765
2014-07-28,3.824
2014-07-29,3.884
2014-07-29,3.836
2014-07-29,3.79
2014-07-29,3.808
2014-07-29,3.824
2014-07-30,3.858
2014-07-30,3.805
2014-07-30,3.939
2014-07-30,3.786
2014-07-30,3.78
2014-07-31,3.925
2014-07-31,4.005
2014-07-31,3.78
2014-07-31,3.867
2014-07-31,3.841
2014-08-01,3.822
2014-08-01,3.77
2014-08-01,3.798
2014-08-01,3.967
2014-08-01,3.885
2014-08-04,3.926
2014-08-04,4.011
2014-08-04,3.859
2014-08-04,3.87
2014-08-04,3.834
2014-08-05,3.988
2014-08-05,3.897
2014-08-05,4.078
2014-08-05,3.87
2014-08-05,3.92
2014-08-06,3.92
2014-08-06,3.957
2014-08-06,3.933
2014-08-06,4.112
2014-08-06,4.024
2014-08-07,3.876
2014-08-07,3.962
2014-08-07,3.895
2014-08-07,4.049
2014-08-07,3.99
2014-08-08,4.129
2014-08-08,3.94
2014-08-08,4.045
2014-08-08,3.98
2014-08-08,3.962
2014-08-11,4.051
2014-08-11,4.134
2014-08-11,3.988
2014-08-11,3.965
2014-08-11,4
2014-08-12,4.001
2014-08-12,4.067
2014-08-12,3.94
2014-08-12,4.153
2014-08-12,3.974
2014-08-13,3.862
2014-08-13,3.831
2014-08-13,3.935
2014-08-13,4.031
2014-08-13,3.9
2014-08-14,3.906
2014-08-14,4.09
2014-08-14,3.85
2014-08-14,3.93
2014-08-14,3.999
2014-08-15,3.8
2014-08-15,3.776
2014-08-15,3.879
2014-08-15,3.807
2014-08-15,3.977
2014-08-18,3.828
2014-08-18,3.999
2014-08-18,3.901
2014-08-18,3.792
2014-08-18,3.78
2014-08-19,3.877
2014-08-19,3.84
2014-08-19,4.071
2014-08-19,3.977
2014-08-19,3.908
2014-08-20,3.823
2014-08-20,4.03
2014-08-20,3.933
2014-08-20,3.88
2014-08-20,3.86
2014-08-21,4.001
2014-08-21,3.889
2014-08-21,4.102
2014-08-21,3.88
2014-08-21,3.93
2014-08-22,3.883
2014-08-22,4.062
2014-08-22,3.84
2014-08-22,3.956
2014-08-22,3.88
2014-08-25,3.94
2014-08-25,4.15
2014-08-25,3.979
2014-08-25,4.049
2014-08-25,3.937
2014-08-26,3.911
2014-08-26,4.119
2014-08-26,3.99
2014-08-26,3.949
2014-08-26,4.018
2014-08-27,4.02
2014-08-27,3.957
2014-08-27,4.16
2014-08-27,4.069
2014-08-27,4.003
2014-08-28,4.101
2014-08-28,4.258
2014-08-28,4.044
2014-08-28,4.186
2014-08-28,4.06
2014-08-29,4.197
2014-08-29,4.116
2014-08-29,4.065
2014-08-29,4.266
2014-08-29,4.04
2014-09-02,4.01
2014-09-02,4.092
2014-09-02,3.938
2014-09-02,3.89
2014-09-02,4.018
2014-09-03,4.05
2014-09-03,3.894
2014-09-03,3.847
2014-09-03,3.94
2014-09-03,3.976
2014-09-04,3.869
2014-09-04,4.027
2014-09-04,3.819
2014-09-04,3.91
2014-09-04,3.953
2014-09-05,4.014
2014-09-05,3.847
2014-09-05,3.86
2014-09-05,3.793
2014-09-05,3.94
2014-09-08,3.876
2014-09-08,4.086
2014-09-08,3.86
2014-09-08,3.927
2014-09-08,4.015
2014-09-09,4.11
2014-09-09,3.984
2014-09-09,3.93
2014-09-09,4.035
2014-09-09,4.173
2014-09-10,4.149
2014-09-10,3.954
2014-09-10,3.98
2014-09-10,4.086
2014-09-10,4.005
2014-09-11,4.027
2014-09-11,3.94
2014-09-11,3.959
2014-09-11,3.823
2014-09-11,3.873
2014-09-12,3.91
2014-09-12,4.059
2014-09-12,3.991
2014-09-12,3.82
2014-09-12,3.857
2014-09-15,3.997
2014-09-15,3.92
2014-09-15,3.931
2014-09-15,4.149
2014-09-15,4.085
2014-09-16,3.85
2014-09-16,4.063
2014-09-16,4.222
2014-09-16,4.157
2014-09-16,3.995
2014-09-17,4.077
2014-09-17,4.163
2014-09-17,4.013
2014-09-17,4.229
2014-09-17,3.97
2014-09-18,4.057
2014-09-18,3.91
2014-09-18,3.99
2014-09-18,3.975
2014-09-18,4.126
2014-09-19,4.063
2014-09-19,3.992
2014-09-19,3.99
2014-09-19,3.903
2014-09-19,3.837
2014-09-22,3.85
2014-09-22,3.908
2014-09-22,3.994
2014-09-22,4.068
2014-09-22,3.88
2014-09-23,3.869
2014-09-23,3.9
2014-09-23,3.816
2014-09-23,4.037
2014-09-23,3.96
2014-09-24,4.126
2014-09-24,4.05
2014-09-24,3.84
2014-09-24,3.911
2014-09-24,3.965
2014-09-25,4.169
2014-09-25,3.89
2014-09-25,4.097
2014-09-25,3.971
2014-09-25,4.014
2014-09-26,4.187
2014-09-26,3.89
2014-09-26,4.029
2014-09-26,4.114
2014-09-26,3.984
2014-09-29,4.292
2014-09-29,4.227
2014-09-29,4.274
2014-09-29,3.89
2014-09-29,4.154
2014-09-30,4.236
2014-09-30,4.14
2014-09-30,4.19
2014-09-30,4.121
2014-09-30,4.252
2014-10-01,4.14
2014-10-02,4
2014-10-03,4.185
2014-10-03,4.17
2014-10-03,3.94
2014-10-03,4.039
2014-10-03,4.117
2014-10-06,4.055
2014-10-06,4.064
2014-10-06,3.987
2014-10-06,3.89
2014-10-06,3.898
2014-10-07,4.134
2014-10-07,3.88
2014-10-07,4.124
2014-10-07,3.957
2014-10-07,4.052
2014-10-08,3.951
2014-10-08,3.88
2014-10-08,3.855
2014-10-08,4.037
2014-10-08,4.027
2014-10-09,3.87
2014-10-09,4.023
2014-10-09,3.845
2014-10-09,3.937
2014-10-09,4.013
2014-10-10,3.86
2014-10-10,4.035
2014-10-10,3.859
2014-10-10,3.949
2014-10-10,4.026
2014-10-13,4.072
2014-10-13,3.87
2014-10-13,3.916
2014-10-13,4.08
2014-10-13,4.004
2014-10-14,3.816
2014-10-14,3.9
2014-10-14,3.98
2014-10-14,3.91
2014-10-14,3.972
2014-10-15,3.956
2014-10-15,3.81
2014-10-15,3.967
2014-10-15,3.8
2014-10-15,3.885
2014-10-16,3.963
2014-10-16,3.885
2014-10-16,3.969
2014-10-16,3.796
2014-10-16,3.8
2014-10-17,3.73
2014-10-17,3.863
2014-10-17,3.951
2014-10-17,3.946
2014-10-17,3.766
2014-10-20,3.851
2014-10-20,3.765
2014-10-20,3.67
2014-10-20,3.847
2014-10-20,3.69
2014-10-21,3.881
2014-10-21,3.62
2014-10-21,3.8
2014-10-21,3.876
2014-10-21,3.711
2014-10-22,3.823
2014-10-22,3.745
2014-10-22,3.69
2014-10-22,3.828
2014-10-22,3.659
2014-10-23,3.622
2014-10-23,3.787
2014-10-23,3.791
2014-10-23,3.6
2014-10-23,3.706
2014-10-24,3.623
2014-10-24,3.782
2014-10-24,3.787
2014-10-24,3.53
2014-10-24,3.698
2014-10-27,3.637
2014-10-27,3.719
2014-10-27,3.56
2014-10-27,3.561
2014-10-27,3.723
2014-10-28,3.809
2014-10-28,3.53
2014-10-28,3.731
2014-10-28,3.649
2014-10-28,3.814
2014-10-29,3.728
2014-10-29,3.6
2014-10-29,3.788
2014-10-29,3.866
2014-10-29,3.871
2014-10-30,3.9
2014-10-30,3.827
2014-10-30,3.76
2014-10-30,3.906
2014-10-30,3.831
2014-10-31,3.959
2014-10-31,3.95
2014-10-31,3.881
2014-10-31,3.873
2014-10-31,3.82
2014-11-03,3.82
2014-11-03,4.062
2014-11-03,4.131
2014-11-03,4.145
2014-11-03,4.046
2014-11-04,4.129
2014-11-04,4.208
2014-11-04,3.67
2014-11-04,4.226
2014-11-04,4.131
2014-11-05,4.194
2014-11-05,4.167
2014-11-05,4.253
2014-11-05,3.83
2014-11-05,4.287
2014-11-06,3.92
2014-11-06,4.316
2014-11-06,4.404
2014-11-06,4.486
2014-11-06,4.427
2014-11-07,4.507
2014-11-07,3.92
2014-11-07,4.353
2014-11-07,4.457
2014-11-07,4.412
2014-11-10,4.351
2014-11-10,4.305
2014-11-10,4.203
2014-11-10,4.255
2014-11-10,4.18
2014-11-11,4.247
2014-11-11,4.344
2014-11-11,4.18
2014-11-11,4.194
2014-11-11,4.305
2014-11-12,4.284
2014-11-12,4.252
2014-11-12,4.2
2014-11-12,4.185
2014-11-12,4.148
2014-11-13,3.977
2014-11-13,4.089
2014-11-13,4.067
2014-11-13,4.2
2014-11-13,3.98
2014-11-14,4.05
2014-11-14,4.02
2014-11-14,4.103
2014-11-14,4.015
2014-11-14,4.129
2014-11-17,4.444
2014-11-17,4.396
2014-11-17,4.341
2014-11-17,4.293
2014-11-17,4.26
2014-11-18,4.256
2014-11-18,4.333
2014-11-18,4.365
2014-11-18,4.244
2014-11-18,4.33
2014-11-19,4.371
2014-11-19,4.488
2014-11-19,4.516
2014-11-19,4.397
2014-11-19,4.41
2014-11-20,4.41
2014-11-20,4.649
2014-11-20,4.514
2014-11-20,4.489
2014-11-20,4.611
2014-11-21,4.266
2014-11-21,4.32
2014-11-21,4.307
2014-11-21,4.387
2014-11-21,4.417
2014-11-24,4.214
2014-11-24,4.304
2014-11-24,4.09
2014-11-24,4.281
2014-11-24,4.151
2014-11-25,4.282
2014-11-25,4.09
2014-11-25,4.377
2014-11-25,4.298
2014-11-25,4.403
2014-11-26,4.15
2014-11-26,3.752
2014-11-26,4.334
2014-11-26,4.264
2014-11-26,4.355
2014-11-28,4.028
2014-11-28,4.3
2014-11-28,4.085
2014-11-28,3.654
2014-11-28,4.088
2014-12-01,4.007
2014-12-01,3.953
2014-12-01,3.648
2014-12-01,4.3
2014-12-01,4.009
2014-12-02,3.874
2014-12-02,3.877
2014-12-02,3.77
2014-12-02,3.831
2014-12-02,3.568
2014-12-03,3.761
2014-12-03,3.63
2014-12-03,3.808
2014-12-03,3.805
2014-12-03,3.514
2014-12-04,3.661
2014-12-04,3.419
2014-12-04,3.649
2014-12-04,3.613
2014-12-04,3.63
2014-12-05,3.823
2014-12-05,3.774
2014-12-05,3.42
2014-12-05,3.528
2014-12-05,3.802
2014-12-08,3.623
2014-12-08,3.595
2014-12-08,3.579
2014-12-08,3.42
2014-12-08,3.401
2014-12-09,3.64
2014-12-09,3.63
2014-12-09,3.652
2014-12-09,3.444
2014-12-09,3.681
2014-12-10,3.706
2014-12-10,3.695
2014-12-10,3.65
2014-12-10,3.736
2014-12-10,3.485
2014-12-11,3.634
2014-12-11,3.441
2014-12-11,3.626
2014-12-11,3.663
2014-12-11,3.68
2014-12-12,3.777
2014-12-12,3.795
2014-12-12,3.53
2014-12-12,3.91
2014-12-12,3.816
2014-12-15,3.719
2014-12-15,3.73
2014-12-15,3.479
2014-12-15,3.72
2014-12-15,3.697
2014-12-16,3.6
2014-12-16,3.405
2014-12-16,3.635
2014-12-16,3.619
2014-12-16,3.58
2014-12-17,3.724
2014-12-17,3.702
2014-12-17,3.679
2014-12-17,3.72
2014-12-17,3.451
2014-12-18,3.642
2014-12-18,3.419
2014-12-18,3.676
2014-12-18,3.627
2014-12-18,3.71
2014-12-19,3.458
2014-12-19,3.464
2014-12-19,3.498
2014-12-19,3.284
2014-12-19,3.71
2014-12-22,3.18
2014-12-22,3.168
2014-12-22,3.05
2014-12-22,3.089
2014-12-22,3.144
2014-12-23,3.204
2014-12-23,2.99
2014-12-23,3.171
2014-12-23,3.12
2014-12-23,3.196
2014-12-24,3.072
2014-12-24,3.026
2014-12-24,2.99
2014-12-24,3.076
2014-12-24,3.03
2014-12-26,3.041
2014-12-26,3.033
2014-12-26,2.74
2014-12-26,3.007
2014-12-26,2.993
2014-12-29,3.189
2014-12-29,3.119
2014-12-29,3.07
2014-12-29,3.199
2014-12-29,3.192
2014-12-30,3.051
2014-12-30,3.045
2014-12-30,3.094
2014-12-30,3.14
2014-12-30,3.096
2014-12-31,2.889
2014-12-31,2.896
2014-12-31,2.881
2014-12-31,2.904
2014-12-31,3.14
2015-01-02,3.003
2015-01-02,2.967
2015-01-02,2.946
2015-01-02,3.01
2015-01-02,2.999
2015-01-05,3.22
2015-01-05,2.86
2015-01-05,2.84
2015-01-05,2.882
2015-01-05,2.875
2015-01-06,2.924
2015-01-06,2.938
2015-01-06,2.875
2015-01-06,2.887
2015-01-06,2.98
2015-01-07,3.08
2015-01-07,2.849
2015-01-07,2.835
2015-01-07,2.871
2015-01-07,2.865
2015-01-08,2.925
2015-01-08,2.896
2015-01-08,2.92
2015-01-08,2.911
2015-01-08,2.927
2015-01-09,2.947
2015-01-09,2.946
2015-01-09,2.931
2015-01-09,2.96
2015-01-09,2.948
2015-01-12,2.795
2015-01-12,2.9
2015-01-12,2.795
2015-01-12,2.808
2015-01-12,2.788
2015-01-13,2.932
2015-01-13,2.943
2015-01-13,2.898
2015-01-13,2.92
2015-01-13,2.916
2015-01-14,3.233
2015-01-14,3.15
2015-01-14,3.115
2015-01-14,3.208
2015-01-14,3.12
2015-01-15,3.158
2015-01-15,3.121
2015-01-15,3.043
2015-01-15,3.32
2015-01-15,3.036
2015-01-16,3.11
2015-01-16,3.127
2015-01-16,3.024
2015-01-16,3.016
2015-01-16,3.087
2015-01-20,2.821
2015-01-20,2.82
2015-01-20,2.803
2015-01-20,2.94
2015-01-20,2.831
2015-01-21,2.925
2015-01-21,2.94
2015-01-21,2.974
2015-01-21,2.906
2015-01-21,2.94
2015-01-22,2.95
2015-01-22,2.827
2015-01-22,2.835
2015-01-22,2.817
2015-01-22,2.845
2015-01-23,2.96
2015-01-23,2.958
2015-01-23,2.986
2015-01-23,2.946
2015-01-23,2.923
2015-01-26,2.848
2015-01-26,2.881
2015-01-26,2.836
2015-01-26,2.92
2015-01-26,2.864
2015-01-27,2.913
2015-01-27,2.981
2015-01-27,2.935
2015-01-27,2.938
2015-01-27,2.96
2015-01-28,2.89
2015-01-28,2.842
2015-01-28,2.866
2015-01-28,2.83
2015-01-28,2.858
2015-01-29,2.715
2015-01-29,2.79
2015-01-29,2.88
2015-01-29,2.719
2015-01-29,2.746
2015-01-30,2.714
2015-01-30,2.687
2015-01-30,2.88
2015-01-30,2.755
2015-01-30,2.691
2015-02-02,2.68
2015-02-02,2.707
2015-02-02,2.681
2015-02-02,2.749
2015-02-02,2.88
2015-02-03,2.781
2015-02-03,2.754
2015-02-03,2.757
2015-02-03,2.67
2015-02-03,2.825
2015-02-04,2.662
2015-02-04,2.669
2015-02-04,2.697
2015-02-04,2.748
2015-02-04,2.73
2015-02-05,2.614
2015-02-05,2.6
2015-02-05,2.645
2015-02-05,2.66
2015-02-05,2.694
2015-02-06,2.602
2015-02-06,2.66
2015-02-06,2.579
2015-02-06,2.695
2015-02-06,2.645
2015-02-09,2.62
2015-02-09,2.597
2015-02-09,2.672
2015-02-09,2.625
2015-02-09,2.724
2015-02-10,2.67
2015-02-10,2.749
2015-02-10,2.704
2015-02-10,2.677
2015-02-10,2.796
2015-02-11,2.797
2015-02-11,2.849
2015-02-11,2.86
2015-02-11,2.885
2015-02-11,2.814
2015-02-12,2.819
2015-02-12,2.86
2015-02-12,2.774
2015-02-12,2.733
2015-02-12,2.713
2015-02-13,2.804
2015-02-13,2.894
2015-02-13,2.812
2015-02-13,2.75
2015-02-13,2.853
2015-02-17,2.75
2015-02-17,2.859
2015-02-17,2.819
2015-02-17,2.779
2015-02-17,2.759
2015-02-18,2.92
2015-02-18,2.831
2015-02-18,2.893
2015-02-18,2.93
2015-02-18,2.857
2015-02-19,2.913
2015-02-19,2.92
2015-02-19,2.953
2015-02-19,2.875
2015-02-19,2.834
2015-02-20,2.951
2015-02-20,3.003
2015-02-20,3.02
2015-02-20,2.972
2015-02-20,3.037
2015-02-23,2.924
2015-02-23,2.959
2015-02-23,2.893
2015-02-23,3.22
2015-02-23,2.879
2015-02-24,2.902
2015-02-24,2.889
2015-02-24,2.916
2015-02-24,3.22
2015-02-24,2.951
2015-02-25,2.862
2015-02-25,2.926
2015-02-25,2.894
2015-02-25,2.889
2015-02-25,3.21
2015-02-26,2.737
2015-02-26,2.782
2015-02-26,2.697
2015-02-26,2.834
2015-02-26,3.21
2015-02-27,2.734
2015-02-27,2.771
2015-02-27,2.864
2015-02-27,2.812
2015-02-27,2.79
2015-03-02,2.833
2015-03-02,2.78
2015-03-02,2.698
2015-03-02,2.739
2015-03-02,2.79
2015-03-03,2.712
2015-03-03,3
2015-03-03,2.793
2015-03-03,2.751
2015-03-03,2.847
2015-03-04,2.806
2015-03-04,2.769
2015-03-04,2.896
2015-03-04,2.845
2015-03-04,3.27
2015-03-05,3.27
2015-03-05,2.88
2015-03-05,2.841
2015-03-05,2.966
2015-03-05,2.917
2015-03-06,2.839
2015-03-06,2.89
2015-03-06,2.957
2015-03-06,2.872
2015-03-06,2.906
2015-03-09,2.678
2015-03-09,2.75
2015-03-09,2.75
2015-03-09,2.805
2015-03-09,2.713
2015-03-10,2.76
2015-03-10,2.852
2015-03-10,2.732
2015-03-10,2.763
2015-03-10,2.8
2015-03-11,2.886
2015-03-11,2.85
2015-03-11,2.932
2015-03-11,2.76
2015-03-11,2.824
2015-03-12,2.82
2015-03-12,2.855
2015-03-12,2.765
2015-03-12,2.806
2015-03-12,2.734
2015-03-13,2.727
2015-03-13,2.72
2015-03-13,2.8
2015-03-13,2.854
2015-03-13,2.756
2015-03-16,2.68
2015-03-16,2.843
2015-03-16,2.787
2015-03-16,2.716
2015-03-16,2.739
2015-03-17,2.961
2015-03-17,2.911
2015-03-17,2.82
2015-03-17,2.855
2015-03-17,2.872
2015-03-18,2.8
2015-03-18,2.974
2015-03-18,2.936
2015-03-18,2.92
2015-03-18,3.022
2015-03-19,2.874
2015-03-19,2.86
2015-03-19,2.813
2015-03-19,2.929
2015-03-19,2.829
2015-03-20,2.86
2015-03-20,2.906
2015-03-20,2.848
2015-03-20,2.786
2015-03-20,2.803
2015-03-23,2.733
2015-03-23,2.76
2015-03-23,2.807
2015-03-23,2.72
2015-03-23,2.864
2015-03-24,2.786
2015-03-24,2.79
2015-03-24,2.909
2015-03-24,2.81
2015-03-24,2.854
2015-03-25,2.77
2015-03-25,2.845
2015-03-25,2.788
2015-03-25,2.74
2015-03-25,2.723
2015-03-26,2.795
2015-03-26,2.736
2015-03-26,2.672
2015-03-26,2.77
2015-03-26,2.688
2015-03-27,2.688
2015-03-27,2.89
2015-03-27,2.59
2015-03-27,2.639
2015-03-27,2.748
2015-03-30,2.754
2015-03-30,2.694
2015-03-30,2.644
2015-03-30,2.784
2015-03-30,2.64
2015-03-31,2.691
2015-03-31,2.782
2015-03-31,2.751
2015-03-31,2.64
2015-03-31,2.65
2015-04-01,2.714
2015-04-01,2.605
2015-04-01,2.747
2015-04-01,2.654
2015-04-01,2.62
2015-04-02,2.713
2015-04-02,2.847
2015-04-02,2.819
2015-04-02,2.63
2015-04-02,2.762
2015-04-06,2.63
2015-04-06,2.757
2015-04-06,2.698
2015-04-06,2.787
2015-04-06,2.65
2015-04-07,2.725
2015-04-07,2.68
2015-04-07,2.786
2015-04-07,2.815
2015-04-07,2.71
2015-04-08,2.619
2015-04-08,2.71
2015-04-08,2.727
2015-04-08,2.666
2015-04-08,2.756
2015-04-09,2.667
2015-04-09,2.72
2015-04-09,2.577
2015-04-09,2.638
2015-04-09,2.528
2015-04-10,2.58
2015-04-10,2.558
2015-04-10,2.511
2015-04-10,2.62
2015-04-10,2.644
2015-04-13,2.629
2015-04-13,2.606
2015-04-13,2.58
2015-04-13,2.511
2015-04-13,2.548
2015-04-14,2.572
2015-04-14,2.58
2015-04-14,2.651
2015-04-14,2.53
2015-04-14,2.631
2015-04-15,2.706
2015-04-15,2.649
2015-04-15,2.725
2015-04-15,2.62
2015-04-15,2.61
2015-04-16,2.784
2015-04-16,2.61
2015-04-16,2.726
2015-04-16,2.684
2015-04-16,2.801
2015-04-17,2.76
2015-04-17,2.679
2015-04-17,2.739
2015-04-17,2.634
2015-04-17,2.67
2015-04-20,2.667
2015-04-20,2.536
2015-04-20,2.578
2015-04-20,2.64
2015-04-20,2.57
2015-04-21,2.59
2015-04-21,2.62
2015-04-21,2.575
2015-04-21,2.683
2015-04-21,2.711
2015-04-22,2.606
2015-04-22,2.717
2015-04-22,2.63
2015-04-22,2.654
2015-04-22,2.746
2015-04-23,2.59
2015-04-23,2.629
2015-04-23,2.531
2015-04-23,2.66
2015-04-23,2.569
2015-04-24,2.626
2015-04-24,2.59
2015-04-24,2.568
2015-04-24,2.656
2015-04-24,2.531
2015-04-27,2.569
2015-04-27,2.597
2015-04-27,2.49
2015-04-27,2.5
2015-04-27,2.514
2015-04-28,2.591
2015-04-28,2.517
2015-04-28,2.55
2015-04-28,2.537
2015-04-28,2.617
2015-04-29,2.55
2015-04-29,2.681
2015-04-29,2.606
2015-04-29,2.659
2015-04-29,2.694
2015-04-30,2.828
2015-04-30,2.56
2015-04-30,2.751
2015-04-30,2.802
2015-04-30,2.82
2015-05-01,2.776
2015-05-01,2.849
2015-05-01,2.856
2015-05-01,2.68
2015-05-01,2.831
2015-05-04,2.878
2015-05-04,2.72
2015-05-04,2.821
2015-05-04,2.905
2015-05-04,2.898
2015-05-05,2.836
2015-05-05,2.859
2015-05-05,2.78
2015-05-05,2.76
2015-05-05,2.87
2015-05-06,2.852
2015-05-06,2.776
2015-05-06,2.76
2015-05-06,2.863
2015-05-06,2.828
2015-05-07,2.785
2015-05-07,2.823
2015-05-07,2.74
2015-05-07,2.734
2015-05-07,2.811
2015-05-08,2.88
2015-05-08,2.78
2015-05-08,2.955
2015-05-08,2.948
2015-05-08,2.928
2015-05-11,2.802
2015-05-11,2.85
2015-05-11,2.849
2015-05-11,2.876
2015-05-11,2.87
2015-05-12,2.945
2015-05-12,2.972
2015-05-12,2.897
2015-05-12,2.969
2015-05-12,2.85
2015-05-13,2.935
2015-05-13,2.984
2015-05-13,3.007
2015-05-13,3.008
2015-05-13,2.85
2015-05-14,2.87
2015-05-14,3.063
2015-05-14,3.082
2015-05-14,3.008
2015-05-14,3.077
2015-05-15,3.085
2015-05-15,3.09
2015-05-15,3.07
2015-05-15,2.96
2015-05-15,3.016
2015-05-18,3.083
2015-05-18,3.08
2015-05-18,3.061
2015-05-18,3.01
2015-05-18,3.01
2015-05-19,2.991
2015-05-19,3.01
2015-05-19,2.948
2015-05-19,3.013
2015-05-19,3.01
2015-05-20,2.915
2015-05-20,2.982
2015-05-20,3.04
2015-05-20,2.977
2015-05-20,2.959
2015-05-21,3.012
2015-05-21,2.949
2015-05-21,2.994
2015-05-21,2.96
2015-05-21,3.017
2015-05-22,2.934
2015-05-22,2.96
2015-05-22,2.939
2015-05-22,2.887
2015-05-22,2.919
2015-05-26,2.849
2015-05-26,2.822
2015-05-26,2.864
2015-05-26,2.82
2015-05-26,2.87
2015-05-27,2.865
2015-05-27,2.847
2015-05-27,2.815
2015-05-27,2.87
2015-05-27,2.82
2015-05-28,2.738
2015-05-28,2.78
2015-05-28,2.706
2015-05-28,2.73
2015-05-28,2.778
2015-05-29,2.665
2015-05-29,2.642
2015-05-29,2.675
2015-05-29,2.78
2015-05-29,2.714
2015-06-01,2.78
2015-06-01,2.728
2015-06-01,2.677
2015-06-01,2.649
2015-06-01,2.689
2015-06-02,2.773
2015-06-02,2.736
2015-06-02,2.725
2015-06-02,2.698
2015-06-02,2.63
2015-06-03,2.65
2015-06-03,2.713
2015-06-03,2.674
2015-06-03,2.634
2015-06-03,2.663
2015-06-04,2.626
2015-06-04,2.704
2015-06-04,2.666
2015-06-04,2.654
2015-06-04,2.6
2015-06-05,2.59
2015-06-05,2.632
2015-06-05,2.671
2015-06-05,2.621
2015-06-05,2.6
2015-06-08,2.6
2015-06-08,2.786
2015-06-08,2.748
2015-06-08,2.737
2015-06-08,2.705
2015-06-09,2.878
2015-06-09,2.72
2015-06-09,2.846
2015-06-09,2.922
2015-06-09,2.889
2015-06-10,2.891
2015-06-10,2.933
2015-06-10,2.81
2015-06-10,2.921
2015-06-10,2.961
2015-06-11,2.869
2015-06-11,2.88
2015-06-11,2.9
2015-06-11,2.825
2015-06-11,2.855
2015-06-12,2.776
2015-06-12,2.88
2015-06-12,2.826
2015-06-12,2.75
2015-06-12,2.792
2015-06-15,2.954
2015-06-15,2.89
2015-06-15,2.912
2015-06-15,2.889
2015-06-15,2.925
2015-06-16,2.94
2015-06-16,2.918
2015-06-16,2.894
2015-06-16,2.958
2015-06-16,2.931
2015-06-17,2.883
2015-06-17,2.93
2015-06-17,2.895
2015-06-17,2.927
2015-06-17,2.855
2015-06-18,2.812
2015-06-18,2.93
2015-06-18,2.777
2015-06-18,2.799
2015-06-18,2.848
2015-06-19,2.81
2015-06-19,2.816
2015-06-19,2.84
2015-06-19,2.884
2015-06-19,2.852
2015-06-22,2.762
2015-06-22,2.733
2015-06-22,2.79
2015-06-22,2.776
2015-06-22,2.81
2015-06-23,2.726
2015-06-23,2.83
2015-06-23,2.796
2015-06-23,2.761
2015-06-23,2.746
2015-06-24,2.759
2015-06-24,2.83
2015-06-24,2.829
2015-06-24,2.795
2015-06-24,2.782
2015-06-25,2.85
2015-06-25,2.8
2015-06-25,2.866
2015-06-25,2.905
2015-06-25,2.878
2015-06-26,2.785
2015-06-26,2.77
2015-06-26,2.773
2015-06-26,2.814
2015-06-26,2.77
2015-06-29,2.77
2015-06-29,2.819
2015-06-29,2.805
2015-06-29,2.947
2015-06-29,2.847
2015-06-30,2.832
2015-06-30,2.965
2015-06-30,2.869
2015-06-30,2.8
2015-06-30,2.842
2015-07-01,2.78
2015-07-01,2.831
2015-07-01,2.799
2015-07-01,2.932
2015-07-01,2.783
2015-07-02,2.837
2015-07-02,2.867
2015-07-02,2.79
2015-07-02,2.822
2015-07-02,2.972
2015-07-03,2.79
2015-07-06,2.756
2015-07-06,2.906
2015-07-06,2.797
2015-07-06,2.79
2015-07-06,2.766
2015-07-07,2.77
2015-07-07,2.871
2015-07-07,2.758
2015-07-07,2.726
2015-07-07,2.716
2015-07-08,2.685
2015-07-08,2.77
2015-07-08,2.85
2015-07-08,2.732
2015-07-08,2.697
2015-07-09,2.738
2015-07-09,2.726
2015-07-09,2.884
2015-07-09,2.7
2015-07-09,2.773
2015-07-10,2.7
2015-07-10,2.811
2015-07-10,2.78
2015-07-10,2.919
2015-07-10,2.77
2015-07-13,2.88
2015-07-14,2.839
2015-07-14,2.88
2015-07-14,2.866
2015-07-14,2.964
2015-07-14,2.84
2015-07-15,2.909
2015-07-15,2.931
2015-07-15,2.918
2015-07-15,3.022
2015-07-15,2.93
2015-07-16,2.9
2015-07-16,2.88
2015-07-16,2.854
2015-07-16,2.853
2015-07-16,2.978
2015-07-17,2.874
2015-07-17,2.998
2015-07-17,2.88
2015-07-17,2.87
2015-07-17,2.899
2015-07-20,2.83
2015-07-20,2.858
2015-07-20,2.823
2015-07-20,2.963
2015-07-20,2.88
2015-07-21,2.917
2015-07-21,3.025
2015-07-21,2.882
2015-07-21,2.89
2015-07-21,2.84
2015-07-22,2.897
2015-07-22,2.84
2015-07-22,3.04
2015-07-22,2.937
2015-07-22,2.908
2015-07-23,2.847
2015-07-23,2.817
2015-07-23,2.816
2015-07-23,2.955
2015-07-23,2.92
2015-07-24,2.776
2015-07-24,2.775
2015-07-24,2.92
2015-07-24,2.804
2015-07-24,2.913
2015-07-27,2.789
2015-07-27,2.92
2015-07-27,2.929
2015-07-27,2.816
2015-07-27,2.788
2015-07-28,2.816
2015-07-28,2.845
2015-07-28,2.962
2015-07-28,2.821
2015-07-28,2.89
2015-07-29,2.886
2015-07-29,2.888
2015-07-29,2.91
2015-07-29,2.999
2015-07-29,2.864
2015-07-30,2.797
2015-07-30,2.87
2015-07-30,2.768
2015-07-30,2.911
2015-07-30,3.081
2015-07-31,3.042
2015-07-31,2.76
2015-07-31,2.749
2015-07-31,2.716
2015-07-31,2.868
2015-08-03,2.888
2015-08-03,2.777
2015-08-03,2.748
2015-08-03,2.76
2015-08-03,3.054
2015-08-04,2.83
2015-08-04,2.941
2015-08-04,2.812
2015-08-04,2.841
2015-08-04,3.098
2015-08-05,2.821
2015-08-05,2.798
2015-08-05,2.914
2015-08-05,3.069
2015-08-05,2.85
2015-08-06,2.93
2015-08-06,2.76
2015-08-06,2.835
2015-08-06,3.081
2015-08-06,2.813
2015-08-07,2.822
2015-08-07,3.082
2015-08-07,2.76
2015-08-07,2.798
2015-08-07,2.925
2015-08-10,2.868
2015-08-10,2.85
2015-08-10,2.842
2015-08-10,3.131
2015-08-10,2.972
2015-08-11,2.84
2015-08-11,2.844
2015-08-11,2.871
2015-08-11,3.128
2015-08-11,2.973
2015-08-12,2.956
2015-08-12,3.193
2015-08-12,2.931
2015-08-12,3.049
2015-08-12,2.93
2015-08-13,2.787
2015-08-13,2.82
2015-08-13,2.924
2015-08-13,3.085
2015-08-13,2.93
2015-08-14,2.801
2015-08-14,3.098
2015-08-14,2.939
2015-08-14,2.837
2015-08-14,2.83
2015-08-17,2.728
2015-08-17,2.872
2015-08-17,2.79
2015-08-17,3.038
2015-08-17,2.767
2015-08-18,2.74
2015-08-18,2.839
2015-08-18,2.71
2015-08-18,2.704
2015-08-18,3
2015-08-19,2.77
2015-08-19,2.989
2015-08-19,2.836
2015-08-19,2.716
2015-08-19,2.747
2015-08-20,2.77
2015-08-20,2.755
2015-08-20,2.874
2015-08-20,2.785
2015-08-20,3.026
2015-08-21,2.7
2015-08-21,2.939
2015-08-21,2.697
2015-08-21,2.788
2015-08-21,2.676
2015-08-24,2.89
2015-08-24,2.65
2015-08-24,2.65
2015-08-24,2.656
2015-08-24,2.74
2015-08-25,2.71
2015-08-25,2.773
2015-08-25,2.685
2015-08-25,2.914
2015-08-25,2.695
2015-08-26,2.693
2015-08-26,2.703
2015-08-26,2.932
2015-08-26,2.73
2015-08-26,2.784
2015-08-27,2.664
2015-08-27,2.745
2015-08-27,2.69
2015-08-27,2.638
2015-08-27,2.897
2015-08-28,2.939
2015-08-28,3.048
2015-08-28,2.715
2015-08-28,2.69
2015-08-28,2.792
2015-08-31,2.905
2015-08-31,2.7
2015-08-31,2.689
2015-08-31,2.761
2015-08-31,3.016
2015-09-01,2.771
2015-09-01,3.017
2015-09-01,2.907
2015-09-01,2.7
2015-09-01,2.702
2015-09-02,2.72
2015-09-02,2.7
2015-09-02,2.857
2015-09-02,2.969
2015-09-02,2.648
2015-09-03,2.934
2015-09-03,2.725
2015-09-03,2.67
2015-09-03,3.042
2015-09-03,2.796
2015-09-04,2.741
2015-09-04,2.655
2015-09-04,2.67
2015-09-04,3.007
2015-09-04,2.897
2015-09-07,2.67
2015-09-08,2.74
2015-09-08,3.049
2015-09-08,2.943
2015-09-08,2.792
2015-09-08,2.71
2015-09-09,2.74
2015-09-09,2.736
2015-09-09,3.007
2015-09-09,2.651
2015-09-09,2.896
2015-09-10,2.759
2015-09-10,3.024
2015-09-10,2.914
2015-09-10,2.683
2015-09-10,2.71
2015-09-11,2.67
2015-09-11,2.913
2015-09-11,2.767
2015-09-11,2.693
2015-09-11,3.022
2015-09-14,2.758
2015-09-14,2.7
2015-09-14,2.971
2015-09-14,3.077
2015-09-14,2.828
2015-09-15,2.8
2015-09-15,2.951
2015-09-15,2.728
2015-09-15,3.06
2015-09-15,2.74
2015-09-16,2.892
2015-09-16,3
2015-09-16,2.69
2015-09-16,2.739
2015-09-16,2.66
2015-09-17,2.884
2015-09-17,2.652
2015-09-17,2.69
2015-09-17,2.728
2015-09-17,2.992
2015-09-18,2.69
2015-09-18,2.831
2015-09-18,2.941
2015-09-18,2.605
2015-09-18,2.676
2015-09-21,2.907
2015-09-21,2.61
2015-09-21,2.798
2015-09-21,2.573
2015-09-21,2.642
2015-09-22,2.61
2015-09-22,2.905
2015-09-22,2.795
2015-09-22,2.639
2015-09-22,2.577
2015-09-23,2.569
2015-09-23,2.793
2015-09-23,2.62
2015-09-23,2.907
2015-09-23,2.638
2015-09-24,2.674
2015-09-24,2.958
2015-09-24,2.62
2015-09-24,2.591
2015-09-24,2.841
2015-09-25,2.564
2015-09-25,2.6
2015-09-25,2.802
2015-09-25,2.631
2015-09-25,2.918
2015-09-28,2.563
2015-09-28,2.66
2015-09-28,2.951
2015-09-28,2.837
2015-09-28,2.67
2015-09-29,2.57
2015-09-29,2.891
2015-09-29,2.884
2015-09-29,2.763
2015-09-29,2.586
2015-09-30,2.701
2015-09-30,2.842
2015-09-30,2.47
2015-09-30,2.831
2015-09-30,2.524
2015-10-01,2.631
2015-10-01,2.775
2015-10-01,2.763
2015-10-01,2.37
2015-10-01,2.433
2015-10-02,2.808
2015-10-02,2.37
2015-10-02,2.798
2015-10-02,2.664
2015-10-02,2.451
2015-10-05,2.816
2015-10-05,2.806
2015-10-05,2.45
2015-10-05,2.34
2015-10-05,2.676
2015-10-06,2.47
2015-10-06,2.35
2015-10-06,2.818
2015-10-06,2.806
2015-10-06,2.673
2015-10-07,2.35
2015-10-07,2.676
2015-10-07,2.813
2015-10-07,2.821
2015-10-07,2.474
2015-10-08,2.712
2015-10-08,2.855
2015-10-08,2.35
2015-10-08,2.498
2015-10-08,2.847
2015-10-09,2.502
2015-10-09,2.863
2015-10-09,2.718
2015-10-09,2.857
2015-10-09,2.49
2015-10-12,2.48
2015-10-13,2.861
2015-10-13,2.721
2015-10-13,2.498
2015-10-13,2.47
2015-10-13,2.869
2015-10-14,2.874
2015-10-14,2.732
2015-10-14,2.881
2015-10-14,2.518
2015-10-14,2.47
2015-10-15,2.831
2015-10-15,2.838
2015-10-15,2.54
2015-10-15,2.453
2015-10-15,2.686
2015-10-16,2.799
2015-10-16,2.43
2015-10-16,2.809
2015-10-16,2.65
2015-10-16,2.42
2015-10-19,2.442
2015-10-19,2.657
2015-10-19,2.807
2015-10-19,2.43
2015-10-19,2.818
2015-10-20,2.671
2015-10-20,2.815
2015-10-20,2.825
2015-10-20,2.46
2015-10-20,2.476
2015-10-21,2.404
2015-10-21,2.37
2015-10-21,2.762
2015-10-21,2.75
2015-10-21,2.603
2015-10-22,2.721
2015-10-22,2.386
2015-10-22,2.583
2015-10-22,2.733
2015-10-22,2.37
2015-10-23,2.286
2015-10-23,2.632
2015-10-23,2.28
2015-10-23,2.493
2015-10-23,2.646
2015-10-26,2.062
2015-10-26,2.515
2015-10-26,2.534
2015-10-26,2.18
2015-10-26,2.353
2015-10-27,2.551
2015-10-27,2.14
2015-10-27,2.092
2015-10-27,2.531
2015-10-27,2.361
2015-10-28,2.461
2015-10-28,2.033
2015-10-28,2.14
2015-10-28,2.298
2015-10-28,2.485
2015-10-29,2.423
2015-10-29,2.43
2015-10-29,2.445
2015-10-29,2.257
2015-10-29,2.15
2015-10-30,1.98
2015-10-30,2.321
2015-10-30,2.513
2015-10-30,2.49
2015-10-30,2.502
2015-11-02,1.92
2015-11-02,2.448
2015-11-02,2.256
2015-11-02,2.474
2015-11-02,2.466
2015-11-03,2.253
2015-11-03,2.477
2015-11-03,1.92
2015-11-03,2.463
2015-11-03,2.487
2015-11-04,2.262
2015-11-04,2.445
2015-11-04,2.46
2015-11-04,2.04
2015-11-04,2.469
2015-11-05,2.364
2015-11-05,2.562
2015-11-05,2.539
2015-11-05,2.551
2015-11-05,2.04
2015-11-06,2.371
2015-11-06,2.532
2015-11-06,2.557
2015-11-06,2.548
2015-11-06,2.19
2015-11-09,2.479
2015-11-09,2.48
2015-11-09,2.3
2015-11-09,2.19
2015-11-09,2.449
2015-11-10,2.14
2015-11-10,2.484
2015-11-10,2.514
2015-11-10,2.32
2015-11-10,2.514
2015-11-11,2.13
2015-11-12,2.493
2015-11-12,2.05
2015-11-12,2.26
2015-11-12,2.445
2015-11-12,2.497
2015-11-13,2.57
2015-11-13,2.02
2015-11-13,2.567
2015-11-13,2.526
2015-11-13,2.361
2015-11-16,2.554
2015-11-16,2.595
2015-11-16,2.02
2015-11-16,2.592
2015-11-16,2.385
2015-11-17,2.573
2015-11-17,2.05
2015-11-17,2.577
2015-11-17,2.527
2015-11-17,2.371
2015-11-18,2.538
2015-11-18,2.544
2015-11-18,2.495
2015-11-18,2.1
2015-11-18,2.347
2015-11-19,2.276
2015-11-19,2.412
2015-11-19,2.1
2015-11-19,2.458
2015-11-19,2.469
2015-11-20,2.18
2015-11-20,2.338
2015-11-20,2.291
2015-11-20,2.353
2015-11-20,2.145
2015-11-23,2.343
2015-11-23,2.386
2015-11-23,2.21
2015-11-23,2.405
2015-11-23,2.18
2015-11-24,2.392
2015-11-24,2.372
2015-11-24,2.14
2015-11-24,2.324
2015-11-24,2.2
2015-11-25,2.372
2015-11-25,2.299
2015-11-25,2.14
2015-11-25,2.206
2015-11-25,2.349
2015-11-26,2.14
2015-11-27,2.212
2015-11-27,2.265
2015-11-27,2.293
2015-11-27,2.318
2015-11-27,2.14
2015-11-30,2.11
2015-11-30,2.29
2015-11-30,2.346
2015-11-30,2.319
2015-11-30,2.235
2015-12-01,2.314
2015-12-01,2.11
2015-12-01,2.353
2015-12-01,2.231
2015-12-01,2.285
2015-12-02,2.19
2015-12-02,2.165
2015-12-02,2.22
2015-12-02,2.306
2015-12-02,2.252
2015-12-03,2.232
2015-12-03,2.14
2015-12-03,2.256
2015-12-03,2.303
2015-12-03,2.181
2015-12-04,2.273
2015-12-04,2.247
2015-12-04,2.316
2015-12-04,2.1
2015-12-04,2.186
2015-12-07,2.237
2015-12-07,2.174
2015-12-07,2.132
2015-12-07,2.067
2015-12-07,2.06
2015-12-08,2.127
2015-12-08,2.239
2015-12-08,2.07
2015-12-08,2.01
2015-12-08,2.171
2015-12-09,2
2015-12-09,2.117
2015-12-09,2.062
2015-12-09,2.162
2015-12-09,2.232
2015-12-10,2.129
2015-12-10,2.208
2015-12-10,1.95
2015-12-10,2.075
2015-12-10,2.015
2015-12-11,1.79
2015-12-11,2.107
2015-12-11,2.05
2015-12-11,1.99
2015-12-11,2.192
2015-12-14,1.7
2015-12-14,2.018
2015-12-14,2.109
2015-12-14,1.959
2015-12-14,1.894
2015-12-15,1.886
2015-12-15,2.051
2015-12-15,1.95
2015-12-15,1.66
2015-12-15,1.822
2015-12-16,1.79
2015-12-16,1.948
2015-12-16,2.057
2015-12-16,1.866
2015-12-16,1.7
2015-12-17,1.873
2015-12-17,1.755
2015-12-17,2.091
2015-12-17,1.79
2015-12-17,1.972
2015-12-18,1.767
2015-12-18,1.869
2015-12-18,1.74
2015-12-18,2.097
2015-12-18,1.972
2015-12-21,1.987
2015-12-21,2.065
2015-12-21,1.911
2015-12-21,2.153
2015-12-21,1.76
2015-12-22,1.888
2015-12-22,1.955
2015-12-22,2.118
2015-12-22,2.034
2015-12-22,1.73
2015-12-23,1.63
2015-12-23,2.101
2015-12-23,2.158
2015-12-23,1.983
2015-12-23,2.036
2015-12-24,2.201
2015-12-24,2.143
2015-12-24,2.079
2015-12-24,2.029
2015-12-24,1.63
2015-12-25,1.63
2015-12-28,2.336
2015-12-28,2.301
2015-12-28,2.228
2015-12-28,2.256
2015-12-28,2.11
2015-12-29,2.37
2015-12-29,2.397
2015-12-29,2.411
2015-12-29,2.39
2015-12-29,2.372
2015-12-30,2.214
2015-12-30,2.338
2015-12-30,2.28
2015-12-30,2.255
2015-12-30,2.296
2015-12-31,2.28
2015-12-31,2.337
2015-12-31,2.424
2015-12-31,2.363
2015-12-31,2.387
2016-01-01,2.28
2016-01-04,2.373
2016-01-04,2.334
2016-01-04,2.35
2016-01-04,2.41
2016-01-04,2.39
2016-01-05,2.376
2016-01-05,2.325
2016-01-05,2.346
2016-01-05,2.413
2016-01-05,2.33
2016-01-06,2.267
2016-01-06,2.289
2016-01-06,2.344
2016-01-06,2.37
2016-01-06,2.384
2016-01-07,2.382
2016-01-07,2.43
2016-01-07,2.394
2016-01-07,2.35
2016-01-07,2.466
2016-01-08,2.534
2016-01-08,2.47
2016-01-08,2.472
2016-01-08,2.471
2016-01-08,2.497
2016-01-11,2.425
2016-01-11,2.389
2016-01-11,2.396
2016-01-11,2.54
2016-01-11,2.461
2016-01-12,2.37
2016-01-12,2.32
2016-01-12,2.261
2016-01-12,2.257
2016-01-12,2.4
2016-01-13,2.385
2016-01-13,2.28
2016-01-13,2.269
2016-01-13,2.29
2016-01-13,2.337
2016-01-14,2.21
2016-01-14,2.18
2016-01-14,2.139
2016-01-14,2.301
2016-01-14,2.244
2016-01-15,2.127
2016-01-15,2.189
2016-01-15,2.18
2016-01-15,2.1
2016-01-15,2.252
2016-01-18,2.18
2016-01-19,2.108
2016-01-19,2.177
2016-01-19,2.247
2016-01-19,2.091
2016-01-19,2.23
2016-01-20,2.118
2016-01-20,2.123
2016-01-20,2.27
2016-01-20,2.18
2016-01-20,2.197
2016-01-21,2.22
2016-01-21,2.217
2016-01-21,2.139
2016-01-21,2.138
2016-01-21,2.283
2016-01-22,2.21
2016-01-22,2.141
2016-01-22,2.139
2016-01-22,2.289
2016-01-22,2.224
2016-01-25,2.155
2016-01-25,2.158
2016-01-25,2.241
2016-01-25,2.16
2016-01-25,2.309
2016-01-26,2.18
2016-01-26,2.26
2016-01-26,2.241
2016-01-26,2.158
2016-01-26,2.303
2016-01-27,2.189
2016-01-27,2.157
2016-01-27,2.26
2016-01-27,2.231
2016-01-27,2.29
2016-01-28,2.239
2016-01-28,2.15
2016-01-28,2.331
2016-01-28,2.287
2016-01-28,2.182
2016-01-29,2.332
2016-01-29,2.405
2016-01-29,2.28
2016-01-29,2.368
2016-01-29,2.298
2016-02-01,2.28
2016-02-01,2.226
2016-02-01,2.152
2016-02-01,2.327
2016-02-01,2.28
2016-02-02,2.025
2016-02-02,2.181
2016-02-02,2.07
2016-02-02,2.12
2016-02-02,2.238
2016-02-03,2.123
2016-02-03,2.238
2016-02-03,2.183
2016-02-03,2.06
2016-02-03,2.038
2016-02-04,2.07
2016-02-04,2.062
2016-02-04,2.191
2016-02-04,1.972
2016-02-04,2.13
2016-02-05,2.26
2016-02-05,2.202
2016-02-05,2.137
2016-02-05,2.063
2016-02-05,2.08
2016-02-08,2.301
2016-02-08,2.25
2016-02-08,2.23
2016-02-08,2.189
2016-02-08,2.14
2016-02-09,2.098
2016-02-09,2.149
2016-02-09,2.263
2016-02-09,2.209
2016-02-09,2.17
2016-02-10,2.046
2016-02-10,2.232
2016-02-10,2.16
2016-02-10,2.111
2016-02-10,2.174
2016-02-11,2.129
2016-02-11,1.994
2016-02-11,2.196
2016-02-11,2.15
2016-02-11,2.061
2016-02-12,2.163
2016-02-12,2.095
2016-02-12,2.03
2016-02-12,1.966
2016-02-12,2.08
2016-02-15,2.08
2016-02-16,2.035
2016-02-16,2.104
2016-02-16,1.969
2016-02-16,1.95
2016-02-16,1.903
2016-02-17,2.011
2016-02-17,2.076
2016-02-17,1.93
2016-02-17,1.942
2016-02-17,2.144
2016-02-18,1.89
2016-02-18,1.927
2016-02-18,2.004
2016-02-18,1.852
2016-02-18,2.077
2016-02-19,1.83
2016-02-19,1.945
2016-02-19,2.018
2016-02-19,1.867
2016-02-19,1.804
2016-02-22,1.821
2016-02-22,1.862
2016-02-22,2.007
2016-02-22,1.934
2016-02-22,1.86
2016-02-23,1.975
2016-02-23,1.85
2016-02-23,1.903
2016-02-23,1.829
2016-02-23,1.782
2016-02-24,1.85
2016-02-24,1.909
2016-02-24,1.982
2016-02-24,1.778
2016-02-24,1.834
2016-02-25,1.944
2016-02-25,1.785
2016-02-25,1.711
2016-02-25,1.78
2016-02-25,1.867
2016-02-26,1.951
2016-02-26,1.791
2016-02-26,2.028
2016-02-26,1.78
2016-02-26,1.873
2016-02-29,1.896
2016-02-29,1.62
2016-02-29,1.808
2016-02-29,1.711
2016-02-29,1.985
2016-03-01,1.848
2016-03-01,2.024
2016-03-01,1.57
2016-03-01,1.742
2016-03-01,1.939
2016-03-02,1.992
2016-03-02,1.8
2016-03-02,1.903
2016-03-02,1.678
2016-03-02,1.6
2016-03-03,1.767
2016-03-03,1.59
2016-03-03,1.975
2016-03-03,1.639
2016-03-03,1.88
2016-03-04,1.9
2016-03-04,1.996
2016-03-04,1.49
2016-03-04,1.787
2016-03-04,1.666
2016-03-07,1.986
2016-03-07,1.892
2016-03-07,1.789
2016-03-07,1.69
2016-03-07,1.56
2016-03-08,2.001
2016-03-08,1.803
2016-03-08,1.712
2016-03-08,1.906
2016-03-08,1.6
2016-03-09,1.846
2016-03-09,1.946
2016-03-09,2.041
2016-03-09,1.752
2016-03-09,1.61
2016-03-10,1.989
2016-03-10,2.086
2016-03-10,1.883
2016-03-10,1.72
2016-03-10,1.788
2016-03-11,2.121
2016-03-11,1.74
2016-03-11,1.915
2016-03-11,1.822
2016-03-11,2.023
2016-03-14,2.024
2016-03-14,1.68
2016-03-14,1.914
2016-03-14,1.819
2016-03-14,2.122
2016-03-15,1.945
2016-03-15,1.81
2016-03-15,1.851
2016-03-15,2.057
2016-03-15,2.155
2016-03-16,2.065
2016-03-16,1.77
2016-03-16,1.868
2016-03-16,1.955
2016-03-16,2.165
2016-03-17,1.84
2016-03-17,2.206
2016-03-17,2.011
2016-03-17,2.11
2016-03-17,1.936
2016-03-18,1.989
2016-03-18,2.085
2016-03-18,1.907
2016-03-18,1.84
2016-03-18,2.183
2016-03-21,1.79
2016-03-21,1.828
2016-03-21,2.1
2016-03-21,1.904
2016-03-21,1.999
2016-03-22,1.937
2016-03-22,1.79
2016-03-22,2.137
2016-03-22,1.863
2016-03-22,2.035
2016-03-23,1.794
2016-03-23,1.79
2016-03-23,1.974
2016-03-23,2.081
2016-03-23,1.868
2016-03-24,1.78
2016-03-24,1.806
2016-03-24,2.099
2016-03-24,1.882
2016-03-24,1.989
2016-03-25,1.78
2016-03-28,1.848
2016-03-28,2.048
2016-03-28,1.78
2016-03-28,1.936
2016-03-28,2.159
2016-03-29,1.77
2016-03-29,1.981
2016-03-29,1.903
2016-03-29,2.211
2016-03-29,2.097
2016-03-30,2.11
2016-03-30,1.87
2016-03-30,2.224
2016-03-30,2.283
2016-03-30,1.996
2016-03-31,2.153
2016-03-31,2.212
2016-03-31,2.054
2016-03-31,1.98
2016-03-31,1.959
2016-04-01,2.052
2016-04-01,2.214
2016-04-01,1.88
2016-04-01,1.956
2016-04-01,2.155
2016-04-04,2.09
2016-04-04,2.241
2016-04-04,1.96
2016-04-04,1.998
2016-04-04,2.185
2016-04-05,1.954
2016-04-05,1.96
2016-04-05,2.05
2016-04-05,2.15
2016-04-05,2.208
2016-04-06,2.004
2016-04-06,2.168
2016-04-06,1.911
2016-04-06,2.109
2016-04-06,1.91
2016-04-07,2.194
2016-04-07,2.249
2016-04-07,2.101
2016-04-07,2.018
2016-04-07,1.96
2016-04-08,2.234
2016-04-08,1.99
2016-04-08,2.077
2016-04-08,2.175
2016-04-08,1.99
2016-04-11,1.9
2016-04-11,2.168
2016-04-11,1.912
2016-04-11,2.001
2016-04-11,2.104
2016-04-12,2.004
2016-04-12,2.238
2016-04-12,1.97
2016-04-12,2.083
2016-04-12,2.178
2016-04-13,2.036
2016-04-13,2.271
2016-04-13,2.212
2016-04-13,2.119
2016-04-13,2.01
2016-04-14,2.063
2016-04-14,2.229
2016-04-14,1.93
2016-04-14,2.165
2016-04-14,1.97
2016-04-15,1.71
2016-04-15,2.174
2016-04-15,1.902
2016-04-15,2.105
2016-04-15,1.997
2016-04-18,2.154
2016-04-18,2.045
2016-04-18,1.94
2016-04-18,1.76
2016-04-18,2.224
2016-04-19,2.188
2016-04-19,2.348
2016-04-19,2.288
2016-04-19,1.94
2016-04-19,2.088
2016-04-20,1.94
2016-04-20,2.281
2016-04-20,2.34
2016-04-20,2.18
2016-04-20,2.069
2016-04-21,2.387
2016-04-21,2.323
2016-04-21,2.208
2016-04-21,2.068
2016-04-21,1.96
2016-04-22,2.267
2016-04-22,2.449
2016-04-22,2.383
2016-04-22,2.14
2016-04-22,1.92
2016-04-25,2.311
2016-04-25,1.97
2016-04-25,2.063
2016-04-25,2.187
2016-04-25,2.381
2016-04-26,2.032
2016-04-26,1.97
2016-04-26,2.37
2016-04-26,2.159
2016-04-26,2.294
2016-04-27,2.393
2016-04-27,2.153
2016-04-27,1.88
2016-04-27,2.305
2016-04-27,1.995
2016-04-28,2.253
2016-04-28,2.404
2016-04-28,2.358
2016-04-28,1.88
2016-04-28,2.078
2016-04-29,2.322
2016-04-29,2.178
2016-04-29,2.412
2016-04-29,1.89
2016-04-29,2.457
2016-05-02,2.37
2016-05-02,2.321
2016-05-02,2.218
2016-05-02,2.042
2016-05-02,1.91
2016-05-03,2.397
2016-05-03,1.94
2016-05-03,2.35
2016-05-03,2.254
2016-05-03,2.086
2016-05-04,2.03
2016-05-04,2.296
2016-05-04,2.423
2016-05-04,2.381
2016-05-04,2.141
2016-05-05,2.076
2016-05-05,2.238
2016-05-05,2.05
2016-05-05,2.372
2016-05-05,2.325
2016-05-06,1.86
2016-05-06,2.243
2016-05-06,2.323
2016-05-06,2.101
2016-05-06,2.366
2016-05-09,2.098
2016-05-09,2.229
2016-05-09,2.342
2016-05-09,2.01
2016-05-09,2.304
2016-05-10,2.01
2016-05-10,2.355
2016-05-10,2.285
2016-05-10,2.158
2016-05-10,2.388
2016-05-11,2.407
2016-05-11,2.374
2016-05-11,2.01
2016-05-11,2.173
2016-05-11,2.301
2016-05-12,2.412
2016-05-12,2.155
2016-05-12,2.01
2016-05-12,2.378
2016-05-12,2.299
2016-05-13,1.96
2016-05-13,2.096
2016-05-13,2.325
2016-05-13,2.365
2016-05-13,2.244
2016-05-16,2.029
2016-05-16,2.254
2016-05-16,2.296
2016-05-16,1.91
2016-05-16,2.177
2016-05-17,2.185
2016-05-17,2.253
2016-05-17,1.97
2016-05-17,2.048
2016-05-17,2.293
2016-05-18,2.001
2016-05-18,2.245
2016-05-18,2.205
2016-05-18,1.91
2016-05-18,2.131
2016-05-19,2.195
2016-05-19,2.323
2016-05-19,1.83
2016-05-19,2.039
2016-05-19,2.278
2016-05-20,2.329
2016-05-20,2.062
2016-05-20,1.81
2016-05-20,2.284
2016-05-20,2.207
2016-05-23,2.055
2016-05-23,2.321
2016-05-23,2.274
2016-05-23,1.96
2016-05-23,2.199
2016-05-24,1.98
2016-05-24,2.146
2016-05-24,2.232
2016-05-24,1.91
2016-05-24,2.285
2016-05-25,2.281
2016-05-25,1.992
2016-05-25,2.339
2016-05-25,1.77
2016-05-25,2.181
2016-05-26,1.963
2016-05-26,2.261
2016-05-26,2.151
2016-05-26,1.77
2016-05-26,2.325
2016-05-27,2.169
2016-05-27,2.452
2016-05-27,1.77
2016-05-27,2.345
2016-05-27,2.281
2016-05-30,1.77
2016-05-31,2.288
2016-05-31,2.12
2016-05-31,2.529
2016-05-31,2.438
2016-05-31,2.383
2016-06-01,2.453
2016-06-01,2.571
2016-06-01,2.381
2016-06-01,2.25
2016-06-01,2.492
2016-06-02,2.3
2016-06-03,2.595
2016-06-03,2.476
2016-06-03,2.398
2016-06-03,2.517
2016-06-03,2.31
2016-06-06,2.537
2016-06-06,2.466
2016-06-06,2.645
2016-06-06,2.574
2016-06-06,2.32
2016-06-07,2.474
2016-06-07,2.679
2016-06-07,2.601
2016-06-07,2.32
2016-06-07,2.557
2016-06-08,2.36
2016-06-08,2.589
2016-06-08,2.669
2016-06-08,2.468
2016-06-08,2.544
2016-06-09,2.69
2016-06-09,2.617
2016-06-09,2.34
2016-06-09,2.791
2016-06-09,2.721
2016-06-10,2.556
2016-06-10,2.624
2016-06-10,2.46
2016-06-10,2.722
2016-06-10,2.654
2016-06-13,2.682
2016-06-13,2.55
2016-06-13,2.585
2016-06-13,2.747
2016-06-13,2.652
2016-06-14,2.666
2016-06-14,2.743
2016-06-14,2.691
2016-06-14,2.55
2016-06-14,2.604
2016-06-15,2.652
2016-06-15,2.595
2016-06-15,2.727
2016-06-15,2.62
2016-06-15,2.677
2016-06-16,2.652
2016-06-16,2.58
2016-06-16,2.62
2016-06-16,2.627
2016-06-16,2.706
2016-06-17,2.623
2016-06-17,2.742
2016-06-17,2.59
2016-06-17,2.686
2016-06-17,2.666
2016-06-20,2.843
2016-06-20,2.795
2016-06-20,2.74
2016-06-20,2.747
2016-06-20,2.777
2016-06-21,2.856
2016-06-21,2.79
2016-06-21,2.768
2016-06-21,2.813
2016-06-21,2.798
2016-06-22,2.724
2016-06-22,2.773
2016-06-22,2.82
2016-06-22,2.711
2016-06-22,2.677
2016-06-23,2.795
2016-06-23,2.737
2016-06-23,2.69
2016-06-23,2.698
2016-06-23,2.744
2016-06-24,2.662
2016-06-24,2.702
2016-06-24,2.71
2016-06-24,2.753
2016-06-24,2.694
2016-06-27,2.741
2016-06-27,2.788
2016-06-27,2.716
2016-06-27,2.744
2016-06-27,2.79
2016-06-28,2.927
2016-06-28,2.888
2016-06-28,2.917
2016-06-28,2.89
2016-06-28,2.89
2016-06-29,2.863
2016-06-29,3.036
2016-06-29,2.858
2016-06-29,2.895
2016-06-29,2.94
2016-06-30,2.924
2016-06-30,2.948
2016-06-30,2.918
2016-06-30,3.085
2016-06-30,2.94
2016-07-01,2.981
2016-07-01,2.89
2016-07-01,2.987
2016-07-01,3.013
2016-07-01,3.142
2016-07-04,2.89
2016-07-05,2.82
2016-07-05,2.758
2016-07-05,2.764
2016-07-05,2.955
2016-07-05,2.802
2016-07-06,2.786
2016-07-06,2.971
2016-07-06,2.777
2016-07-06,2.82
2016-07-06,2.818
2016-07-07,2.802
2016-07-07,2.78
2016-07-07,2.777
2016-07-07,2.764
2016-07-07,2.957
2016-07-08,2.8
2016-07-08,2.99
2016-07-08,2.827
2016-07-08,2.801
2016-07-08,2.788
2016-07-11,2.88
2016-07-11,2.702
2016-07-11,2.684
2016-07-11,2.919
2016-07-11,2.735
2016-07-12,2.7
2016-07-12,2.88
2016-07-12,2.929
2016-07-12,2.747
2016-07-12,2.734
2016-07-13,2.707
2016-07-13,2.737
2016-07-13,2.751
2016-07-13,2.931
2016-07-13,2.81
2016-07-14,2.749
2016-07-14,2.707
2016-07-14,2.933
2016-07-14,2.727
2016-07-14,2.79
2016-07-15,2.728
2016-07-15,2.7
2016-07-15,2.773
2016-07-15,2.756
2016-07-15,2.953
2016-07-18,2.924
2016-07-18,2.83
2016-07-18,2.722
2016-07-18,2.692
2016-07-18,2.738
2016-07-19,2.728
2016-07-19,2.83
2016-07-19,2.689
2016-07-19,2.73
2016-07-19,2.909
2016-07-20,2.76
2016-07-20,2.845
2016-07-20,2.658
2016-07-20,2.663
2016-07-20,2.621
2016-07-21,2.76
2016-07-21,2.872
2016-07-21,2.698
2016-07-21,2.659
2016-07-21,2.692
2016-07-22,2.743
2016-07-22,2.777
2016-07-22,2.952
2016-07-22,2.782
2016-07-22,2.8
2016-07-25,2.935
2016-07-25,2.8
2016-07-25,2.747
2016-07-25,2.756
2016-07-25,2.712
2016-07-26,2.909
2016-07-26,2.712
2016-07-26,2.84
2016-07-26,2.722
2016-07-26,2.677
2016-07-27,2.897
2016-07-27,2.84
2016-07-27,2.672
2016-07-27,2.66
2016-07-27,2.709
2016-07-28,3.287
2016-07-28,3.059
2016-07-28,2.909
2016-07-28,2.79
2016-07-28,2.873
2016-07-29,2.876
2016-07-29,3.076
2016-07-29,2.97
2016-07-29,2.917
2016-07-29,3.32
2016-08-01,2.771
2016-08-01,3.239
2016-08-01,2.97
2016-08-01,2.98
2016-08-01,2.818
2016-08-02,2.783
2016-08-02,2.79
2016-08-02,2.733
2016-08-02,3.199
2016-08-02,2.943
2016-08-03,2.881
2016-08-03,3.034
2016-08-03,2.89
2016-08-03,2.839
2016-08-03,3.276
2016-08-04,3.267
2016-08-04,2.877
2016-08-04,2.834
2016-08-04,3.022
2016-08-04,2.89
2016-08-05,3.217
2016-08-05,2.965
2016-08-05,2.88
2016-08-05,2.809
2016-08-05,2.772
2016-08-08,2.85
2016-08-08,3.191
2016-08-08,2.943
2016-08-08,2.748
2016-08-08,2.779
2016-08-09,2.85
2016-08-09,2.615
2016-08-09,2.844
2016-08-09,3.098
2016-08-09,2.659
2016-08-10,3.059
2016-08-10,2.801
2016-08-10,2.616
2016-08-10,2.76
2016-08-10,2.561
2016-08-11,2.607
2016-08-11,2.792
2016-08-11,2.551
2016-08-11,3.051
2016-08-11,2.7
2016-08-12,2.7
2016-08-12,2.586
2016-08-12,2.804
2016-08-12,2.626
2016-08-12,3.064
2016-08-15,2.75
2016-08-15,2.811
2016-08-15,3.073
2016-08-15,2.629
2016-08-15,2.59
2016-08-16,2.617
2016-08-16,2.657
2016-08-16,3.092
2016-08-16,2.75
2016-08-16,2.833
2016-08-17,2.619
2016-08-17,2.832
2016-08-17,3.083
2016-08-17,2.76
2016-08-17,2.659
2016-08-18,2.712
2016-08-18,2.873
2016-08-18,2.75
2016-08-18,2.674
2016-08-18,3.11
2016-08-19,2.619
2016-08-19,2.781
2016-08-19,2.584
2016-08-19,2.67
2016-08-19,3.022
2016-08-22,2.75
2016-08-22,2.679
2016-08-22,2.701
2016-08-22,3.046
2016-08-22,2.838
2016-08-23,2.75
2016-08-23,2.794
2016-08-23,2.761
2016-08-23,3.128
2016-08-23,2.924
2016-08-24,3.174
2016-08-24,2.835
2016-08-24,2.967
2016-08-24,2.82
2016-08-24,2.796
2016-08-25,3.212
2016-08-25,2.846
2016-08-25,2.89
2016-08-25,3.01
2016-08-25,2.885
2016-08-26,3.03
2016-08-26,3.228
2016-08-26,2.913
2016-08-26,2.91
2016-08-26,2.871
2016-08-29,2.853
2016-08-29,3.011
2016-08-29,2.97
2016-08-29,3.214
2016-08-29,2.896
2016-08-30,3.278
2016-08-30,2.949
2016-08-30,3.157
2016-08-30,2.95
2016-08-30,2.827
2016-08-31,3.326
2016-08-31,2.95
2016-08-31,3.203
2016-08-31,3.003
2016-08-31,2.887
2016-09-01,2.95
2016-09-01,3.242
2016-09-01,2.908
2016-09-01,2.792
2016-09-01,3.113
2016-09-02,2.898
2016-09-02,3.101
2016-09-02,2.792
2016-09-02,3.226
2016-09-02,2.88
2016-09-05,2.88
2016-09-06,3.187
2016-09-06,2.717
2016-09-06,2.88
2016-09-06,3.059
2016-09-06,2.842
2016-09-07,2.676
2016-09-07,2.811
2016-09-07,3.046
2016-09-07,3.175
2016-09-07,2.77
2016-09-08,2.917
2016-09-08,2.806
2016-09-08,3.144
2016-09-08,2.88
2016-09-08,3.266
2016-09-09,2.93
2016-09-09,2.89
2016-09-09,3.243
2016-09-09,3.119
2016-09-09,2.797
2016-09-12,3.04
2016-09-12,3.179
2016-09-12,3.298
2016-09-12,2.986
2016-09-12,2.915
2016-09-13,3.04
2016-09-13,3.176
2016-09-13,2.909
2016-09-13,3.296
2016-09-13,2.989
2016-09-14,3.07
2016-09-14,2.969
2016-09-14,3.299
2016-09-14,3.173
2016-09-14,2.889
2016-09-15,2.98
2016-09-15,3.002
2016-09-15,3.191
2016-09-15,2.927
2016-09-15,3.311
2016-09-16,3.211
2016-09-16,3.021
2016-09-16,2.97
2016-09-16,2.948
2016-09-16,3.333
2016-09-19,2.934
2016-09-19,3.322
2016-09-19,3
2016-09-19,3.005
2016-09-19,3.197
2016-09-20,3.41
2016-09-20,3.109
2016-09-20,3.291
2016-09-20,3.047
2016-09-20,3.12
2016-09-21,3.057
2016-09-21,3.19
2016-09-21,3.132
2016-09-21,3.441
2016-09-21,3.321
2016-09-22,3.18
2016-09-22,3.061
2016-09-22,3.268
2016-09-22,3.392
2016-09-22,2.99
2016-09-23,3.06
2016-09-23,3.341
2016-09-23,3.22
2016-09-23,2.955
2016-09-23,3.013
2016-09-26,3.055
2016-09-26,3.25
2016-09-26,3.371
2016-09-26,3.06
2016-09-26,2.997
2016-09-27,3.242
2016-09-27,3.368
2016-09-27,3.09
2016-09-27,3.05
2016-09-27,2.996
2016-09-28,3.327
2016-09-28,3.002
2016-09-28,2.952
2016-09-28,3.199
2016-09-28,3.07
2016-09-29,3.292
2016-09-29,3.161
2016-09-29,3.298
2016-09-29,2.98
2016-09-29,2.959
2016-09-30,2.906
2016-09-30,3.275
2016-09-30,3.132
2016-09-30,2.84
2016-09-30,3.268
2016-10-03,3.306
2016-10-03,2.923
2016-10-03,2.84
2016-10-03,3.17
2016-10-03,3.314
2016-10-04,2.964
2016-10-04,2.83
2016-10-04,3.183
2016-10-04,3.324
2016-10-04,3.317
2016-10-05,3.041
2016-10-05,2.83
2016-10-05,3.391
2016-10-05,3.26
2016-10-05,3.398
2016-10-06,3.41
2016-10-06,3.04
2016-10-06,3.282
2016-10-06,3.049
2016-10-06,3.417
2016-10-07,3.519
2016-10-07,3.193
2016-10-07,3.391
2016-10-07,3.02
2016-10-07,3.52
2016-10-10,3.18
2016-10-11,3.429
2016-10-11,3.556
2016-10-11,3.17
2016-10-11,3.237
2016-10-11,3.556
2016-10-12,3.41
2016-10-12,3.17
2016-10-12,3.21
2016-10-12,3.543
2016-10-12,3.538
2016-10-13,3.16
2016-10-13,3.532
2016-10-13,3.341
2016-10-13,3.654
2016-10-13,3.654
2016-10-14,3.285
2016-10-14,3.632
2016-10-14,3.18
2016-10-14,3.503
2016-10-14,3.628
2016-10-17,3.21
2016-10-17,3.481
2016-10-17,3.615
2016-10-17,3.244
2016-10-17,3.621
2016-10-18,3.263
2016-10-18,3.25
2016-10-18,3.645
2016-10-18,3.639
2016-10-18,3.505
2016-10-19,3.434
2016-10-19,3.578
2016-10-19,3.17
2016-10-19,3.18
2016-10-19,3.57
2016-10-20,3.141
2016-10-20,3.12
2016-10-20,3.577
2016-10-20,3.569
2016-10-20,3.434
2016-10-21,2.92
2016-10-21,3.361
2016-10-21,3.504
2016-10-21,3.511
2016-10-21,2.993
2016-10-24,3.319
2016-10-24,2.78
2016-10-24,3.465
2016-10-24,3.477
2016-10-24,2.831
2016-10-25,3.331
2016-10-25,2.774
2016-10-25,3.316
2016-10-25,2.69
2016-10-25,3.149
2016-10-26,2.69
2016-10-26,2.731
2016-10-26,3.036
2016-10-26,3.198
2016-10-26,3.187
2016-10-27,3.068
2016-10-27,3.25
2016-10-27,2.72
2016-10-27,3.237
2016-10-27,2.764
2016-10-28,3.284
2016-10-28,3.255
2016-10-28,2.72
2016-10-28,3.105
2016-10-28,3.263
2016-10-31,3.026
2016-10-31,3.195
2016-10-31,3.199
2016-10-31,3.223
2016-10-31,2.85
2016-11-01,3.078
2016-11-01,2.53
2016-11-01,2.902
2016-11-01,3.106
2016-11-01,3.089
2016-11-02,2.992
2016-11-02,2.53
2016-11-02,2.978
2016-11-02,2.792
2016-11-02,3.004
2016-11-03,2.949
2016-11-03,2.41
2016-11-03,2.769
2016-11-03,2.969
2016-11-03,2.98
2016-11-04,2.937
2016-11-04,2.2
2016-11-04,2.767
2016-11-04,2.967
2016-11-04,2.955
2016-11-07,2.978
2016-11-07,2.37
2016-11-07,3.011
2016-11-07,3
2016-11-07,2.816
2016-11-08,2.633
2016-11-08,2.854
2016-11-08,2.854
2016-11-08,2.81
2016-11-08,2.34
2016-11-09,2.69
2016-11-09,2.22
2016-11-09,2.898
2016-11-09,2.859
2016-11-09,2.897
2016-11-10,2.86
2016-11-10,2.632
2016-11-10,2.858
2016-11-10,2.08
2016-11-10,2.811
2016-11-11,2.08
2016-11-14,2.974
2016-11-14,2.749
2016-11-14,2.937
2016-11-14,2.967
2016-11-14,2.26
2016-11-15,2.49
2016-11-15,2.931
2016-11-15,2.885
2016-11-15,2.709
2016-11-15,2.934
2016-11-16,2.49
2016-11-16,2.961
2016-11-16,2.764
2016-11-16,2.96
2016-11-16,2.92
2016-11-17,2.37
2016-11-17,2.875
2016-11-17,2.928
2016-11-17,2.921
2016-11-17,2.703
2016-11-18,3.014
2016-11-18,3.017
2016-11-18,2.98
2016-11-18,2.843
2016-11-18,2.6
2016-11-21,2.95
2016-11-21,3.111
2016-11-21,3.077
2016-11-21,3.106
2016-11-21,2.81
2016-11-22,2.73
2016-11-22,3.124
2016-11-22,3.1
2016-11-22,2.982
2016-11-22,3.111
2016-11-23,2.76
2016-11-23,3.147
2016-11-23,3.166
2016-11-23,3.176
2016-11-23,3.026
2016-11-24,2.76
2016-11-25,2.76
2016-11-28,3.328
2016-11-28,3.232
2016-11-28,2.96
2016-11-28,3.346
2016-11-28,3.32
2016-11-29,3.233
2016-11-29,3.315
2016-11-29,3.319
2016-11-29,3.341
2016-11-29,3.02
2016-11-30,3.23
2016-11-30,3.328
2016-11-30,3.359
2016-11-30,3.352
2016-11-30,3.32
2016-12-01,3.319
2016-12-01,3.505
2016-12-01,3.462
2016-12-01,3.509
2016-12-01,3.32
2016-12-02,3.44
2016-12-02,3.407
2016-12-02,3.44
2016-12-02,3.292
2016-12-02,3.436
2016-12-05,3.654
2016-12-05,3.641
2016-12-05,3.598
2016-12-05,3.44
2016-12-05,3.428
2016-12-06,3.404
2016-12-06,3.626
2016-12-06,3.635
2016-12-06,3.75
2016-12-06,3.58
2016-12-07,3.589
2016-12-07,3.379
2016-12-07,3.55
2016-12-07,3.8
2016-12-07,3.603
2016-12-08,3.631
2016-12-08,3.68
2016-12-08,3.434
2016-12-08,3.695
2016-12-08,3.676
2016-12-09,3.453
2016-12-09,3.741
2016-12-09,3.691
2016-12-09,3.746
2016-12-09,3.75
2016-12-12,3.507
2016-12-12,3.359
2016-12-12,3.6
2016-12-12,3.51
2016-12-12,3.486
2016-12-13,3.351
2016-12-13,3.65
2016-12-13,3.474
2016-12-13,3.456
2016-12-13,3.475
2016-12-14,3.558
2016-12-14,3.417
2016-12-14,3.55
2016-12-14,3.54
2016-12-14,3.536
2016-12-15,3.56
2016-12-16,3.449
2016-12-16,3.355
2016-12-16,3.436
2016-12-16,3.51
2016-12-16,3.415
2016-12-19,3.431
2016-12-19,3.423
2016-12-19,3.392
2016-12-19,3.55
2016-12-19,3.361
2016-12-20,3.216
2016-12-20,3.284
2016-12-20,3.263
2016-12-20,3.297
2016-12-20,3.39
2016-12-21,3.5
2016-12-21,3.407
2016-12-21,3.527
2016-12-21,3.567
2016-12-21,3.542
2016-12-22,3.538
2016-12-22,3.533
2016-12-22,3.5
2016-12-22,3.422
2016-12-22,3.563
2016-12-23,3.662
2016-12-23,3.497
2016-12-23,3.678
2016-12-23,3.6
2016-12-23,3.632
2016-12-26,3.6
2016-12-27,3.766
2016-12-27,3.561
2016-12-27,3.7
2016-12-27,3.761
2016-12-27,3.708
2016-12-28,3.93
2016-12-28,3.825
2016-12-28,3.898
2016-12-28,3.648
2016-12-28,3.7
2016-12-29,3.605
2016-12-29,3.802
2016-12-29,3.572
2016-12-29,3.754
2016-12-29,3.71
2016-12-30,3.566
2016-12-30,3.71
2016-12-30,3.543
2016-12-30,3.684
2016-12-30,3.724
2017-01-02,3.71
2017-01-03,3.327
2017-01-03,3.41
2017-01-03,3.317
2017-01-03,3.279
2017-01-03,3.281
2017-01-04,3.209
2017-01-04,3.42
2017-01-04,3.267
2017-01-04,3.211
2017-01-04,3.249
2017-01-05,3.268
2017-01-05,3.222
2017-01-05,3.273
2017-01-05,3.226
2017-01-05,3.42
2017-01-06,3.256
2017-01-06,3.38
2017-01-06,3.285
2017-01-06,3.288
2017-01-06,3.261
2017-01-09,3.113
2017-01-09,3.114
2017-01-09,3.103
2017-01-09,3.14
2017-01-09,3.106
2017-01-10,3.21
2017-01-10,3.275
2017-01-10,3.258
2017-01-10,3.259
2017-01-10,3.278
2017-01-11,3.27
2017-01-11,3.212
2017-01-11,3.224
2017-01-11,3.214
2017-01-11,3.217
2017-01-12,3.348
2017-01-12,3.36
2017-01-12,3.352
2017-01-12,3.367
2017-01-12,3.386
2017-01-13,3.36
2017-01-13,3.396
2017-01-13,3.381
2017-01-13,3.419
2017-01-13,3.384
2017-01-16,3.36
2017-01-17,3.405
2017-01-17,3.37
2017-01-17,3.416
2017-01-17,3.412
2017-01-17,3.41
2017-01-18,3.26
2017-01-18,3.302
2017-01-18,3.321
2017-01-18,3.294
2017-01-18,3.309
2017-01-19,3.371
2017-01-19,3.385
2017-01-19,3.368
2017-01-19,3.36
2017-01-19,3.25
2017-01-20,3.211
2017-01-20,3.23
2017-01-20,3.239
2017-01-20,3.226
2017-01-20,3.204
2017-01-23,3.281
2017-01-23,3.243
2017-01-23,3.299
2017-01-23,3.16
2017-01-23,3.257
2017-01-24,3.295
2017-01-24,3.317
2017-01-24,3.279
2017-01-24,3.336
2017-01-24,3.16
2017-01-25,3.385
2017-01-25,3.346
2017-01-25,3.366
2017-01-25,3.26
2017-01-25,3.332
2017-01-26,3.382
2017-01-26,3.427
2017-01-26,3.397
2017-01-26,3.41
2017-01-26,3.44
2017-01-27,3.358
2017-01-27,3.391
2017-01-27,3.38
2017-01-27,3.403
2017-01-27,3.31
2017-01-30,3.351
2017-01-30,3.22
2017-01-30,3.305
2017-01-30,3.232
2017-01-30,3.271
2017-01-31,3.208
2017-01-31,3.117
2017-01-31,3.165
2017-01-31,3.259
2017-01-31,3
2017-02-01,3.168
2017-02-01,3.15
2017-02-01,3.298
2017-02-01,3.214
2017-02-01,3.254
2017-02-02,3.343
2017-02-02,3.245
2017-02-02,3.29
2017-02-02,3.13
2017-02-02,3.187
2017-02-03,3.13
2017-02-03,3.063
2017-02-03,3.159
2017-02-03,3.209
2017-02-03,3.116
2017-02-06,3.05
2017-02-06,3.169
2017-02-06,3.224
2017-02-06,2.92
2017-02-06,3.117
2017-02-07,3.192
2017-02-07,3.246
2017-02-07,3.299
2017-02-07,3.13
2017-02-07,3.03
2017-02-08,3.196
2017-02-08,3.311
2017-02-08,3.126
2017-02-08,3.05
2017-02-08,3.255
2017-02-09,3.272
2017-02-09,3.141
2017-02-09,3.33
2017-02-09,3.11
2017-02-09,3.209
2017-02-10,3.189
2017-02-10,3.117
2017-02-10,3.254
2017-02-10,3.034
2017-02-10,3.11
2017-02-13,2.944
2017-02-13,3.032
2017-02-13,3.175
2017-02-13,3.108
2017-02-13,2.93
2017-02-14,2.905
2017-02-14,3.153
2017-02-14,2.85
2017-02-14,3.005
2017-02-14,3.084
2017-02-15,2.925
2017-02-15,3.113
2017-02-15,3.037
2017-02-15,2.95
2017-02-15,3.177
2017-02-16,2.88
2017-02-16,2.854
2017-02-16,3.042
2017-02-16,3.107
2017-02-16,2.971
2017-02-17,2.75
2017-02-17,2.834
2017-02-17,3.082
2017-02-17,2.951
2017-02-17,3.02
2017-02-20,2.75
2017-02-21,2.691
2017-02-21,2.56
2017-02-21,2.868
2017-02-21,2.564
2017-02-21,2.785
2017-02-22,2.701
2017-02-22,2.592
2017-02-22,2.52
2017-02-22,2.858
2017-02-22,2.78
2017-02-23,2.822
2017-02-23,2.617
2017-02-23,2.63
2017-02-23,2.749
2017-02-23,2.894
2017-02-24,2.63
2017-02-24,2.787
2017-02-24,2.94
2017-02-24,2.868
2017-02-24,2.627
2017-02-27,2.693
2017-02-27,2.857
2017-02-27,2.44
2017-02-27,2.926
2017-02-27,2.779
2017-02-28,2.87
2017-02-28,3.027
2017-02-28,2.953
2017-02-28,2.774
2017-02-28,2.54
2017-03-01,2.909
2017-03-01,3.08
2017-03-01,2.999
2017-03-01,2.54
2017-03-01,2.799
2017-03-02,2.59
2017-03-02,3.009
2017-03-02,2.914
2017-03-02,3.094
2017-03-02,2.804
2017-03-03,3.028
2017-03-03,2.939
2017-03-03,2.5
2017-03-03,2.827
2017-03-03,3.105
2017-03-06,3.119
2017-03-06,2.68
2017-03-06,3.056
2017-03-06,2.984
2017-03-06,2.901
2017-03-07,2.68
2017-03-07,3.008
2017-03-07,2.824
2017-03-07,2.921
2017-03-07,3.081
2017-03-08,3.058
2017-03-08,2.981
2017-03-08,2.59
2017-03-08,2.901
2017-03-08,3.122
2017-03-09,2.83
2017-03-09,3.118
2017-03-09,3.182
2017-03-09,3.046
2017-03-09,2.974
2017-03-10,3.142
2017-03-10,3.204
2017-03-10,2.98
2017-03-10,3.074
2017-03-10,3.008
2017-03-13,3.043
2017-03-13,3.171
2017-03-13,3.231
2017-03-13,3.107
2017-03-13,3.04
2017-03-14,2.938
2017-03-14,3.121
2017-03-14,3.02
2017-03-14,2.993
2017-03-14,3.06
2017-03-15,2.981
2017-03-15,3.04
2017-03-15,3.1
2017-03-15,3.02
2017-03-15,3.16
2017-03-16,2.902
2017-03-16,2.84
2017-03-16,3.037
2017-03-16,3.104
2017-03-16,2.967
2017-03-17,3.004
2017-03-17,3.072
2017-03-17,3.138
2017-03-17,2.948
2017-03-17,2.85
2017-03-20,2.93
2017-03-20,3.226
2017-03-20,3.164
2017-03-20,3.098
2017-03-20,3.041
2017-03-21,3.155
2017-03-21,3.219
2017-03-21,3.093
2017-03-21,3.277
2017-03-21,3.09
2017-03-22,3.011
2017-03-22,3.073
2017-03-22,3.21
2017-03-22,3.145
2017-03-22,3.02
2017-03-23,3.206
2017-03-23,3.131
2017-03-23,3.272
2017-03-23,3.051
2017-03-23,2.93
2017-03-24,3.228
2017-03-24,3.297
2017-03-24,3.076
2017-03-24,3.153
2017-03-24,2.97
2017-03-27,2.94
2017-03-27,3.052
2017-03-27,3.274
2017-03-27,3.131
2017-03-27,3.207
2017-03-28,3.177
2017-03-28,3.096
2017-03-28,2.95
2017-03-28,3.251
2017-03-28,3.317
2017-03-29,3.299
2017-03-29,3.361
2017-03-29,3.175
2017-03-29,3.03
2017-03-29,3.231
2017-03-30,3.257
2017-03-30,3.317
2017-03-30,3.336
2017-03-30,3.08
2017-03-30,3.191
2017-03-31,3.333
2017-03-31,3.13
2017-03-31,3.316
2017-03-31,3.254
2017-03-31,3.19
2017-04-03,3.128
2017-04-03,3.298
2017-04-03,3.13
2017-04-03,3.273
2017-04-03,3.204
2017-04-04,3.365
2017-04-04,3.293
2017-04-04,3.06
2017-04-04,3.43
2017-04-04,3.451
2017-04-05,3.266
2017-04-05,3.44
2017-04-05,3.344
2017-04-05,3.416
2017-04-05,3.22
2017-04-06,3.23
2017-04-06,3.47
2017-04-06,3.331
2017-04-06,3.491
2017-04-06,3.401
2017-04-07,3.261
2017-04-07,3.331
2017-04-07,3.402
2017-04-07,3.425
2017-04-07,3.23
2017-04-10,3.38
2017-04-10,3.406
2017-04-10,3.15
2017-04-10,3.309
2017-04-10,3.238
2017-04-11,3.11
2017-04-11,3.15
2017-04-11,3.224
2017-04-11,3.325
2017-04-11,3.296
2017-04-12,3.332
2017-04-12,3.362
2017-04-12,3.262
2017-04-12,2.97
2017-04-12,3.187
2017-04-13,3.376
2017-04-13,3
2017-04-13,3.307
2017-04-13,3.406
2017-04-13,3.227
2017-04-14,3
2017-04-17,3.163
2017-04-17,3.251
2017-04-17,3.09
2017-04-17,3.327
2017-04-17,3.359
2017-04-18,3.145
2017-04-18,3.236
2017-04-18,3.11
2017-04-18,3.314
2017-04-18,3.347
2017-04-19,3.11
2017-04-19,3.353
2017-04-19,3.276
2017-04-19,3.185
2017-04-19,3.38
2017-04-20,3.358
2017-04-20,3.25
2017-04-20,3.13
2017-04-20,3.159
2017-04-20,3.329
2017-04-21,3.27
2017-04-21,3.3
2017-04-21,3.06
2017-04-21,3.101
2017-04-21,3.192
2017-04-24,3.066
2017-04-24,3.274
2017-04-24,3.06
2017-04-24,3.243
2017-04-24,3.16
2017-04-25,3.165
2017-04-25,3.043
2017-04-25,3.25
2017-04-25,3.282
2017-04-25,2.99
2017-04-26,3.142
2017-04-26,3.35
2017-04-26,3.271
2017-04-26,3.06
2017-04-26,3.381
2017-04-27,3.351
2017-04-27,3.338
2017-04-27,3.32
2017-04-27,3.13
2017-04-27,3.239
2017-04-28,3.276
2017-04-28,3.353
2017-04-28,3.38
2017-04-28,3.2
2017-04-28,3.364
2017-05-01,3.215
2017-05-01,3.293
2017-05-01,3.317
2017-05-01,3.2
2017-05-01,3.299
2017-05-02,3.274
2017-05-02,3.286
2017-05-02,3.302
2017-05-02,3.13
2017-05-02,3.195
2017-05-03,3.14
2017-05-03,3.228
2017-05-03,3.309
2017-05-03,3.337
2017-05-03,3.321
2017-05-04,3.186
2017-05-04,3.11
2017-05-04,3.271
2017-05-04,3.293
2017-05-04,3.305
2017-05-05,3.35
2017-05-05,3.369
2017-05-05,3.266
2017-05-05,3.382
2017-05-05,3.1
2017-05-08,3.279
2017-05-08,3.172
2017-05-08,3.06
2017-05-08,3.291
2017-05-08,3.257
2017-05-09,3.333
2017-05-09,3.03
2017-05-09,3.315
2017-05-09,3.227
2017-05-09,3.349
2017-05-10,3.38
2017-05-10,3.03
2017-05-10,3.394
2017-05-10,3.292
2017-05-10,3.412
2017-05-11,3.49
2017-05-11,3.467
2017-05-11,3.376
2017-05-11,3.23
2017-05-11,3.461
2017-05-12,3.521
2017-05-12,3.498
2017-05-12,3.498
2017-05-12,3.424
2017-05-12,3.24
2017-05-15,3.433
2017-05-15,3.429
2017-05-15,3.349
2017-05-15,3.26
2017-05-15,3.456
2017-05-16,3.27
2017-05-16,3.315
2017-05-16,3.23
2017-05-16,3.332
2017-05-16,3.349
2017-05-17,3.32
2017-05-17,3.306
2017-05-17,3.283
2017-05-17,3.192
2017-05-17,3.27
2017-05-18,3.182
2017-05-18,3.13
2017-05-18,3.28
2017-05-18,3.307
2017-05-18,3.32
2017-05-19,3.353
2017-05-19,3.256
2017-05-19,3.11
2017-05-19,3.372
2017-05-19,3.39
2017-05-22,3.33
2017-05-22,3.436
2017-05-22,3.459
2017-05-22,3.424
2017-05-22,3.24
2017-05-23,3.312
2017-05-23,3.22
2017-05-23,3.352
2017-05-23,3.333
2017-05-23,3.219
2017-05-24,3.209
2017-05-24,3.342
2017-05-24,3.322
2017-05-24,3.22
2017-05-24,3.3
2017-05-25,3.184
2017-05-25,3.317
2017-05-25,3.299
2017-05-25,3.1
2017-05-25,3.275
2017-05-26,3.324
2017-05-26,3.345
2017-05-26,3.1
2017-05-26,3.31
2017-05-26,3.236
2017-05-29,3.1
2017-05-30,3.145
2017-05-30,3.191
2017-05-30,3.1
2017-05-30,3.167
2017-05-30,3.181
2017-05-31,3.12
2017-05-31,3.05
2017-05-31,3.109
2017-05-31,3.095
2017-05-31,3.071
2017-06-01,3.008
2017-06-01,3.05
2017-06-01,3.047
2017-06-01,3.034
2017-06-01,3.057
2017-06-02,2.85
2017-06-02,2.999
2017-06-02,3.041
2017-06-02,3.053
2017-06-02,3.03
2017-06-05,2.982
2017-06-05,3.024
2017-06-05,3.036
2017-06-05,3.014
2017-06-05,2.92
2017-06-06,3.076
2017-06-06,3.062
2017-06-06,2.92
2017-06-06,3.082
2017-06-06,3.042
2017-06-07,3.045
2017-06-07,3.02
2017-06-07,3.06
2017-06-07,3.071
2017-06-07,3.054
2017-06-08,3.062
2017-06-08,3.079
2017-06-08,3.053
2017-06-08,3.028
2017-06-08,2.98
2017-06-09,3.082
2017-06-09,3.071
2017-06-09,3.039
2017-06-09,3.03
2017-06-09,3.056
2017-06-12,3.024
2017-06-12,3.038
2017-06-12,3.054
2017-06-12,3.12
2017-06-12,3.065
2017-06-13,3
2017-06-13,3.12
2017-06-13,2.972
2017-06-13,2.989
2017-06-13,2.966
2017-06-14,2.953
2017-06-14,2.937
2017-06-14,2.962
2017-06-14,2.933
2017-06-14,2.95
2017-06-15,3.078
2017-06-15,2.94
2017-06-15,3.064
2017-06-15,3.086
2017-06-15,3.056
2017-06-16,3.06
2017-06-16,3.047
2017-06-16,3.037
2017-06-16,3.01
2017-06-16,3.07
2017-06-19,2.935
2017-06-19,2.917
2017-06-19,2.87
2017-06-19,2.894
2017-06-19,2.91
2017-06-20,2.955
2017-06-20,2.928
2017-06-20,2.93
2017-06-20,2.907
2017-06-20,2.91
2017-06-21,2.91
2017-06-21,2.915
2017-06-21,2.945
2017-06-21,2.893
2017-06-21,2.914
2017-06-22,2.915
2017-06-22,2.945
2017-06-22,2.88
2017-06-22,2.894
2017-06-22,2.913
2017-06-23,2.98
2017-06-23,2.949
2017-06-23,2.929
2017-06-23,2.89
2017-06-23,2.951
2017-06-26,2.98
2017-06-26,3.071
2017-06-26,3.049
2017-06-26,3.027
2017-06-26,3.043
2017-06-27,2.99
2017-06-27,3.064
2017-06-27,3.059
2017-06-27,3.037
2017-06-27,3.088
2017-06-28,3.094
2017-06-28,3.03
2017-06-28,3.115
2017-06-28,3.067
2017-06-28,3.087
2017-06-29,3.125
2017-06-29,3.07
2017-06-29,3.037
2017-06-29,3.042
2017-06-29,3.065
2017-06-30,3.035
2017-06-30,3.118
2017-06-30,3.058
2017-06-30,2.98
2017-06-30,3.031
2017-07-03,2.953
2017-07-03,3.048
2017-07-03,2.984
2017-07-03,2.951
2017-07-03,2.98
2017-07-04,2.98
2017-07-05,2.84
2017-07-05,2.865
2017-07-05,2.98
2017-07-05,2.928
2017-07-05,2.837
2017-07-06,2.89
2017-07-06,2.888
2017-07-06,2.881
2017-07-06,2.967
2017-07-06,2.908
2017-07-07,2.857
2017-07-07,2.864
2017-07-07,2.947
2017-07-07,2.886
2017-07-07,2.91
2017-07-10,2.92
2017-07-10,2.929
2017-07-10,2.955
2017-07-10,2.924
2017-07-10,3.022
2017-07-11,3.047
2017-07-11,2.98
2017-07-11,3.132
2017-07-11,3.066
2017-07-11,3.038
2017-07-12,2.975
2017-07-12,3.01
2017-07-12,3.006
2017-07-12,2.985
2017-07-12,3.077
2017-07-13,2.96
2017-07-13,3.054
2017-07-13,2.961
2017-07-13,2.981
2017-07-13,2.948
2017-07-14,3.004
2017-07-14,2.971
2017-07-14,2.94
2017-07-14,3.08
2017-07-14,2.98
2017-07-17,3.04
2017-07-17,3.112
2017-07-17,3.04
2017-07-17,3.007
2017-07-17,3.02
2017-07-18,3.104
2017-07-18,3.073
2017-07-18,3.11
2017-07-18,3.088
2017-07-18,3.172
2017-07-19,3.066
2017-07-19,3.088
2017-07-19,3.055
2017-07-19,3.159
2017-07-19,3.11
2017-07-20,3.033
2017-07-20,3.12
2017-07-20,3.043
2017-07-20,3.066
2017-07-20,3.134
2017-07-21,2.998
2017-07-21,2.97
2017-07-21,3.071
2017-07-21,3.06
2017-07-21,2.961
2017-07-24,2.882
2017-07-24,2.899
2017-07-24,2.99
2017-07-24,2.917
2017-07-24,2.998
2017-07-25,2.944
2017-07-25,2.931
2017-07-25,2.99
2017-07-25,2.963
2017-07-25,3.04
2017-07-26,3.032
2017-07-26,2.952
2017-07-26,2.914
2017-07-26,2.924
2017-07-26,2.92
2017-07-27,2.969
2017-07-27,3.082
2017-07-27,2.967
2017-07-27,3.003
2017-07-27,2.95
2017-07-28,3.063
2017-07-28,2.981
2017-07-28,2.96
2017-07-28,3.213
2017-07-28,2.941
2017-07-31,2.834
2017-07-31,2.87
2017-07-31,2.794
2017-07-31,2.92
2017-07-31,3.079
2017-08-01,2.936
2017-08-01,3.093
2017-08-01,2.819
2017-08-01,2.8
2017-08-01,2.855
2017-08-02,2.811
2017-08-02,2.8
2017-08-02,2.936
2017-08-02,2.851
2017-08-02,3.094
2017-08-03,2.8
2017-08-03,3.092
2017-08-03,2.844
2017-08-03,2.76
2017-08-03,2.933
2017-08-04,2.817
2017-08-04,3.065
2017-08-04,2.906
2017-08-04,2.774
2017-08-04,2.76
2017-08-07,2.84
2017-08-07,2.926
2017-08-07,2.8
2017-08-07,2.801
2017-08-07,3.079
2017-08-08,2.81
2017-08-08,2.941
2017-08-08,3.089
2017-08-08,2.822
2017-08-08,2.86
2017-08-09,2.883
2017-08-09,2.81
2017-08-09,2.993
2017-08-09,2.92
2017-08-09,3.137
2017-08-10,3.209
2017-08-10,2.985
2017-08-10,2.89
2017-08-10,3.017
2017-08-10,3.076
2017-08-11,2.983
2017-08-11,3.068
2017-08-11,2.96
2017-08-11,3.009
2017-08-11,3.205
2017-08-14,3.02
2017-08-14,2.989
2017-08-14,2.959
2017-08-14,3.197
2017-08-14,3.059
2017-08-15,3.179
2017-08-15,3.04
2017-08-15,2.96
2017-08-15,2.935
2017-08-15,2.965
2017-08-16,3.005
2017-08-16,2.89
2017-08-16,2.94
2017-08-16,2.925
2017-08-16,3.148
2017-08-17,2.91
2017-08-17,3.186
2017-08-17,3.045
2017-08-17,2.929
2017-08-17,2.966
2017-08-18,2.9
2017-08-18,2.93
2017-08-18,2.893
2017-08-18,3.008
2017-08-18,3.153
2017-08-21,3.198
2017-08-21,3
2017-08-21,2.992
2017-08-21,2.962
2017-08-21,3.06
2017-08-22,3.177
2017-08-22,3.037
2017-08-22,2.968
2017-08-22,3
2017-08-22,2.939
2017-08-23,3.033
2017-08-23,2.94
2017-08-23,2.96
2017-08-23,3.176
2017-08-23,2.928
2017-08-24,2.97
2017-08-24,3.193
2017-08-24,3.053
2017-08-24,2.949
2017-08-24,2.982
2017-08-25,2.997
2017-08-25,2.924
2017-08-25,2.93
2017-08-25,2.892
2017-08-25,3.14
2017-08-28,2.925
2017-08-28,2.961
2017-08-28,3.03
2017-08-28,3.171
2017-08-28,2.95
2017-08-29,2.961
2017-08-29,2.95
2017-08-29,3.193
2017-08-29,3.053
2017-08-29,2.983
2017-08-30,3.155
2017-08-30,3.014
2017-08-30,2.95
2017-08-30,2.939
2017-08-30,3.252
2017-08-31,3.232
2017-08-31,3.04
2017-08-31,2.92
2017-08-31,3.102
2017-08-31,3.326
2017-09-01,3.27
2017-09-01,2.88
2017-09-01,3.07
2017-09-01,3.136
2017-09-01,3.366
2017-09-04,2.88
2017-09-05,3.044
2017-09-05,3.287
2017-09-05,2.88
2017-09-05,3.189
2017-09-05,2.972
2017-09-06,3.069
2017-09-06,3.315
2017-09-06,2.98
2017-09-06,3
2017-09-06,3.216
2017-09-07,3.053
2017-09-07,3.304
2017-09-07,3.203
2017-09-07,2.92
2017-09-07,2.981
2017-09-08,3.123
2017-09-08,3.23
2017-09-08,2.965
2017-09-08,2.88
2017-09-08,2.89
2017-09-11,2.88
2017-09-11,3.289
2017-09-11,3.178
2017-09-11,2.95
2017-09-11,3.019
2017-09-12,3.221
2017-09-12,2.88
2017-09-12,3.067
2017-09-12,3.001
2017-09-12,3.329
2017-09-13,3.369
2017-09-13,3.058
2017-09-13,3.118
2017-09-13,3.266
2017-09-13,3.02
2017-09-14,3.271
2017-09-14,3.07
2017-09-14,3.127
2017-09-14,3.371
2017-09-14,3.03
2017-09-15,3.085
2017-09-15,3
2017-09-15,3.34
2017-09-15,3.236
2017-09-15,3.024
2017-09-18,3.436
2017-09-18,3.11
2017-09-18,3.195
2017-09-18,3.146
2017-09-18,3.337
2017-09-19,3.122
2017-09-19,3.18
2017-09-19,3.419
2017-09-19,3.175
2017-09-19,3.319
2017-09-20,3.392
2017-09-20,3.149
2017-09-20,3.094
2017-09-20,3.13
2017-09-20,3.291
2017-09-21,3.11
2017-09-21,3.27
2017-09-21,3.163
2017-09-21,3.007
2017-09-21,2.946
2017-09-22,3.021
2017-09-22,2.959
2017-09-22,2.93
2017-09-22,3.18
2017-09-22,3.289
2017-09-25,2.919
2017-09-25,2.96
2017-09-25,3.151
2017-09-25,3.264
2017-09-25,2.988
2017-09-26,2.96
2017-09-26,3.159
2017-09-26,2.918
2017-09-26,3
2017-09-26,3.271
2017-09-27,2.974
2017-09-27,3.061
2017-09-27,3.329
2017-09-27,2.98
2017-09-27,3.218
2017-09-28,3.304
2017-09-28,2.96
2017-09-28,3.017
2017-09-28,3.298
2017-09-28,3.184
2017-09-29,3.007
2017-09-29,3.299
2017-09-29,2.94
2017-09-29,3.181
2017-09-29,3.295
2017-10-02,3.106
2017-10-02,3.234
2017-10-02,3.24
2017-10-02,2.94
2017-10-02,2.916
2017-10-03,3.217
2017-10-03,3.085
2017-10-03,2.73
2017-10-03,3.222
2017-10-03,2.895
2017-10-04,2.8
2017-10-04,3.248
2017-10-04,3.122
2017-10-04,2.94
2017-10-04,3.247
2017-10-05,3.103
2017-10-05,3.23
2017-10-05,2.8
2017-10-05,2.923
2017-10-05,3.235
2017-10-06,2.863
2017-10-06,2.93
2017-10-06,3.17
2017-10-06,3.179
2017-10-06,3.046
2017-10-09,2.87
2017-10-10,2.89
2017-10-10,3.071
2017-10-10,3.189
2017-10-10,3.2
2017-10-10,2.891
2017-10-11,2.89
2017-10-11,3.066
2017-10-11,3.191
2017-10-11,3.181
2017-10-11,2.889
2017-10-12,3.144
2017-10-12,3.251
2017-10-12,2.95
2017-10-12,3.259
2017-10-12,2.989
2017-10-13,3
2017-10-13,3.271
2017-10-13,3.279
2017-10-13,3.16
2017-10-13,2.99
2017-10-16,2.87
2017-10-16,3.227
2017-10-16,3.108
2017-10-16,3.237
2017-10-16,2.946
2017-10-17,2.88
2017-10-17,3.128
2017-10-17,2.962
2017-10-17,3.257
2017-10-17,3.248
2017-10-18,3.194
2017-10-18,3.065
2017-10-18,2.81
2017-10-18,2.854
2017-10-18,3.203
2017-10-19,3.086
2017-10-19,3.227
2017-10-19,2.83
2017-10-19,2.873
2017-10-19,3.218
2017-10-20,3.113
2017-10-20,3.249
2017-10-20,3.241
2017-10-20,2.915
2017-10-20,2.8
2017-10-23,3.284
2017-10-23,2.95
2017-10-23,3.156
2017-10-23,3.28
2017-10-23,2.991
2017-10-24,3.135
2017-10-24,2.95
2017-10-24,3.26
2017-10-24,3.257
2017-10-24,2.974
2017-10-25,3.082
2017-10-25,2.98
2017-10-25,3.205
2017-10-25,3.203
2017-10-25,2.919
2017-10-26,3.178
2017-10-26,2.91
2017-10-26,2.89
2017-10-26,3.175
2017-10-26,3.051
2017-10-27,3.102
2017-10-27,2.78
2017-10-27,3.107
2017-10-27,2.964
2017-10-27,2.752
2017-10-30,2.966
2017-10-30,2.94
2017-10-30,3.1
2017-10-30,3.066
2017-10-30,3.103
2017-10-31,3.026
2017-10-31,3
2017-10-31,3.03
2017-10-31,2.896
2017-10-31,2.84
2017-11-01,2.68
2017-11-01,3.017
2017-11-01,2.992
2017-11-01,3.024
2017-11-01,2.893
2017-11-02,2.935
2017-11-02,3.051
2017-11-02,2.68
2017-11-02,3.025
2017-11-02,3.058
2017-11-03,2.75
2017-11-03,3.068
2017-11-03,2.984
2017-11-03,3.097
2017-11-03,3.102
2017-11-06,3.189
2017-11-06,3.231
2017-11-06,3.232
2017-11-06,3.01
2017-11-06,3.134
2017-11-07,3.07
2017-11-07,3.152
2017-11-07,3.212
2017-11-07,3.251
2017-11-07,3.252
2017-11-08,3.175
2017-11-08,3.231
2017-11-08,3.272
2017-11-08,3.275
2017-11-08,3.16
2017-11-09,3.298
2017-11-09,3.18
2017-11-09,3.297
2017-11-09,3.2
2017-11-09,3.253
2017-11-10,3.17
2017-11-13,3.265
2017-11-13,3.13
2017-11-13,3.262
2017-11-13,3.222
2017-11-13,3.167
2017-11-14,3.102
2017-11-14,3.203
2017-11-14,3.165
2017-11-14,3.06
2017-11-14,3.205
2017-11-15,3.08
2017-11-15,3.179
2017-11-15,3.16
2017-11-15,3.18
2017-11-15,3.14
2017-11-16,3.121
2017-11-16,3.153
2017-11-16,3.09
2017-11-16,3.155
2017-11-16,3.053
2017-11-17,3.04
2017-11-17,3.191
2017-11-17,3.152
2017-11-17,3.19
2017-11-17,3.097
2017-11-20,3.107
2017-11-20,3.14
2017-11-20,3.04
2017-11-20,3.047
2017-11-20,3.141
2017-11-21,3.017
2017-11-21,3.11
2017-11-21,3.078
2017-11-21,3.05
2017-11-21,3.11
2017-11-22,3.064
2017-11-22,3.059
2017-11-22,3.034
2017-11-22,3.05
2017-11-22,2.968
2017-11-23,3.05
2017-11-24,3.05
2017-11-27,3.017
2017-11-27,2.928
2017-11-27,3.023
2017-11-27,2.99
2017-11-27,2.88
2017-11-28,3.092
2017-11-28,3.074
2017-11-28,3.131
2017-11-28,2.88
2017-11-28,3.128
2017-11-29,2.945
2017-11-29,3.179
2017-11-29,3.179
2017-11-29,3.137
2017-11-29,3.06
2017-11-30,3.032
2017-11-30,2.999
2017-11-30,3.025
2017-11-30,3.06
2017-11-30,2.867
2017-12-01,2.878
2017-12-01,2.84
2017-12-01,3.025
2017-12-01,3.061
2017-12-01,3.063
2017-12-04,2.988
2017-12-04,2.834
2017-12-04,2.91
2017-12-04,2.955
2017-12-04,2.985
2017-12-05,2.894
2017-12-05,2.92
2017-12-05,2.797
2017-12-05,2.86
2017-12-05,2.914
2017-12-06,2.922
2017-12-06,2.804
2017-12-06,2.924
2017-12-06,2.898
2017-12-06,2.86
2017-12-07,2.782
2017-12-07,2.81
2017-12-07,2.705
2017-12-07,2.763
2017-12-07,2.761
2017-12-08,2.772
2017-12-08,2.767
2017-12-08,2.792
2017-12-08,2.78
2017-12-08,2.698
2017-12-11,2.816
2017-12-11,2.847
2017-12-11,2.828
2017-12-11,2.81
2017-12-11,2.722
2017-12-12,2.678
2017-12-12,2.87
2017-12-12,2.614
2017-12-12,2.694
2017-12-12,2.67
2017-12-13,2.732
2017-12-13,2.87
2017-12-13,2.631
2017-12-13,2.715
2017-12-13,2.704
2017-12-14,2.684
2017-12-14,2.678
2017-12-14,2.69
2017-12-14,2.622
2017-12-14,2.704
2017-12-15,2.635
2017-12-15,2.612
2017-12-15,2.61
2017-12-15,2.563
2017-12-15,2.6
2017-12-18,2.755
2017-12-18,2.745
2017-12-18,2.634
2017-12-18,2.71
2017-12-18,2.72
2017-12-19,2.692
2017-12-19,2.697
2017-12-19,2.665
2017-12-19,2.75
2017-12-19,2.601
2017-12-20,2.604
2017-12-20,2.637
2017-12-20,2.636
2017-12-20,2.544
2017-12-20,2.72
2017-12-21,2.51
2017-12-21,2.64
2017-12-21,2.559
2017-12-21,2.592
2017-12-21,2.598
2017-12-22,2.667
2017-12-22,2.658
2017-12-22,2.56
2017-12-22,2.63
2017-12-22,2.622
2017-12-26,2.654
2017-12-26,2.631
2017-12-26,2.578
2017-12-26,2.643
2017-12-26,2.68
2017-12-27,2.699
2017-12-27,2.635
2017-12-27,2.76
2017-12-27,2.732
2017-12-27,2.738
2017-12-28,2.97
2017-12-28,2.914
2017-12-28,2.716
2017-12-28,2.722
2017-12-28,2.878
2017-12-29,3.69
2017-12-29,2.741
2017-12-29,2.906
2017-12-29,2.749
2017-12-29,2.953
2018-01-01,2.953
2018-01-01,2.749
2018-01-01,2.741
2018-01-01,2.906
2018-01-02,3.056
2018-01-02,6.24
2018-01-02,2.777
2018-01-02,2.973
2018-01-02,2.793
2018-01-03,6.24
2018-01-03,2.777
2018-01-03,2.931
2018-01-03,3.008
2018-01-03,2.764
2018-01-04,2.813
2018-01-04,2.88
2018-01-04,4.65
2018-01-04,2.696
2018-01-04,2.692
2018-01-05,
2018-01-05,2.655
2018-01-05,2.795
2018-01-05,2.745
2018-01-05,2.65
2018-01-08,2.68
2018-01-08,2.835
2018-01-08,2.89
2018-01-08,2.676
2018-01-08,2.772
2018-01-09,2.723
2018-01-09,2.93
2018-01-09,2.724
2018-01-09,2.923
2018-01-09,2.852
2018-01-10,2.822
2018-01-10,2.711
2018-01-10,2.906
2018-01-10,2.709
2018-01-10,3.16
2018-01-11,3.084
2018-01-11,2.77
2018-01-11,2.925
2018-01-11,3.16
2018-01-11,2.759
2018-01-12,3.2
2018-01-12,2.789
2018-01-12,2.993
2018-01-12,4.06
2018-01-12,2.773
2018-01-15,3.2
2018-01-15,2.789
2018-01-15,2.773
2018-01-15,2.993
2018-01-16,2.781
2018-01-16,5.46
2018-01-16,2.768
2018-01-16,3.129
2018-01-16,2.962
2018-01-17,2.814
2018-01-17,3.232
2018-01-17,2.8
2018-01-17,3.024
2018-01-17,3.92
2018-01-18,2.802
2018-01-18,2.988
2018-01-18,2.81
2018-01-18,3.92
2018-01-18,3.189
2018-01-19,3.185
2018-01-19,2.787
2018-01-19,2.783
2018-01-19,2.941
2018-01-19,3.2
2018-01-22,3.13
2018-01-22,2.792
2018-01-22,3.224
2018-01-22,2.789
2018-01-22,2.931
2018-01-23,3.039
2018-01-23,3.444
2018-01-23,3.35
2018-01-23,2.849
2018-01-23,2.837
2018-01-24,2.876
2018-01-24,2.859
2018-01-24,3.54
2018-01-24,3.08
2018-01-24,3.509
2018-01-25,2.88
2018-01-25,3.447
2018-01-25,3.54
2018-01-25,3.099
2018-01-25,2.901
2018-01-26,3.175
2018-01-26,3.505
2018-01-26,2.929
2018-01-26,3.58
2018-01-26,2.898
2018-01-29,3.167
2018-01-29,2.914
2018-01-29,3.631
2018-01-29,3.6
2018-01-29,2.939
2018-01-30,3.6
2018-01-30,3.195
2018-01-30,2.966
2018-01-30,2.939
2018-01-30,2.965
2018-01-31,3.34
2018-01-31,2.995
2018-01-31,2.854
2018-01-31,2.886
2018-01-31,2.86
2018-02-01,2.831
2018-02-01,2.796
2018-02-01,2.793
2018-02-01,3.06
2018-02-01,2.856
2018-02-02,2.91
2018-02-02,2.797
2018-02-02,2.832
2018-02-02,2.792
2018-02-02,2.846
2018-02-05,2.85
2018-02-05,2.737
2018-02-05,2.772
2018-02-05,2.726
2018-02-05,2.747
2018-02-06,2.759
2018-02-06,2.723
2018-02-06,2.769
2018-02-06,2.75
2018-02-06,2.735
2018-02-07,2.692
2018-02-07,2.743
2018-02-07,2.702
2018-02-07,2.708
2018-02-07,2.74
2018-02-08,2.685
2018-02-08,2.704
2018-02-08,2.697
2018-02-08,2.74
2018-02-08,2.74
2018-02-09,2.665
2018-02-09,2.66
2018-02-09,2.627
2018-02-09,2.584
2018-02-09,2.597
2018-02-12,2.552
2018-02-12,2.6
2018-02-12,2.579
2018-02-12,2.651
2018-02-12,2.612
2018-02-13,2.623
2018-02-13,2.594
2018-02-13,2.654
2018-02-13,2.692
2018-02-13,2.58
2018-02-14,2.63
2018-02-14,2.658
2018-02-14,2.53
2018-02-14,2.696
2018-02-14,2.587
2018-02-15,2.651
2018-02-15,2.58
2018-02-15,2.49
2018-02-15,2.62
2018-02-15,2.689
2018-02-16,2.632
2018-02-16,2.558
2018-02-16,2.598
2018-02-16,2.49
2018-02-16,2.67
2018-02-19,2.67
2018-02-19,2.632
2018-02-19,2.598
2018-02-19,2.558
2018-02-20,2.61
2018-02-20,2.649
2018-02-20,2.714
2018-02-20,2.678
2018-02-20,2.616
2018-02-21,2.681
2018-02-21,2.739
2018-02-21,2.65
2018-02-21,2.706
2018-02-21,2.659
2018-02-22,2.737
2018-02-22,2.634
2018-02-22,2.65
2018-02-22,2.704
2018-02-22,2.676
2018-02-23,2.625
2018-02-23,2.719
2018-02-23,2.58
2018-02-23,2.657
2018-02-23,2.686
2018-02-26,2.686
2018-02-26,2.6
2018-02-26,2.639
2018-02-26,2.743
2018-02-26,2.711
2018-02-27,2.59
2018-02-27,2.712
2018-02-27,2.787
2018-02-27,2.746
2018-02-27,2.683
2018-02-28,2.779
2018-02-28,2.667
2018-02-28,2.696
2018-02-28,2.66
2018-02-28,2.735
2018-03-01,2.67
2018-03-01,2.729
2018-03-01,2.812
2018-03-01,2.768
2018-03-01,2.698
2018-03-02,2.67
2018-03-02,2.695
2018-03-02,2.767
2018-03-02,2.727
2018-03-02,2.811
2018-03-05,2.738
2018-03-05,2.7
2018-03-05,2.778
2018-03-05,2.823
2018-03-05,2.704
2018-03-06,2.861
2018-03-06,2.816
2018-03-06,2.749
2018-03-06,2.778
2018-03-06,2.7
2018-03-07,2.847
2018-03-07,2.892
2018-03-07,2.806
2018-03-07,2.8
2018-03-07,2.777
2018-03-08,2.787
2018-03-08,2.833
2018-03-08,2.756
2018-03-08,2.8
2018-03-08,2.881
2018-03-09,2.855
2018-03-09,2.71
2018-03-09,2.759
2018-03-09,2.732
2018-03-09,2.806
2018-03-12,2.894
2018-03-12,2.846
2018-03-12,2.8
2018-03-12,2.78
2018-03-12,2.778
2018-03-13,2.809
2018-03-13,2.76
2018-03-13,2.905
2018-03-13,2.786
2018-03-13,2.856
2018-03-14,2.809
2018-03-14,2.759
2018-03-14,2.731
2018-03-14,2.69
2018-03-14,2.859
2018-03-15,2.765
2018-03-15,2.712
2018-03-15,2.817
2018-03-15,2.681
2018-03-15,2.7
2018-03-16,2.77
2018-03-16,2.823
2018-03-16,2.688
2018-03-16,2.716
2018-03-16,2.62
2018-03-19,2.795
2018-03-19,2.62
2018-03-19,2.736
2018-03-19,2.678
2018-03-19,2.651
2018-03-20,2.76
2018-03-20,2.704
2018-03-20,2.675
2018-03-20,2.818
2018-03-20,2.71
2018-03-21,2.724
2018-03-21,2.784
2018-03-21,2.638
2018-03-21,2.667
2018-03-21,2.74
2018-03-22,2.656
2018-03-22,2.617
2018-03-22,2.776
2018-03-22,2.62
2018-03-22,2.715
2018-03-23,2.633
2018-03-23,2.58
2018-03-23,2.692
2018-03-23,2.591
2018-03-23,2.753
2018-03-26,2.618
2018-03-26,2.777
2018-03-26,2.716
2018-03-26,2.63
2018-03-26,2.657
2018-03-27,2.6
2018-03-27,2.691
2018-03-27,2.766
2018-03-27,2.822
2018-03-27,2.714
2018-03-28,2.823
2018-03-28,2.64
2018-03-28,2.808
2018-03-28,2.751
2018-03-28,2.698
2018-03-29,2.847
2018-03-29,2.778
2018-03-29,2.733
2018-03-29,2.81
2018-03-29,2.832
2018-03-30,2.832
2018-03-30,2.847
2018-03-30,2.778
2018-03-30,2.733
2018-04-02,2.805
2018-04-02,2.787
2018-04-02,2.75
2018-04-02,2.732
2018-04-02,2.683
2018-04-03,2.697
2018-04-03,2.819
2018-04-03,2.745
2018-04-03,2.801
2018-04-03,2.75
2018-04-04,2.81
2018-04-04,2.842
2018-04-04,2.823
2018-04-04,2.766
2018-04-04,2.718
2018-04-05,2.729
2018-04-05,2.675
2018-04-05,2.81
2018-04-05,2.812
2018-04-05,2.791
2018-04-06,2.804
2018-04-06,2.747
2018-04-06,2.701
2018-04-06,2.825
2018-04-06,2.81
2018-04-09,2.78
2018-04-09,2.693
2018-04-09,2.802
2018-04-09,2.731
2018-04-09,2.78
2018-04-10,2.656
2018-04-10,2.747
2018-04-10,2.78
2018-04-10,2.694
2018-04-10,2.77
2018-04-11,2.709
2018-04-11,2.675
2018-04-11,2.779
2018-04-11,2.74
2018-04-11,2.757
2018-04-12,2.782
2018-04-12,2.76
2018-04-12,2.761
2018-04-12,2.686
2018-04-12,2.717
2018-04-13,2.805
2018-04-13,2.735
2018-04-13,2.764
2018-04-13,2.82
2018-04-13,2.821
2018-04-16,2.752
2018-04-16,2.845
2018-04-16,2.88
2018-04-16,2.784
2018-04-16,2.827
2018-04-17,2.833
2018-04-17,2.815
2018-04-17,2.738
2018-04-17,2.84
2018-04-17,2.77
2018-04-18,2.85
2018-04-18,2.739
2018-04-18,2.814
2018-04-18,2.828
2018-04-18,2.768
2018-04-19,2.695
2018-04-19,2.743
2018-04-19,2.76
2018-04-19,2.66
2018-04-19,2.8
2018-04-20,2.821
2018-04-20,2.739
2018-04-20,2.808
2018-04-20,2.78
2018-04-20,2.767
2018-04-23,2.824
2018-04-23,2.812
2018-04-23,2.775
2018-04-23,2.78
2018-04-23,2.74
2018-04-24,2.79
2018-04-24,2.849
2018-04-24,2.813
2018-04-24,2.781
2018-04-24,2.857
2018-04-25,2.844
2018-04-25,2.852
2018-04-25,2.807
2018-04-25,2.786
2018-04-25,2.81
2018-04-26,2.873
2018-04-26,2.821
2018-04-26,2.878
2018-04-26,2.839
2018-04-26,2.81
2018-04-27,2.771
2018-04-27,2.805
2018-04-27,2.811
2018-04-27,2.82
2018-04-27,2.82
2018-04-30,2.79
2018-04-30,2.75
2018-04-30,2.8
2018-04-30,2.807
2018-04-30,2.763
2018-05-01,2.837
2018-05-01,2.823
2018-05-01,2.841
2018-05-01,2.75
2018-05-01,2.802
2018-05-02,2.791
2018-05-02,2.77
2018-05-02,2.797
2018-05-02,2.754
2018-05-02,2.781
2018-05-03,2.764
2018-05-03,2.726
2018-05-03,2.75
2018-05-03,2.747
2018-05-03,2.759
2018-05-04,2.729
2018-05-04,2.746
2018-05-04,2.711
2018-05-04,2.75
2018-05-04,2.741
2018-05-07,2.74
2018-05-07,2.741
2018-05-07,2.755
2018-05-07,2.772
2018-05-07,2.767
2018-05-08,2.77
2018-05-08,2.752
2018-05-08,2.767
2018-05-08,2.732
2018-05-08,2.76
2018-05-09,2.767
2018-05-09,2.755
2018-05-09,2.75
2018-05-09,2.76
2018-05-09,2.737
2018-05-10,2.78
2018-05-10,2.828
2018-05-10,2.814
2018-05-10,2.822
2018-05-10,2.836
2018-05-11,2.825
2018-05-11,2.836
2018-05-11,2.821
2018-05-11,2.75
2018-05-11,2.806
2018-05-14,2.869
2018-05-14,2.84
2018-05-14,2.859
2018-05-14,2.851
2018-05-14,2.842
2018-05-15,2.864
2018-05-15,2.844
2018-05-15,2.836
2018-05-15,2.83
2018-05-15,2.854
2018-05-16,2.815
2018-05-16,2.837
2018-05-16,2.85
2018-05-16,2.832
2018-05-16,2.85
2018-05-17,2.859
2018-05-17,2.75
2018-05-17,2.886
2018-05-17,2.898
2018-05-17,2.877
2018-05-18,2.893
2018-05-18,2.879
2018-05-18,2.875
2018-05-18,2.847
2018-05-18,2.75
2018-05-21,2.869
2018-05-21,2.77
2018-05-21,2.81
2018-05-21,2.85
2018-05-21,2.853
2018-05-22,2.952
2018-05-22,2.933
2018-05-22,2.908
2018-05-22,2.936
2018-05-22,2.76
2018-05-23,2.973
2018-05-23,2.955
2018-05-23,2.956
2018-05-23,2.914
2018-05-23,2.89
2018-05-24,2.94
2018-05-24,2.97
2018-05-24,2.988
2018-05-24,2.88
2018-05-24,2.971
2018-05-25,2.939
2018-05-25,2.88
2018-05-25,2.963
2018-05-25,2.967
2018-05-25,2.983
2018-05-28,2.967
2018-05-28,2.963
2018-05-28,2.983
2018-05-28,2.939
2018-05-29,2.909
2018-05-29,2.903
2018-05-29,2.923
2018-05-29,2.875
2018-05-29,2.84
2018-05-30,2.891
2018-05-30,2.83
2018-05-30,2.905
2018-05-30,2.885
2018-05-30,2.897
2018-05-31,2.944
2018-05-31,2.965
2018-05-31,2.948
2018-05-31,2.94
2018-05-31,2.952
2018-06-01,2.976
2018-06-01,2.959
2018-06-01,2.962
2018-06-01,2.91
2018-06-01,2.955
2018-06-04,2.89
2018-06-04,2.925
2018-06-04,2.943
2018-06-04,2.93
2018-06-04,2.932
2018-06-05,2.9
2018-06-05,2.907
2018-06-05,2.89
2018-06-05,2.892
2018-06-05,2.89
2018-06-06,2.896
2018-06-06,2.895
2018-06-06,2.904
2018-06-06,2.909
2018-06-06,2.89
2018-06-07,2.93
2018-06-07,2.924
2018-06-07,2.939
2018-06-07,2.935
2018-06-07,3.02
2018-06-08,2.876
2018-06-08,2.91
2018-06-08,2.894
2018-06-08,2.89
2018-06-08,2.89
2018-06-11,3
2018-06-11,2.941
2018-06-11,2.911
2018-06-11,2.949
2018-06-11,2.923
2018-06-12,2.902
2018-06-12,2.929
2018-06-12,2.917
2018-06-12,2.939
2018-06-12,2.98
2018-06-13,2.936
2018-06-13,2.963
2018-06-13,2.92
2018-06-13,2.98
2018-06-13,2.948
2018-06-14,2.935
2018-06-14,2.965
2018-06-14,2.99
2018-06-14,2.958
2018-06-14,2.949
2018-06-15,3.015
2018-06-15,3.022
2018-06-15,2.99
2018-06-15,3.02
2018-06-15,2.999
2018-06-18,2.932
2018-06-18,2.99
2018-06-18,2.951
2018-06-18,2.951
2018-06-18,2.944
2018-06-19,2.884
2018-06-19,2.95
2018-06-19,2.9
2018-06-19,2.904
2018-06-19,2.895
2018-06-20,2.951
2018-06-20,2.965
2018-06-20,2.944
2018-06-20,2.96
2018-06-20,2.964
2018-06-21,2.954
2018-06-21,2.972
2018-06-21,2.947
2018-06-21,3.08
2018-06-21,2.975
2018-06-22,2.95
2018-06-22,2.945
2018-06-22,2.92
2018-06-22,2.926
2018-06-22,2.945
2018-06-25,2.96
2018-06-25,2.923
2018-06-25,2.906
2018-06-25,2.921
2018-06-25,2.898
2018-06-26,2.939
2018-06-26,2.907
2018-06-26,2.931
2018-06-26,2.98
2018-06-26,2.913
2018-06-27,3.01
2018-06-27,2.951
2018-06-27,2.981
2018-06-27,2.996
2018-06-27,2.955
2018-06-28,2.967
2018-06-28,2.99
2018-06-28,2.927
2018-06-28,2.919
2018-06-28,2.94
2018-06-29,2.908
2018-06-29,2.949
2018-06-29,2.924
2018-06-29,2.96
2018-06-29,2.901
2018-07-02,2.862
2018-07-02,2.9
2018-07-02,2.857
2018-07-02,2.844
2018-07-02,2.903
2018-07-03,2.856
2018-07-03,2.902
2018-07-03,2.9
2018-07-03,2.846
2018-07-03,2.87
2018-07-04,2.856
2018-07-04,2.902
2018-07-04,2.87
2018-07-04,2.846
2018-07-05,2.822
2018-07-05,2.812
2018-07-05,2.91
2018-07-05,2.837
2018-07-05,2.87
2018-07-06,2.88
2018-07-06,2.826
2018-07-06,2.858
2018-07-06,2.91
2018-07-06,2.834
2018-07-09,2.854
2018-07-09,2.828
2018-07-09,2.9
2018-07-09,2.805
2018-07-09,2.796
2018-07-10,2.9
2018-07-10,2.821
2018-07-10,2.758
2018-07-10,2.788
2018-07-10,2.77
2018-07-11,2.858
2018-07-11,2.797
2018-07-11,2.809
2018-07-11,2.829
2018-07-11,2.89
2018-07-12,2.797
2018-07-12,2.89
2018-07-12,2.832
2018-07-12,2.78
2018-07-12,2.766
2018-07-13,2.86
2018-07-13,2.74
2018-07-13,2.724
2018-07-13,2.792
2018-07-13,2.752
2018-07-16,2.76
2018-07-16,2.759
2018-07-16,2.73
2018-07-16,2.742
2018-07-16,2.791
2018-07-17,2.74
2018-07-17,2.707
2018-07-17,2.72
2018-07-17,2.769
2018-07-17,2.81
2018-07-18,2.755
2018-07-18,2.721
2018-07-18,2.705
2018-07-18,2.8
2018-07-18,2.689
2018-07-19,2.797
2018-07-19,2.75
2018-07-19,2.769
2018-07-19,2.751
2018-07-19,2.736
2018-07-20,2.79
2018-07-20,2.792
2018-07-20,2.728
2018-07-20,2.746
2018-07-20,2.757
2018-07-23,2.767
2018-07-23,2.721
2018-07-23,2.715
2018-07-23,2.695
2018-07-23,2.79
2018-07-24,2.739
2018-07-24,2.719
2018-07-24,2.73
2018-07-24,2.732
2018-07-24,2.791
2018-07-25,2.82
2018-07-25,2.773
2018-07-25,2.775
2018-07-25,2.755
2018-07-25,2.824
2018-07-26,2.83
2018-07-26,2.762
2018-07-26,2.78
2018-07-26,2.82
2018-07-26,2.78
2018-07-27,2.822
2018-07-27,2.8
2018-07-27,2.848
2018-07-27,2.782
2018-07-27,2.78
2018-07-30,2.817
2018-07-30,2.866
2018-07-30,2.75
2018-07-30,2.797
2018-07-30,2.974
2018-07-31,2.82
2018-07-31,2.798
2018-07-31,2.782
2018-07-31,2.952
2018-07-31,2.843
2018-08-01,2.811
2018-08-01,2.77
2018-08-01,2.8
2018-08-01,2.758
2018-08-01,2.919
2018-08-02,2.77
2018-08-02,2.857
2018-08-02,2.822
2018-08-02,2.958
2018-08-02,2.816
2018-08-03,2.862
2018-08-03,2.86
2018-08-03,2.998
2018-08-03,2.898
2018-08-03,2.853
2018-08-06,3.003
2018-08-06,2.866
2018-08-06,2.903
2018-08-06,2.85
2018-08-06,2.86
2018-08-07,2.935
2018-08-07,3.031
2018-08-07,2.9
2018-08-07,2.95
2018-08-07,2.897
2018-08-08,2.955
2018-08-08,3.077
2018-08-08,2.989
2018-08-08,2.99
2018-08-08,2.949
2018-08-09,3.02
2018-08-09,2.959
2018-08-09,2.992
2018-08-09,2.955
2018-08-09,3.077
2018-08-10,2.949
2018-08-10,3.067
2018-08-10,2.944
2018-08-10,2.96
2018-08-10,2.982
2018-08-13,2.971
2018-08-13,2.92
2018-08-13,2.93
2018-08-13,3.059
2018-08-13,2.936
2018-08-14,2.959
2018-08-14,3.092
2018-08-14,3.002
2018-08-14,2.966
2018-08-14,3.02
2018-08-15,3.02
2018-08-15,2.94
2018-08-15,3.078
2018-08-15,2.985
2018-08-15,2.948
2018-08-16,2.908
2018-08-16,3.02
2018-08-16,3.046
2018-08-16,2.95
2018-08-16,2.913
2018-08-17,2.986
2018-08-17,3.082
2018-08-17,2.949
2018-08-17,3.01
2018-08-17,2.946
2018-08-20,2.966
2018-08-20,3.04
2018-08-20,2.932
2018-08-20,2.941
2018-08-20,3.061
2018-08-21,2.964
2018-08-21,3.083
2018-08-21,2.991
2018-08-21,2.98
2018-08-21,3.01
2018-08-22,3.02
2018-08-22,3.069
2018-08-22,2.956
2018-08-22,2.975
2018-08-22,2.944
2018-08-23,2.964
2018-08-23,3.01
2018-08-23,3.08
2018-08-23,2.953
2018-08-23,2.986
2018-08-24,2.917
2018-08-24,3.042
2018-08-24,2.946
2018-08-24,2.99
2018-08-24,2.913
2018-08-27,2.995
2018-08-27,2.899
2018-08-27,2.869
2018-08-27,2.98
2018-08-27,2.876
2018-08-28,2.852
2018-08-28,2.845
2018-08-28,2.873
2018-08-28,2.966
2018-08-28,2.98
2018-08-29,2.895
2018-08-29,2.96
2018-08-29,2.89
2018-08-29,2.863
2018-08-29,2.979
2018-08-30,3.074
2018-08-30,2.874
2018-08-30,2.988
2018-08-30,2.901
2018-08-30,2.96
2018-08-31,2.98
2018-08-31,2.939
2018-08-31,3.029
2018-08-31,3.114
2018-08-31,2.916
2018-09-03,2.916
2018-09-03,3.114
2018-09-03,3.029
2018-09-03,2.939
2018-09-04,2.823
2018-09-04,2.96
2018-09-04,2.842
2018-09-04,3.027
2018-09-04,2.937
2018-09-05,2.995
2018-09-05,2.795
2018-09-05,2.907
2018-09-05,3
2018-09-05,2.813
2018-09-06,2.791
2018-09-06,2.885
2018-09-06,2.772
2018-09-06,2.93
2018-09-06,2.974
2018-09-07,2.878
2018-09-07,2.776
2018-09-07,2.79
2018-09-07,2.965
2018-09-07,2.88
2018-09-10,2.808
2018-09-10,2.9
2018-09-10,2.804
2018-09-10,2.982
2018-09-10,2.895
2018-09-11,2.827
2018-09-11,2.94
2018-09-11,2.828
2018-09-11,2.913
2018-09-11,3
2018-09-12,2.91
2018-09-12,3.001
2018-09-12,2.82
2018-09-12,2.829
2018-09-12,2.98
2018-09-13,2.89
2018-09-13,2.94
2018-09-13,2.817
2018-09-13,2.8
2018-09-13,2.981
2018-09-14,2.843
2018-09-14,2.91
2018-09-14,2.767
2018-09-14,2.934
2018-09-14,2.751
2018-09-17,2.814
2018-09-17,2.952
2018-09-17,2.95
2018-09-17,2.862
2018-09-17,2.779
2018-09-18,2.896
2018-09-18,3
2018-09-18,3.05
2018-09-18,2.961
2018-09-18,2.933
2018-09-19,2.882
2018-09-19,3.11
2018-09-19,2.951
2018-09-19,2.908
2018-09-19,3.041
2018-09-20,3.07
2018-09-20,2.976
2018-09-20,2.964
2018-09-20,3.031
2018-09-20,3.117
2018-09-21,2.977
2018-09-21,3.045
2018-09-21,3.02
2018-09-21,2.974
2018-09-21,3.131
2018-09-24,3.029
2018-09-24,3.179
2018-09-24,3.097
2018-09-24,3.038
2018-09-24,3.04
2018-09-25,3.209
2018-09-25,3.082
2018-09-25,3.129
2018-09-25,3.058
2018-09-25,3.12
2018-09-26,2.98
2018-09-26,3.145
2018-09-26,3.021
2018-09-26,3.1
2018-09-26,3.062
2018-09-27,3.056
2018-09-27,3.117
2018-09-27,3.214
2018-09-27,3.135
2018-09-27,3.05
2018-09-28,3.091
2018-09-28,3.01
2018-09-28,3.085
2018-09-28,3.169
2018-09-28,3.008
2018-10-01,3.172
2018-10-01,3.244
2018-10-01,3.13
2018-10-01,3.155
2018-10-01,3.094
2018-10-02,3.215
2018-10-02,3.239
2018-10-02,3.312
2018-10-02,3.14
2018-10-02,3.166
2018-10-03,3.252
2018-10-03,3.37
2018-10-03,3.26
2018-10-03,3.297
2018-10-03,3.23
2018-10-04,3.288
2018-10-04,3.221
2018-10-04,3.165
2018-10-04,3.195
2018-10-04,3.39
2018-10-05,3.188
2018-10-05,3.167
2018-10-05,3.143
2018-10-05,3.253
2018-10-05,3.25
2018-10-08,3.267
2018-10-08,3.236
2018-10-08,3.28
2018-10-08,3.333
2018-10-08,3.289
2018-10-09,3.4
2018-10-09,3.266
2018-10-09,3.298
2018-10-09,3.361
2018-10-09,3.262
2018-10-10,3.332
2018-10-10,3.45
2018-10-10,3.404
2018-10-10,3.284
2018-10-10,3.309
2018-10-11,3.222
2018-10-11,3.16
2018-10-11,3.279
2018-10-11,3.277
2018-10-11,3.352
2018-10-12,3.226
2018-10-12,3.306
2018-10-12,3.238
2018-10-12,3.161
2018-10-12,3.19
2018-10-15,3.242
2018-10-15,3.301
2018-10-15,3.31
2018-10-15,3.26
2018-10-15,3.389
2018-10-16,3.296
2018-10-16,3.301
2018-10-16,3.27
2018-10-16,3.239
2018-10-16,3.374
2018-10-17,3.369
2018-10-17,3.439
2018-10-17,3.32
2018-10-17,3.3
2018-10-17,3.347
2018-10-18,3.325
2018-10-18,3.247
2018-10-18,3.198
2018-10-18,3.28
2018-10-18,3.25
2018-10-19,3.309
2018-10-19,3.385
2018-10-19,3.25
2018-10-19,3.2
2018-10-19,3.299
2018-10-22,3.2
2018-10-22,3.138
2018-10-22,3.214
2018-10-22,3.29
2018-10-22,3.211
2018-10-23,3.212
2018-10-23,3.28
2018-10-23,3.353
2018-10-23,3.26
2018-10-23,3.283
2018-10-24,3.166
2018-10-24,3.29
2018-10-24,3.42
2018-10-24,3.201
2018-10-24,3.227
2018-10-25,3.202
2018-10-25,3.226
2018-10-25,3.42
2018-10-25,3.256
2018-10-25,3.317
2018-10-26,3.225
2018-10-26,3.29
2018-10-26,3.208
2018-10-26,3.185
2018-10-26,3.27
2018-10-29,3.185
2018-10-29,3.261
2018-10-29,3.198
2018-10-29,3.181
2018-10-29,3.2
2018-10-30,3.244
2018-10-30,3.163
2018-10-30,3.187
2018-10-30,2.934
2018-10-30,3.27
2018-10-31,3.302
2018-10-31,3.21
2018-10-31,3.31
2018-10-31,2.967
2018-10-31,3.261
2018-11-01,3.237
2018-11-01,3.36
2018-11-01,2.939
2018-11-01,3.275
2018-11-01,3.173
2018-11-02,3.284
2018-11-02,3.192
2018-11-02,2.938
2018-11-02,3.26
2018-11-02,3.31
2018-11-05,3.53
2018-11-05,3.407
2018-11-05,3.575
2018-11-05,3.091
2018-11-05,3.567
2018-11-06,3.555
2018-11-06,3.53
2018-11-06,3.436
2018-11-06,3.113
2018-11-06,3.583
2018-11-07,3.569
2018-11-07,3.54
2018-11-07,3.108
2018-11-07,3.428
2018-11-07,3.555
2018-11-08,3.543
2018-11-08,3.54
2018-11-08,3.553
2018-11-08,3.414
2018-11-08,3.095
2018-11-09,3.176
2018-11-09,3.566
2018-11-09,3.721
2018-11-09,3.719
2018-11-09,3.74
2018-11-12,3.66
2018-11-12,3.293
2018-11-12,3.8
2018-11-12,3.788
2018-11-12,3.96
2018-11-13,3.712
2018-11-13,4.1
2018-11-13,4.019
2018-11-13,4.147
2018-11-13,4.101
2018-11-14,4.837
2018-11-14,4.1
2018-11-14,4.77
2018-11-14,4.472
2018-11-14,4.898
2018-11-15,3.596
2018-11-15,4.038
2018-11-15,4.043
2018-11-15,3.897
2018-11-15,4.69
2018-11-16,3.865
2018-11-16,4.148
2018-11-16,4.291
2018-11-16,4.272
2018-11-16,4.3
2018-11-19,4.7
2018-11-19,4.295
2018-11-19,4.712
2018-11-19,4.65
2018-11-19,4.572
2018-11-20,4.65
2018-11-20,4.523
2018-11-20,4.125
2018-11-20,4.386
2018-11-20,4.521
2018-11-21,4.451
2018-11-21,4.108
2018-11-21,4.477
2018-11-21,4.368
2018-11-21,4.7
2018-11-22,4.451
2018-11-22,4.368
2018-11-22,4.108
2018-11-22,4.477
2018-11-23,4.262
2018-11-23,4.308
2018-11-23,4.355
2018-11-23,4.042
2018-11-26,4.28
2018-11-26,4.184
2018-11-26,3.966
2018-11-26,4.299
2018-11-26,4.248
2018-11-27,4.161
2018-11-27,4.262
2018-11-27,4.292
2018-11-27,4.28
2018-11-27,3.909
2018-11-28,4.715
2018-11-28,4.538
2018-11-28,4.699
2018-11-28,4.219
2018-11-28,4.5
2018-11-29,2.894
2018-11-29,4.5
2018-11-29,4.156
2018-11-29,4.646
2018-11-29,4.482
2018-11-30,4.419
2018-11-30,4.612
2018-11-30,2.887
2018-11-30,4.014
2018-11-30,4.61
2018-12-03,4.4
2018-12-03,4.157
2018-12-03,3.768
2018-12-03,4.339
2018-12-03,2.906
2018-12-04,4.457
2018-12-04,3.937
2018-12-04,2.957
2018-12-04,4.305
2018-12-04,4.4
2018-12-05,4.006
2018-12-05,4.69
2018-12-05,2.981
2018-12-05,4.469
2018-12-05,4.33
2018-12-06,4.217
2018-12-06,3.924
2018-12-06,4.327
2018-12-06,4.44
2018-12-06,2.96
2018-12-07,4.488
2018-12-07,2.991
2018-12-07,4.155
2018-12-07,4.378
2018-12-07,4.51
2018-12-10,2.977
2018-12-10,4.545
2018-12-10,4.54
2018-12-10,4.36
2018-12-10,4.136
2018-12-11,4.407
2018-12-11,3.003
2018-12-11,4.258
2018-12-11,4.041
2018-12-11,4.53
2018-12-12,3.853
2018-12-12,2.924
2018-12-12,4.53
2018-12-12,4.035
2018-12-12,4.136
2018-12-13,4.124
2018-12-13,3.856
2018-12-13,2.905
2018-12-13,4.027
2018-12-13,4.31
2018-12-14,3.753
2018-12-14,3.827
2018-12-14,3.606
2018-12-14,3.99
2018-12-14,2.894
2018-12-17,3.8
2018-12-17,3.453
2018-12-17,3.528
2018-12-17,2.78
2018-12-17,3.308
2018-12-18,3.742
2018-12-18,2.854
2018-12-18,3.8
2018-12-18,3.558
2018-12-18,3.838
2018-12-19,3.64
2018-12-19,3.726
2018-12-19,3.506
2018-12-19,2.85
2018-12-19,3.653
2018-12-20,3.583
2018-12-20,3.526
2018-12-20,2.839
2018-12-20,3.38
2018-12-20,3.7
2018-12-21,3.7
2018-12-21,3.75
2018-12-21,3.544
2018-12-21,3.816
2018-12-21,2.921
2018-12-24,3.467
2018-12-24,2.816
2018-12-24,3.423
2018-12-24,3.261
2018-12-25,3.423
2018-12-25,2.816
2018-12-25,3.261
2018-12-25,3.467
2018-12-26,3.458
2018-12-26,2.838
2018-12-26,3.42
2018-12-26,3.283
2018-12-26,3.543
2018-12-27,3.546
2018-12-27,3.1
2018-12-27,3.353
2018-12-27,2.885
2018-12-27,3.642
2018-12-28,3.303
2018-12-28,2.818
2018-12-28,3.25
2018-12-28,3.148
2018-12-28,2.779
2018-12-31,2.683
2018-12-31,2.94
2018-12-31,2.672
2018-12-31,2.851
2019-01-01,2.851
2019-01-01,2.94
2019-01-01,2.672
2019-01-01,2.683
2019-01-02,2.829
2019-01-02,3.25
2019-01-02,2.958
2019-01-02,2.627
2019-01-02,2.605
2019-01-03,2.614
2019-01-03,2.72
2019-01-03,2.59
2019-01-03,2.945
2019-01-03,2.812
2019-01-04,2.905
2019-01-04,3.044
2019-01-04,2.688
2019-01-04,2.8
2019-01-04,2.66
2019-01-07,2.847
2019-01-07,2.944
2019-01-07,2.74
2019-01-07,2.677
2019-01-07,2.662
2019-01-08,2.967
2019-01-08,2.835
2019-01-08,2.89
2019-01-08,2.695
2019-01-08,2.683
2019-01-09,2.706
2019-01-09,2.984
2019-01-09,2.696
2019-01-09,2.92
2019-01-09,2.84
2019-01-10,2.706
2019-01-10,2.969
2019-01-10,2.813
2019-01-10,2.95
2019-01-10,2.698
2019-01-11,2.95
2019-01-11,2.747
2019-01-11,2.945
2019-01-11,2.769
2019-01-11,3.099
2019-01-14,3.591
2019-01-14,3.289
2019-01-14,2.862
2019-01-14,2.905
2019-01-14,3.36
2019-01-15,2.846
2019-01-15,3.54
2019-01-15,3.249
2019-01-15,2.804
2019-01-15,3.501
2019-01-16,3.58
2019-01-16,2.833
2019-01-16,2.797
2019-01-16,3.147
2019-01-16,3.384
2019-01-17,3.413
2019-01-17,3.58
2019-01-17,2.85
2019-01-17,3.174
2019-01-17,2.816
2019-01-18,2.883
2019-01-18,3.482
2019-01-18,3.43
2019-01-18,3.239
2019-01-18,2.846
2019-01-21,3.482
2019-01-21,3.239
2019-01-21,3.43
2019-01-21,2.846
2019-01-21,2.883
2019-01-22,2.803
2019-01-22,3.04
2019-01-22,2.972
2019-01-22,2.817
2019-01-22,3.43
2019-01-23,2.922
2019-01-23,2.79
2019-01-23,2.785
2019-01-23,3.13
2019-01-23,2.98
2019-01-24,3.13
2019-01-24,3.099
2019-01-24,2.838
2019-01-24,2.844
2019-01-24,2.998
2019-01-25,2.868
2019-01-25,3.07
2019-01-25,2.884
2019-01-25,3.178
2019-01-25,3.072
2019-01-28,2.806
2019-01-28,2.807
2019-01-28,3.05
2019-01-28,2.911
2019-01-28,2.873
2019-01-29,2.846
2019-01-29,2.903
2019-01-29,2.847
2019-01-29,2.94
2019-01-29,2.95
2019-01-30,2.808
2019-01-30,3
2019-01-30,2.854
2019-01-30,2.813
2019-01-30,2.859
2019-01-31,2.818
2019-01-31,2.765
2019-01-31,2.772
2019-01-31,2.82
2019-01-31,2.814
2019-02-01,2.699
2019-02-01,2.754
2019-02-01,2.7
2019-02-01,2.734
2019-02-01,2.709
2019-02-04,2.66
2019-02-04,2.705
2019-02-04,2.642
2019-02-04,2.57
2019-02-04,2.656
2019-02-05,2.662
2019-02-05,2.714
2019-02-05,2.65
2019-02-05,2.54
2019-02-05,2.665
2019-02-06,2.671
2019-02-06,2.58
2019-02-06,2.662
2019-02-06,2.72
2019-02-06,2.657
2019-02-07,2.551
2019-02-07,2.62
2019-02-07,2.653
2019-02-07,2.572
2019-02-07,2.601
2019-02-08,2.634
2019-02-08,2.583
2019-02-08,2.604
2019-02-08,2.66
2019-02-08,2.686
2019-02-11,2.76
2019-02-11,2.642
2019-02-11,2.735
2019-02-11,2.659
2019-02-11,2.686
2019-02-12,2.71
2019-02-12,2.688
2019-02-12,2.705
2019-02-12,2.731
2019-02-12,2.778
2019-02-13,2.575
2019-02-13,2.61
2019-02-13,2.701
2019-02-13,2.652
2019-02-13,2.621
2019-02-14,2.573
2019-02-14,2.69
2019-02-14,2.639
2019-02-14,2.61
2019-02-14,2.61
2019-02-15,2.729
2019-02-15,2.625
2019-02-15,2.682
2019-02-15,2.656
2019-02-15,2.59
2019-02-18,2.656
2019-02-18,2.59
2019-02-18,2.682
2019-02-18,2.625
2019-02-18,2.729
2019-02-19,2.77
2019-02-19,2.697
2019-02-19,2.69
2019-02-19,2.721
2019-02-19,2.662
2019-02-20,2.69
2019-02-20,2.669
2019-02-20,2.636
2019-02-20,2.741
2019-02-20,2.693
2019-02-21,2.73
2019-02-21,2.724
2019-02-21,2.744
2019-02-21,2.786
2019-02-21,2.697
2019-02-22,2.739
2019-02-22,2.74
2019-02-22,2.8
2019-02-22,2.717
2019-02-22,2.759
2019-02-25,2.859
2019-02-25,2.836
2019-02-25,2.826
2019-02-25,2.815
2019-02-25,2.84
2019-02-26,2.811
2019-02-26,2.74
2019-02-26,2.855
2019-02-26,2.846
2019-02-26,2.796
2019-02-27,2.813
2019-02-27,2.89
2019-02-27,2.85
2019-02-27,2.889
2019-02-27,2.799
2019-02-28,2.823
2019-02-28,2.812
2019-02-28,2.89
2019-02-28,2.863
2019-02-28,2.905
2019-03-01,2.943
2019-03-01,2.863
2019-03-01,3.19
2019-03-01,2.901
2019-03-01,2.859
2019-03-04,2.857
2019-03-04,2.937
2019-03-04,2.857
2019-03-04,4.25
2019-03-04,2.895
2019-03-05,2.884
2019-03-05,2.957
2019-03-05,2.918
2019-03-05,3.18
2019-03-05,2.884
2019-03-06,3.18
2019-03-06,2.85
2019-03-06,2.928
2019-03-06,2.887
2019-03-06,2.841
2019-03-07,2.866
2019-03-07,2.872
2019-03-07,2.952
2019-03-07,2.9
2019-03-07,2.91
2019-03-08,2.9
2019-03-08,2.87
2019-03-08,2.957
2019-03-08,2.865
2019-03-08,2.912
2019-03-11,2.772
2019-03-11,2.86
2019-03-11,2.785
2019-03-11,2.834
2019-03-11,2.887
2019-03-12,2.902
2019-03-12,2.797
2019-03-12,2.848
2019-03-12,2.784
2019-03-12,2.83
2019-03-13,2.82
2019-03-13,2.935
2019-03-13,2.834
2019-03-13,2.87
2019-03-13,2.883
2019-03-14,2.86
2019-03-14,2.905
2019-03-14,2.95
2019-03-14,2.952
2019-03-14,2.855
2019-03-15,2.795
2019-03-15,2.802
2019-03-15,2.95
2019-03-15,2.852
2019-03-15,2.904
2019-03-18,2.856
2019-03-18,2.85
2019-03-18,2.9
2019-03-18,2.957
2019-03-18,2.905
2019-03-19,2.874
2019-03-19,2.872
2019-03-19,2.92
2019-03-19,2.963
2019-03-19,2.915
2019-03-20,2.825
2019-03-20,2.82
2019-03-20,2.922
2019-03-20,2.872
2019-03-20,2.86
2019-03-21,2.877
2019-03-21,2.86
2019-03-21,2.932
2019-03-21,2.821
2019-03-21,2.827
2019-03-22,2.88
2019-03-22,2.821
2019-03-22,2.75
2019-03-22,2.767
2019-03-22,2.753
2019-03-25,2.755
2019-03-25,2.883
2019-03-25,2.825
2019-03-25,2.774
2019-03-25,2.72
2019-03-26,2.803
2019-03-26,2.751
2019-03-26,2.861
2019-03-26,2.74
2019-03-26,2.74
2019-03-27,2.713
2019-03-27,2.69
2019-03-27,2.771
2019-03-27,2.719
2019-03-27,2.829
2019-03-28,2.839
2019-03-28,2.816
2019-03-28,2.69
2019-03-28,2.761
2019-03-28,2.712
2019-03-29,2.797
2019-03-29,2.662
2019-03-29,2.713
2019-03-29,2.73
2019-03-29,2.772
2019-04-01,2.802
2019-04-01,2.73
2019-04-01,2.823
2019-04-01,2.749
2019-04-01,2.708
2019-04-02,2.775
2019-04-02,2.722
2019-04-02,2.684
2019-04-02,2.801
2019-04-02,2.76
2019-04-03,2.791
2019-04-03,2.677
2019-04-03,2.715
2019-04-03,2.764
2019-04-03,2.74
2019-04-04,2.686
2019-04-04,2.767
2019-04-04,2.739
2019-04-04,2.66
2019-04-04,2.643
2019-04-05,2.664
2019-04-05,2.706
2019-04-05,2.791
2019-04-05,2.765
2019-04-05,2.62
2019-04-08,2.72
2019-04-08,2.806
2019-04-08,2.748
2019-04-08,2.833
2019-04-08,2.708
2019-04-09,2.826
2019-04-09,2.71
2019-04-09,2.699
2019-04-09,2.739
2019-04-09,2.798
2019-04-10,2.7
2019-04-10,2.742
2019-04-10,2.72
2019-04-10,2.827
2019-04-10,2.801
2019-04-11,2.708
2019-04-11,2.72
2019-04-11,2.766
2019-04-11,2.664
2019-04-11,2.791
2019-04-12,2.789
2019-04-12,2.75
2019-04-12,2.764
2019-04-12,2.66
2019-04-12,2.704
2019-04-15,2.696
2019-04-15,2.723
2019-04-15,2.75
2019-04-15,2.633
2019-04-15,2.59
2019-04-16,2.681
2019-04-16,2.572
2019-04-16,2.66
2019-04-16,2.617
2019-04-16,2.708
2019-04-17,2.559
2019-04-17,2.55
2019-04-17,2.517
2019-04-17,2.652
2019-04-17,2.623
2019-04-18,2.49
2019-04-18,2.54
2019-04-18,2.627
2019-04-18,2.599
2019-04-18,2.535
2019-04-19,2.49
2019-04-19,2.627
2019-04-19,2.535
2019-04-19,2.599
2019-04-22,2.524
2019-04-22,2.616
2019-04-22,2.61
2019-04-22,2.558
2019-04-22,2.641
2019-04-23,2.53
2019-04-23,2.585
2019-04-23,2.455
2019-04-23,2.557
2019-04-23,2.499
2019-04-24,2.5
2019-04-24,2.558
2019-04-24,2.53
2019-04-24,2.585
2019-04-24,2.462
2019-04-25,2.602
2019-04-25,2.628
2019-04-25,2.514
2019-04-25,2.54
2019-04-25,2.548
2019-04-26,2.566
2019-04-26,2.63
2019-04-26,2.58
2019-04-26,2.58
2019-04-26,2.653
2019-04-29,2.58
2019-04-29,2.656
2019-04-29,2.663
2019-04-29,2.593
2019-04-29,2.64
2019-04-30,2.59
2019-04-30,2.637
2019-04-30,2.575
2019-04-30,2.617
2019-04-30,2.641
2019-05-01,2.62
2019-05-01,2.67
2019-05-01,2.676
2019-05-01,2.59
2019-05-01,2.658
2019-05-02,2.63
2019-05-02,2.639
2019-05-02,2.589
2019-05-02,2.624
2019-05-02,2.643
2019-05-03,2.6
2019-05-03,2.567
2019-05-03,2.59
2019-05-03,2.616
2019-05-03,2.613
2019-05-06,2.54
2019-05-06,2.578
2019-05-06,2.575
2019-05-06,2.56
2019-05-06,2.524
2019-05-07,2.573
2019-05-07,2.591
2019-05-07,2.537
2019-05-07,2.593
2019-05-07,2.54
2019-05-08,2.663
2019-05-08,2.666
2019-05-08,2.64
2019-05-08,2.646
2019-05-08,2.61
2019-05-09,2.595
2019-05-09,2.65
2019-05-09,2.631
2019-05-09,2.62
2019-05-09,2.652
2019-05-10,2.619
2019-05-10,2.671
2019-05-10,2.655
2019-05-10,2.674
2019-05-10,2.64
2019-05-13,2.621
2019-05-13,2.671
2019-05-13,2.71
2019-05-13,2.667
2019-05-13,2.653
2019-05-14,2.7
2019-05-14,2.659
2019-05-14,2.705
2019-05-14,2.689
2019-05-14,2.699
2019-05-15,2.69
2019-05-15,2.646
2019-05-15,2.651
2019-05-15,2.601
2019-05-15,2.634
2019-05-16,2.689
2019-05-16,2.684
2019-05-16,2.639
2019-05-16,2.674
2019-05-16,2.62
2019-05-17,2.631
2019-05-17,2.675
2019-05-17,2.61
2019-05-17,2.68
2019-05-17,2.664
2019-05-20,2.699
2019-05-20,2.709
2019-05-20,2.714
2019-05-20,2.673
2019-05-20,2.7
2019-05-21,2.656
2019-05-21,2.651
2019-05-21,2.613
2019-05-21,2.641
2019-05-21,2.73
2019-05-22,2.574
2019-05-22,2.73
2019-05-22,2.572
2019-05-22,2.559
2019-05-22,2.543
2019-05-23,2.604
2019-05-23,2.56
2019-05-23,2.6
2019-05-23,2.592
2019-05-23,2.578
2019-05-24,2.598
2019-05-24,2.615
2019-05-24,2.621
2019-05-24,2.6
2019-05-24,2.611
2019-05-27,2.598
2019-05-27,2.621
2019-05-27,2.6
2019-05-27,2.615
2019-05-27,2.611
2019-05-28,2.582
2019-05-28,2.593
2019-05-28,2.587
2019-05-28,2.65
2019-05-28,2.584
2019-05-29,2.624
2019-05-29,2.632
2019-05-29,2.623
2019-05-29,2.633
2019-05-29,2.69
2019-05-30,2.557
2019-05-30,2.69
2019-05-30,2.549
2019-05-30,2.547
2019-05-30,2.592
2019-05-31,2.454
2019-05-31,2.46
2019-05-31,2.499
2019-05-31,2.59
2019-05-31,2.45
2019-06-03,2.403
2019-06-03,2.446
2019-06-03,2.403
2019-06-03,2.392
2019-06-03,2.5
2019-06-04,2.419
2019-06-04,2.45
2019-06-04,2.411
2019-06-04,2.416
2019-06-04,2.464
2019-06-05,2.425
2019-06-05,2.45
2019-06-05,2.38
2019-06-05,2.372
2019-06-05,2.378
2019-06-06,2.324
2019-06-06,2.368
2019-06-06,2.4
2019-06-06,2.324
2019-06-06,2.315
2019-06-07,2.43
2019-06-07,2.331
2019-06-07,2.367
2019-06-07,2.317
2019-06-07,2.337
2019-06-10,2.382
2019-06-10,2.42
2019-06-10,2.357
2019-06-10,2.335
2019-06-10,2.35
2019-06-11,2.393
2019-06-11,2.377
2019-06-11,2.399
2019-06-11,2.41
2019-06-11,2.42
2019-06-12,2.386
2019-06-12,2.43
2019-06-12,2.381
2019-06-12,2.406
2019-06-12,2.365
2019-06-13,2.358
2019-06-13,2.325
2019-06-13,2.322
2019-06-13,2.43
2019-06-13,2.312
2019-06-14,2.413
2019-06-14,2.381
2019-06-14,2.371
2019-06-14,2.387
2019-06-14,2.37
2019-06-17,2.401
2019-06-17,2.359
2019-06-17,2.373
2019-06-17,2.386
2019-06-17,2.46
2019-06-18,2.336
2019-06-18,2.44
2019-06-18,2.296
2019-06-18,2.311
2019-06-18,2.328
2019-06-19,2.276
2019-06-19,2.284
2019-06-19,2.43
2019-06-19,2.245
2019-06-19,2.263
2019-06-20,2.185
2019-06-20,2.166
2019-06-20,2.186
2019-06-20,2.146
2019-06-20,2.38
2019-06-21,2.169
2019-06-21,2.182
2019-06-21,2.143
2019-06-21,2.186
2019-06-21,2.27
2019-06-24,2.284
2019-06-24,2.256
2019-06-24,2.31
2019-06-24,2.303
2019-06-24,2.291
2019-06-25,2.286
2019-06-25,2.31
2019-06-25,2.26
2019-06-25,2.294
2019-06-25,2.308
2019-06-26,2.291
2019-06-26,2.34
2019-06-26,2.244
2019-06-26,2.275
2019-06-26,2.268
2019-06-27,2.298
2019-06-27,2.32
2019-06-27,2.413
2019-06-27,2.324
2019-06-27,2.325
2019-06-28,2.399
2019-06-28,2.311
2019-06-28,2.282
2019-06-28,2.308
2019-06-28,2.42
2019-07-01,2.267
2019-07-01,2.276
2019-07-01,2.242
2019-07-01,2.33
2019-07-01,2.37
2019-07-02,2.343
2019-07-02,2.249
2019-07-02,2.24
2019-07-02,2.3
2019-07-02,2.217
2019-07-03,2.29
2019-07-03,2.263
2019-07-03,2.29
2019-07-03,2.382
2019-07-03,2.292
2019-07-04,2.263
2019-07-04,2.29
2019-07-04,2.382
2019-07-04,2.292
2019-07-05,2.389
2019-07-05,2.415
2019-07-05,2.418
2019-07-05,2.503
2019-07-08,2.505
2019-07-08,2.39
2019-07-08,2.403
2019-07-08,2.415
2019-07-08,2.384
2019-07-09,2.454
2019-07-09,2.548
2019-07-09,2.425
2019-07-09,2.416
2019-07-09,2.41
2019-07-10,2.561
2019-07-10,2.47
2019-07-10,2.433
2019-07-10,2.444
2019-07-10,2.49
2019-07-11,2.436
2019-07-11,2.54
2019-07-11,2.401
2019-07-11,2.416
2019-07-11,2.528
2019-07-12,2.453
2019-07-12,2.464
2019-07-12,2.54
2019-07-12,2.557
2019-07-12,2.434
2019-07-15,2.51
2019-07-15,2.408
2019-07-15,2.53
2019-07-15,2.386
2019-07-15,2.418
2019-07-16,2.306
2019-07-16,2.286
2019-07-16,2.53
2019-07-16,2.414
2019-07-16,2.314
2019-07-17,2.404
2019-07-17,2.304
2019-07-17,2.304
2019-07-17,2.278
2019-07-17,2.44
2019-07-18,2.29
2019-07-18,2.38
2019-07-18,2.263
2019-07-18,2.287
2019-07-18,2.386
2019-07-19,2.349
2019-07-19,2.251
2019-07-19,2.3
2019-07-19,2.256
2019-07-19,2.228
2019-07-22,2.293
2019-07-22,2.33
2019-07-22,2.312
2019-07-22,2.407
2019-07-22,2.319
2019-07-23,2.301
2019-07-23,2.275
2019-07-23,2.39
2019-07-23,2.3
2019-07-23,2.34
2019-07-24,2.227
2019-07-24,2.318
2019-07-24,2.202
2019-07-24,2.33
2019-07-24,2.22
2019-07-25,2.253
2019-07-25,2.26
2019-07-25,2.244
2019-07-25,2.227
2019-07-25,2.339
2019-07-26,2.23
2019-07-26,2.15
2019-07-26,2.169
2019-07-26,2.177
2019-07-26,2.267
2019-07-29,2.139
2019-07-29,2.23
2019-07-29,2.141
2019-07-29,2.116
2019-07-29,2.233
2019-07-30,2.16
2019-07-30,2.252
2019-07-30,2.447
2019-07-30,2.137
2019-07-30,2.22
2019-07-31,2.233
2019-07-31,2.33
2019-07-31,2.28
2019-07-31,2.52
2019-07-31,2.25
2019-08-01,2.488
2019-08-01,2.212
2019-08-01,2.202
2019-08-01,2.36
2019-08-01,2.293
2019-08-02,2.213
2019-08-02,2.121
2019-08-02,2.12
2019-08-02,2.413
2019-08-02,2.13
2019-08-05,2.07
2019-08-05,2.02
2019-08-05,2.372
2019-08-05,2.169
2019-08-05,2.083
2019-08-06,2.124
2019-08-06,2.15
2019-08-06,2.204
2019-08-06,2.111
2019-08-06,2.403
2019-08-07,2.378
2019-08-07,2.083
2019-08-07,2.18
2019-08-07,2.099
2019-08-07,2.184
2019-08-08,2.146
2019-08-08,2.128
2019-08-08,2.418
2019-08-08,2.228
2019-08-08,2.13
2019-08-09,2.119
2019-08-09,2.133
2019-08-09,2.214
2019-08-09,2.09
2019-08-09,2.406
2019-08-12,2.194
2019-08-12,2.21
2019-08-12,2.383
2019-08-12,2.105
2019-08-12,2.117
2019-08-13,2.417
2019-08-13,2.147
2019-08-13,2.24
2019-08-13,2.232
2019-08-13,2.159
2019-08-14,2.228
2019-08-14,2.416
2019-08-14,2.154
2019-08-14,2.22
2019-08-14,2.143
2019-08-15,2.19
2019-08-15,2.304
2019-08-15,2.237
2019-08-15,2.483
2019-08-15,2.232
2019-08-16,2.2
2019-08-16,2.451
2019-08-16,2.2
2019-08-16,2.207
2019-08-16,2.273
2019-08-19,2.21
2019-08-19,2.272
2019-08-19,2.26
2019-08-19,2.213
2019-08-19,2.447
2019-08-20,2.219
2019-08-20,2.455
2019-08-20,2.218
2019-08-20,2.279
2019-08-20,2.35
2019-08-21,2.177
2019-08-21,2.31
2019-08-21,2.421
2019-08-21,2.17
2019-08-21,2.239
2019-08-22,2.28
2019-08-22,2.406
2019-08-22,2.163
2019-08-22,2.159
2019-08-22,2.222
2019-08-23,2.395
2019-08-23,2.15
2019-08-23,2.156
2019-08-23,2.152
2019-08-23,2.212
2019-08-26,2.233
2019-08-26,2.23
2019-08-26,2.285
2019-08-26,2.463
2019-08-26,2.23
2019-08-27,2.426
2019-08-27,2.202
2019-08-27,2.24
2019-08-27,2.245
2019-08-27,2.192
2019-08-28,2.452
2019-08-28,2.274
2019-08-28,2.24
2019-08-28,2.222
2019-08-28,2.251
2019-08-29,2.296
2019-08-29,2.617
2019-08-29,2.512
2019-08-29,2.36
2019-08-29,2.342
2019-08-30,2.324
2019-08-30,2.285
2019-08-30,2.485
2019-08-30,2.33
2019-08-30,2.588
2019-09-02,2.485
2019-09-02,2.33
2019-09-02,2.285
2019-09-02,2.588
2019-09-02,2.324
2019-09-03,2.651
2019-09-03,2.358
2019-09-03,2.39
2019-09-03,2.397
2019-09-03,2.55
2019-09-04,2.492
2019-09-04,2.445
2019-09-04,2.631
2019-09-04,2.48
2019-09-04,2.727
2019-09-05,2.491
2019-09-05,2.641
2019-09-05,2.435
2019-09-05,2.49
2019-09-05,2.741
2019-09-06,2.795
2019-09-06,2.496
2019-09-06,2.49
2019-09-06,2.699
2019-09-06,2.551
2019-09-09,2.585
2019-09-09,2.625
2019-09-09,2.65
2019-09-09,2.859
2019-09-09,2.768
2019-09-10,2.78
2019-09-10,2.67
2019-09-10,2.877
2019-09-10,2.58
2019-09-10,2.62
2019-09-11,2.851
2019-09-11,2.589
2019-09-11,2.63
2019-09-11,2.751
2019-09-11,2.552
2019-09-12,2.574
2019-09-12,2.758
2019-09-12,2.605
2019-09-12,2.62
2019-09-12,2.857
2019-09-13,2.614
2019-09-13,2.8
2019-09-13,2.898
2019-09-13,2.61
2019-09-13,2.653
2019-09-16,2.75
2019-09-16,2.867
2019-09-16,2.963
2019-09-16,2.725
2019-09-16,2.681
2019-09-17,2.84
2019-09-17,2.7
2019-09-17,2.668
2019-09-17,2.94
2019-09-17,2.7
2019-09-18,2.803
2019-09-18,2.906
2019-09-18,2.665
2019-09-18,2.637
2019-09-18,2.72
2019-09-19,2.538
2019-09-19,2.65
2019-09-19,2.828
2019-09-19,2.726
2019-09-19,2.569
2019-09-20,2.34
2019-09-20,2.705
2019-09-20,2.811
2019-09-20,2.555
2019-09-20,2.534
2019-09-23,2.555
2019-09-23,2.55
2019-09-23,2.701
2019-09-23,2.807
2019-09-23,2.527
2019-09-24,2.789
2019-09-24,2.525
2019-09-24,2.55
2019-09-24,2.681
2019-09-24,2.503
2019-09-25,2.54
2019-09-25,2.502
2019-09-25,2.774
2019-09-25,2.518
2019-09-25,2.668
2019-09-26,2.596
2019-09-26,2.711
2019-09-26,2.57
2019-09-26,2.443
2019-09-26,2.428
2019-09-27,2.565
2019-09-27,2.681
2019-09-27,2.404
2019-09-27,2.41
2019-09-27,2.646
2019-09-30,2.37
2019-09-30,2.588
2019-09-30,2.504
2019-09-30,2.33
2019-09-30,2.622
2019-10-01,2.58
2019-10-01,2.283
2019-10-01,2.611
2019-10-01,2.48
2019-10-01,2.36
2019-10-02,2.247
2019-10-02,2.584
2019-10-02,2.451
2019-10-02,2.36
2019-10-02,2.555
2019-10-03,2.5
2019-10-03,2.589
2019-10-03,2.621
2019-10-03,2.31
2019-10-03,2.329
2019-10-04,2.352
2019-10-04,2.614
2019-10-04,2.648
2019-10-04,2.25
2019-10-04,2.524
2019-10-07,2.63
2019-10-07,2.303
2019-10-07,2.595
2019-10-07,2.5
2019-10-07,2.36
2019-10-08,2.491
2019-10-08,2.623
2019-10-08,2.288
2019-10-08,2.29
2019-10-08,2.584
2019-10-09,2.436
2019-10-09,2.234
2019-10-09,2.537
2019-10-09,2.568
2019-10-09,2.26
2019-10-10,2.218
2019-10-10,2.548
2019-10-10,2.516
2019-10-10,2.417
2019-10-10,2.26
2019-10-11,2.457
2019-10-11,2.13
2019-10-11,2.552
2019-10-11,2.591
2019-10-11,2.214
2019-10-14,2.28
2019-10-14,2.498
2019-10-14,2.13
2019-10-14,2.622
2019-10-14,2.583
2019-10-15,2.647
2019-10-15,2.532
2019-10-15,2.29
2019-10-15,2.339
2019-10-15,2.609
2019-10-16,2.44
2019-10-16,2.495
2019-10-16,2.575
2019-10-16,2.303
2019-10-16,2.612
2019-10-17,2.633
2019-10-17,2.516
2019-10-17,2.29
2019-10-17,2.318
2019-10-17,2.598
2019-10-18,2.603
2019-10-18,2.635
2019-10-18,2.517
2019-10-18,2.32
2019-10-18,2.08
2019-10-21,2.538
2019-10-21,2.238
2019-10-21,2.441
2019-10-21,2.13
2019-10-21,2.566
2019-10-22,2.272
2019-10-22,2.21
2019-10-22,2.568
2019-10-22,2.531
2019-10-22,2.449
2019-10-23,2.532
2019-10-23,2.282
2019-10-23,2.34
2019-10-23,2.499
2019-10-23,2.427
2019-10-24,2.533
2019-10-24,2.33
2019-10-24,2.567
2019-10-24,2.316
2019-10-24,2.465
2019-10-25,2.561
2019-10-25,2.525
2019-10-25,2.459
2019-10-25,2.26
2019-10-25,2.3
2019-10-28,2.49
2019-10-28,2.446
2019-10-28,2.555
2019-10-28,2.606
2019-10-28,2.647
2019-10-29,2.639
2019-10-29,2.724
2019-10-29,2.597
2019-10-29,2.61
2019-10-29,2.678
2019-10-30,2.737
2019-10-30,2.781
2019-10-30,2.71
2019-10-30,2.691
2019-10-30,2.598
2019-10-31,2.73
2019-10-31,2.732
2019-10-31,2.697
2019-10-31,2.633
2019-10-31,2.568
2019-11-01,2.802
2019-11-01,2.762
2019-11-01,2.631
2019-11-01,2.714
2019-11-01,2.54
2019-11-04,2.849
2019-11-04,2.77
2019-11-04,2.705
2019-11-04,2.898
2019-11-04,2.821
2019-11-05,2.77
2019-11-05,2.724
2019-11-05,2.94
2019-11-05,2.886
2019-11-05,2.862
2019-11-06,2.696
2019-11-06,2.858
2019-11-06,2.907
2019-11-06,2.828
2019-11-06,2.82
2019-11-07,2.84
2019-11-07,2.772
2019-11-07,2.859
2019-11-07,2.817
2019-11-07,2.654
2019-11-08,2.87
2019-11-08,2.873
2019-11-08,2.661
2019-11-08,2.789
2019-11-08,2.822
2019-11-11,2.728
2019-11-11,2.687
2019-11-11,2.87
2019-11-11,2.637
2019-11-11,2.559
2019-11-12,2.621
2019-11-12,2.714
2019-11-12,2.547
2019-11-12,2.72
2019-11-12,2.668
2019-11-13,2.65
2019-11-13,2.66
2019-11-13,2.536
2019-11-13,2.6
2019-11-13,2.692
2019-11-14,2.719
2019-11-14,2.666
2019-11-14,2.549
2019-11-14,2.647
2019-11-14,2.68
2019-11-15,2.7
2019-11-15,2.569
2019-11-15,2.75
2019-11-15,2.695
2019-11-15,2.688
2019-11-18,2.566
2019-11-18,2.482
2019-11-18,2.64
2019-11-18,2.585
2019-11-18,2.63
2019-11-19,2.529
2019-11-19,2.576
2019-11-19,2.51
2019-11-19,2.53
2019-11-19,2.435
2019-11-20,2.56
2019-11-20,2.559
2019-11-20,2.562
2019-11-20,2.611
2019-11-20,2.459
2019-11-21,2.53
2019-11-21,2.462
2019-11-21,2.622
2019-11-21,2.569
2019-11-21,2.567
2019-11-22,2.62
2019-11-22,2.71
2019-11-22,2.529
2019-11-22,2.655
2019-11-22,2.665
2019-11-25,2.531
2019-11-25,2.541
2019-11-25,2.51
2019-11-25,2.448
2019-11-25,2.584
2019-11-26,2.47
2019-11-26,2.41
2019-11-26,2.533
2019-11-26,2.51
2019-11-26,2.501
2019-11-27,2.383
2019-11-27,2.501
2019-11-27,2.47
2019-11-27,2.46
2019-11-27,2.272
2019-11-28,2.272
2019-11-28,2.383
2019-11-28,2.501
2019-11-28,2.47
2019-11-29,2.136
2019-11-29,2.46
2019-11-29,2.198
2019-11-29,2.262
2019-11-29,2.281
2019-12-02,2.329
2019-12-02,2.165
2019-12-02,2.308
2019-12-02,2.242
2019-12-02,2.29
2019-12-03,2.441
2019-12-03,2.42
2019-12-03,2.307
2019-12-03,2.405
2019-12-03,2.192
2019-12-04,2.192
2019-12-04,2.399
2019-12-04,2.288
2019-12-04,2.374
2019-12-04,2.43
2019-12-05,2.427
2019-12-05,2.42
2019-12-05,2.211
2019-12-05,2.312
2019-12-05,2.398
2019-12-06,2.334
2019-12-06,2.249
2019-12-06,2.31
2019-12-06,2.168
2019-12-06,2.319
2019-12-09,2.145
2019-12-09,2.193
2019-12-09,2.234
2019-12-09,2.232
2019-12-09,2.17
2019-12-10,2.264
2019-12-10,2.165
2019-12-10,2.218
2019-12-10,2.263
2019-12-10,2.18
2019-12-11,2.148
2019-12-11,2.28
2019-12-11,2.243
2019-12-11,2.2
2019-12-11,2.243
2019-12-12,2.271
2019-12-12,2.328
2019-12-12,2.32
2019-12-12,2.28
2019-12-12,2.2
2019-12-13,2.296
2019-12-13,2.282
2019-12-13,2.28
2019-12-13,2.228
2019-12-13,2.17
2019-12-16,2.34
2019-12-16,2.2
2019-12-16,2.341
2019-12-16,2.326
2019-12-16,2.265
2019-12-17,2.3
2019-12-17,2.319
2019-12-17,2.303
2019-12-17,2.244
2019-12-17,2.191
2019-12-18,2.286
2019-12-18,2.211
2019-12-18,2.26
2019-12-18,2.167
2019-12-18,2.264
2019-12-19,2.168
2019-12-19,2.265
2019-12-19,2.207
2019-12-19,2.273
2019-12-19,2.21
2019-12-20,2.328
2019-12-20,2.194
2019-12-20,2.24
2019-12-20,2.31
2019-12-20,2.27
2019-12-23,2.145
2019-12-23,2.17
2019-12-23,2.217
2019-12-23,2.214
2019-12-23,2.166
2019-12-24,2.11
2019-12-24,2.187
2019-12-24,2.123
2019-12-24,2.138
2019-12-24,2.172
2019-12-25,2.138
2019-12-25,2.187
2019-12-25,2.11
2019-12-25,2.123
2019-12-25,2.172
2019-12-26,2.213
2019-12-26,2.285
2019-12-26,2.09
2019-12-26,2.185
2019-12-26,2.294
2019-12-27,2.231
2019-12-27,2.16
2019-12-27,2.173
2019-12-27,1.75
2019-12-27,2.158
2019-12-30,2.186
2019-12-30,2.157
2019-12-30,2.06
2019-12-30,2.185
2019-12-30,2.149
2019-12-31,2.149
2019-12-31,2.158
2019-12-31,2.09
2019-12-31,2.189
2019-12-31,2.188
2020-01-02,2.093
2020-01-02,2.142
2020-01-02,2.122
2020-01-02,2.098
2020-01-02,2.05
2020-01-03,2.113
2020-01-03,2.13
2020-01-03,2.156
2020-01-03,2.112
2020-01-03,2.06
2020-01-06,2.135
2020-01-06,2.1
2020-01-06,2.176
2020-01-06,2.134
2020-01-06,2.135
2020-01-07,2.183
2020-01-07,2.162
2020-01-07,2.153
2020-01-07,2.17
2020-01-07,2.146
2020-01-08,2.141
2020-01-08,2.135
2020-01-08,2.177
2020-01-08,2.134
2020-01-08,2.09
2020-01-09,2.166
2020-01-09,2.15
2020-01-09,2.191
2020-01-09,2.148
2020-01-09,2.05
2020-01-10,2.168
2020-01-10,2.202
2020-01-10,2.05
2020-01-10,2.199
2020-01-10,2.164
2020-01-13,2.203
2020-01-13,2.163
2020-01-13,2.158
2020-01-13,2.03
2020-01-13,2.182
2020-01-14,2.15
2020-01-14,2.151
2020-01-14,2.194
2020-01-14,2.187
2020-01-14,2.154
2020-01-15,2.01
2020-01-15,2.144
2020-01-15,2.097
2020-01-15,2.12
2020-01-15,2.083
2020-01-16,2.077
2020-01-16,2.06
2020-01-16,2.116
2020-01-16,2.064
2020-01-16,2.046
2020-01-17,2.003
2020-01-17,2.011
2020-01-17,2.066
2020-01-17,1.985
2020-01-17,2.07
2020-01-21,1.989
2020-01-21,1.98
2020-01-21,1.889
2020-01-21,1.895
2020-01-21,1.93
2020-01-22,1.992
2020-01-22,1.935
2020-01-22,1.905
2020-01-22,1.9
2020-01-22,1.89
2020-01-23,1.926
2020-01-23,1.94
2020-01-23,1.997
2020-01-23,1.95
2020-01-23,1.904
2020-01-24,1.968
2020-01-24,1.87
2020-01-24,1.91
2020-01-24,1.893
2020-01-24,1.908
2020-01-27,1.915
2020-01-27,1.977
2020-01-27,1.878
2020-01-27,1.902
2020-01-27,2.03
2020-01-28,1.934
2020-01-28,1.908
2020-01-28,2.006
2020-01-28,1.945
2020-01-28,1.96
2020-01-29,1.877
2020-01-29,1.909
2020-01-29,1.93
2020-01-29,1.865
2020-01-29,1.971
2020-01-30,1.94
2020-01-30,2.002
2020-01-30,1.872
2020-01-30,1.829
2020-01-30,1.933
2020-01-31,1.841
2020-01-31,1.946
2020-01-31,1.886
2020-01-31,1.91
2020-01-31,2.015
2020-02-03,1.9
2020-02-03,1.984
2020-02-03,1.918
2020-02-03,1.819
2020-02-03,1.862
2020-02-04,1.872
2020-02-04,1.952
2020-02-04,2.015
2020-02-04,1.89
2020-02-04,1.902
2020-02-05,1.861
2020-02-05,1.89
2020-02-05,1.997
2020-02-05,1.887
2020-02-05,1.937
2020-02-06,2.001
2020-02-06,1.86
2020-02-06,1.94
2020-02-06,1.887
2020-02-06,1.862
2020-02-07,1.93
2020-02-07,1.858
2020-02-07,2.015
2020-02-07,1.892
2020-02-07,1.951
2020-02-10,1.766
2020-02-10,1.804
2020-02-10,1.869
2020-02-10,1.937
2020-02-10,1.85
2020-02-11,1.882
2020-02-11,1.85
2020-02-11,1.823
2020-02-11,1.952
2020-02-11,1.788
2020-02-12,1.929
2020-02-12,1.874
2020-02-12,1.999
2020-02-12,1.844
2020-02-12,1.91
2020-02-13,1.913
2020-02-13,1.95
2020-02-13,1.856
2020-02-13,1.826
2020-02-13,1.982
2020-02-14,1.856
2020-02-14,1.967
2020-02-14,1.904
2020-02-14,1.837
2020-02-14,1.93
2020-02-18,1.971
2020-02-18,2.04
2020-02-18,2.051
2020-02-18,2.006
2020-02-18,1.981
2020-02-19,1.955
2020-02-19,2.01
2020-02-19,2.058
2020-02-19,2.008
2020-02-19,1.971
2020-02-20,1.974
2020-02-20,1.92
2020-02-20,2.025
2020-02-20,1.931
2020-02-20,1.98
2020-02-21,1.959
2020-02-21,2.01
2020-02-21,1.96
2020-02-21,1.917
2020-02-21,1.905
2020-02-24,1.89
2020-02-24,1.843
2020-02-24,1.827
2020-02-24,1.95
2020-02-24,1.94
2020-02-25,1.851
2020-02-25,1.847
2020-02-25,1.93
2020-02-25,1.896
2020-02-25,1.958
2020-02-26,1.837
2020-02-26,1.942
2020-02-26,1.88
2020-02-26,1.821
2020-02-26,1.96
2020-02-27,1.868
2020-02-27,1.78
2020-02-27,1.752
2020-02-27,1.952
2020-02-27,1.8
2020-02-28,1.732
2020-02-28,1.881
2020-02-28,1.799
2020-02-28,1.684
2020-02-28,1.79
2020-03-02,1.797
2020-03-02,1.75
2020-03-02,1.756
2020-03-02,1.858
2020-03-02,1.935
2020-03-03,1.78
2020-03-03,1.838
2020-03-03,1.974
2020-03-03,1.897
2020-03-03,1.8
2020-03-04,1.83
2020-03-04,1.865
2020-03-04,1.827
2020-03-04,2.003
2020-03-04,1.925
2020-03-05,1.876
2020-03-05,1.89
2020-03-05,1.813
2020-03-05,1.955
2020-03-05,1.772
2020-03-06,1.902
2020-03-06,1.748
2020-03-06,1.76
2020-03-06,1.708
2020-03-06,1.816
2020-03-09,1.74
2020-03-09,1.819
2020-03-09,1.778
2020-03-09,1.987
2020-03-09,1.895
2020-03-10,1.985
2020-03-10,2.146
2020-03-10,1.936
2020-03-10,1.91
2020-03-10,2.055
2020-03-11,1.995
2020-03-11,2.089
2020-03-11,1.878
2020-03-11,1.921
2020-03-11,1.96
2020-03-12,1.841
2020-03-12,1.82
2020-03-12,1.885
2020-03-12,1.965
2020-03-12,2.065
2020-03-13,2.065
2020-03-13,1.869
2020-03-13,1.94
2020-03-13,1.968
2020-03-13,1.901
2020-03-16,1.89
2020-03-16,2.011
2020-03-16,1.853
2020-03-16,1.917
2020-03-16,1.815
2020-03-17,1.852
2020-03-17,1.729
2020-03-17,1.769
2020-03-17,1.89
2020-03-17,1.96
2020-03-18,1.647
2020-03-18,1.604
2020-03-18,1.74
2020-03-18,1.854
2020-03-18,1.73
2020-03-19,1.821
2020-03-19,1.726
2020-03-19,1.937
2020-03-19,1.654
2020-03-19,1.68
2020-03-20,1.765
2020-03-20,1.76
2020-03-20,1.877
2020-03-20,1.675
2020-03-20,1.604
2020-03-23,1.909
2020-03-23,1.782
2020-03-23,1.673
2020-03-23,1.602
2020-03-23,1.7
2020-03-24,1.653
2020-03-24,1.96
2020-03-24,1.836
2020-03-24,1.729
2020-03-25,1.659
2020-03-25,1.8
2020-03-25,1.826
2020-03-25,1.961
2020-03-25,1.714
2020-03-26,1.94
2020-03-26,1.802
2020-03-26,1.637
2020-03-26,1.689
2020-03-26,1.73
2020-03-27,1.671
2020-03-27,1.7
2020-03-27,1.907
2020-03-27,1.634
2020-03-27,1.775
2020-03-30,1.931
2020-03-30,1.794
2020-03-30,1.69
2020-03-30,1.65
2020-03-30,1.989
2020-03-31,1.978
2020-03-31,1.756
2020-03-31,1.64
2020-03-31,1.71
2020-03-31,1.912
2020-04-01,1.587
2020-04-01,1.69
2020-04-01,1.886
2020-04-01,1.958
2020-04-01,1.712
2020-04-02,1.552
2020-04-02,1.672
2020-04-02,1.919
2020-04-02,1.847
2020-04-02,1.55
2020-04-03,1.621
2020-04-03,1.987
2020-04-03,1.919
2020-04-03,1.5
2020-04-03,1.738
2020-04-06,1.64
2020-04-06,1.731
2020-04-06,1.989
2020-04-06,1.844
2020-04-06,2.051
2020-04-07,1.83
2020-04-07,1.949
2020-04-07,2.063
2020-04-07,1.852
2020-04-07,2.118
2020-04-08,2.11
2020-04-08,2.052
2020-04-08,1.783
2020-04-08,1.86
2020-04-08,1.896
2020-04-09,1.733
2020-04-09,2.128
2020-04-09,1.74
2020-04-09,1.863
2020-04-09,2.06
2020-04-13,1.86
2020-04-13,1.724
2020-04-13,1.879
2020-04-13,2.078
2020-04-13,2.15
2020-04-14,1.826
2020-04-14,1.76
2020-04-14,2.105
2020-04-14,1.65
2020-04-14,2.026
2020-04-15,1.748
2020-04-15,2.037
2020-04-15,1.68
2020-04-15,1.946
2020-04-15,1.598
2020-04-16,1.59
2020-04-16,2.121
2020-04-16,2.035
2020-04-16,1.845
2020-04-16,1.686
2020-04-17,1.753
2020-04-17,2.074
2020-04-17,1.903
2020-04-17,1.71
2020-04-17,2.154
2020-04-20,2.312
2020-04-20,2.049
2020-04-20,1.924
2020-04-20,2.231
2020-04-20,1.78
2020-04-21,1.821
2020-04-21,2.266
2020-04-21,2.175
2020-04-21,1.92
2020-04-21,1.984
2020-04-22,2.236
2020-04-22,2.32
2020-04-22,1.939
2020-04-22,2.053
2020-04-22,1.9
2020-04-23,2.155
2020-04-23,1.86
2020-04-23,2.252
2020-04-23,1.942
2020-04-23,1.815
2020-04-24,2.224
2020-04-24,1.746
2020-04-24,2.128
2020-04-24,1.81
2020-04-24,1.895
2020-04-27,1.916
2020-04-27,1.819
2020-04-27,1.68
2020-04-27,2.153
2020-04-27,2.256
2020-04-28,1.948
2020-04-28,2.27
2020-04-28,1.794
2020-04-28,1.8
2020-04-28,2.17
2020-04-29,2.196
2020-04-29,2.255
2020-04-29,1.869
2020-04-29,2.091
2020-04-29,1.73
2020-04-30,1.63
2020-04-30,2.331
2020-04-30,1.949
2020-04-30,2.275
2020-04-30,2.17
2020-05-01,2.242
2020-05-01,2.302
2020-05-01,1.69
2020-05-01,2.134
2020-05-01,1.89
2020-05-04,1.78
2020-05-04,2.23
2020-05-04,1.993
2020-05-04,2.39
2020-05-04,2.33
2020-05-05,2.134
2020-05-05,1.93
2020-05-05,2.312
2020-05-05,2.388
2020-05-05,2.43
2020-05-06,2.308
2020-05-06,2.254
2020-05-06,1.9
2020-05-06,2.171
2020-05-06,1.944
2020-05-07,1.894
2020-05-07,2.256
2020-05-07,2.202
2020-05-07,1.84
2020-05-07,2.127
2020-05-08,2.207
2020-05-08,1.823
2020-05-08,2.153
2020-05-08,1.74
2020-05-08,2.077
2020-05-11,1.826
2020-05-11,2.16
2020-05-11,1.7
2020-05-11,2.213
2020-05-11,2.085
2020-05-12,1.72
2020-05-12,2.053
2020-05-12,2.117
2020-05-12,1.965
2020-05-12,1.61
2020-05-13,1.616
2020-05-13,1.856
2020-05-13,1.56
2020-05-13,2.018
2020-05-13,1.957
2020-05-14,1.681
2020-05-14,1.6
2020-05-14,1.884
2020-05-14,2.043
2020-05-14,1.985
2020-05-15,1.833
2020-05-15,1.66
2020-05-15,1.646
2020-05-15,2
2020-05-15,1.935
2020-05-18,2.05
2020-05-18,1.77
2020-05-18,2.11
2020-05-18,1.959
2020-05-18,1.783
2020-05-19,2.122
2020-05-19,2.064
2020-05-19,1.85
2020-05-19,1.985
2020-05-19,1.83
2020-05-20,1.909
2020-05-20,1.83
2020-05-20,1.771
2020-05-20,2.06
2020-05-20,1.997
2020-05-21,1.75
2020-05-21,1.993
2020-05-21,1.933
2020-05-21,1.71
2020-05-21,1.852
2020-05-22,1.958
2020-05-22,2.013
2020-05-22,1.731
2020-05-22,1.881
2020-05-22,1.7
2020-05-26,1.793
2020-05-26,1.945
2020-05-26,2.019
2020-05-26,1.79
2020-05-26,2.069
2020-05-27,1.722
2020-05-27,1.972
2020-05-27,1.78
2020-05-27,1.886
2020-05-27,2.024
2020-05-28,1.975
2020-05-28,1.919
2020-05-28,1.79
2020-05-28,1.827
2020-05-28,2.058
2020-05-29,1.94
2020-05-29,1.988
2020-05-29,1.7
2020-05-29,2.068
2020-05-29,1.849
2020-06-01,1.924
2020-06-01,1.871
2020-06-01,1.774
2020-06-01,2.009
2020-06-01,1.59
2020-06-02,1.876
2020-06-02,1.935
2020-06-02,1.58
2020-06-02,1.777
2020-06-02,2.021
2020-06-03,1.915
2020-06-03,1.84
2020-06-03,2.053
2020-06-03,1.969
2020-06-03,1.821
2020-06-04,1.917
2020-06-04,2.052
2020-06-04,1.822
2020-06-04,1.68
2020-06-04,1.968
2020-06-05,1.941
2020-06-05,1.886
2020-06-05,1.8
2020-06-05,2.028
2020-06-05,1.782
2020-06-08,1.892
2020-06-08,1.947
2020-06-08,1.789
2020-06-08,1.68
2020-06-08,2.036
2020-06-09,1.863
2020-06-09,1.68
2020-06-09,1.918
2020-06-09,1.767
2020-06-09,2.009
2020-06-10,1.925
2020-06-10,2.018
2020-06-10,1.87
2020-06-10,1.78
2020-06-10,1.72
2020-06-11,2.045
2020-06-11,1.954
2020-06-11,1.77
2020-06-11,1.9
2020-06-11,1.813
2020-06-12,1.731
2020-06-12,1.815
2020-06-12,1.67
2020-06-12,1.865
2020-06-12,1.96
2020-06-15,1.917
2020-06-15,1.669
2020-06-15,1.76
2020-06-15,1.814
2020-06-15,1.64
2020-06-16,1.614
2020-06-16,1.868
2020-06-16,1.43
2020-06-16,1.756
2020-06-16,1.701
2020-06-17,1.727
2020-06-17,1.784
2020-06-17,1.9
2020-06-17,1.638
2020-06-17,1.55
2020-06-18,1.898
2020-06-18,1.51
2020-06-18,1.784
2020-06-18,1.638
2020-06-18,1.728
2020-06-19,1.49
2020-06-19,1.748
2020-06-19,1.904
2020-06-19,1.799
2020-06-19,1.669
2020-06-22,1.664
2020-06-22,1.64
2020-06-22,1.888
2020-06-22,1.787
2020-06-22,1.738
2020-06-23,1.637
2020-06-23,1.74
2020-06-23,1.61
2020-06-23,1.839
2020-06-23,1.691
2020-06-24,1.723
2020-06-24,1.597
2020-06-24,1.64
2020-06-24,1.822
2020-06-24,1.661
2020-06-25,1.482
2020-06-25,1.612
2020-06-25,1.53
2020-06-25,1.73
2020-06-25,1.546
2020-06-26,1.605
2020-06-26,1.42
2020-06-26,1.725
2020-06-26,1.544
2020-06-26,1.495
2020-06-29,1.863
2020-06-29,1.67
2020-06-29,1.709
2020-06-29,2.255
2020-06-29,1.754
2020-06-30,1.76
2020-06-30,1.789
2020-06-30,2.282
2020-06-30,1.751
2020-06-30,1.887
2020-07-01,1.721
2020-07-01,2.265
2020-07-01,1.671
2020-07-01,1.69
2020-07-01,1.84
2020-07-02,1.785
2020-07-02,1.734
2020-07-02,2.297
2020-07-02,1.884
2020-07-02,1.58
2020-07-06,2.335
2020-07-06,1.983
2020-07-06,1.83
2020-07-06,1.71
2020-07-06,1.893
2020-07-07,1.76
2020-07-07,1.939
2020-07-07,1.876
2020-07-07,2.381
2020-07-07,2.028
2020-07-08,1.876
2020-07-08,1.97
2020-07-08,2.355
2020-07-08,1.824
2020-07-08,1.78
2020-07-09,1.821
2020-07-09,1.922
2020-07-09,2.344
2020-07-09,1.779
2020-07-09,1.88
2020-07-10,1.847
2020-07-10,1.943
2020-07-10,1.79
2020-07-10,2.355
2020-07-10,1.805
2020-07-13,1.797
2020-07-13,1.899
2020-07-13,1.75
2020-07-13,1.739
2020-07-13,2.34
2020-07-14,1.746
2020-07-14,1.787
2020-07-14,2.348
2020-07-14,1.74
2020-07-14,1.891
2020-07-15,1.917
2020-07-15,1.76
2020-07-15,2.366
2020-07-15,1.818
2020-07-15,1.778
2020-07-16,2.35
2020-07-16,1.79
2020-07-16,1.879
2020-07-16,1.723
2020-07-16,1.776
2020-07-17,1.876
2020-07-17,1.718
2020-07-17,1.79
2020-07-17,2.35
2020-07-17,1.765
2020-07-20,1.684
2020-07-20,1.71
2020-07-20,1.808
2020-07-20,1.641
2020-07-20,2.291
2020-07-21,1.66
2020-07-21,1.837
2020-07-21,1.714
2020-07-21,1.675
2020-07-21,2.31
2020-07-22,1.69
2020-07-22,2.288
2020-07-22,1.838
2020-07-22,1.718
2020-07-22,1.681
2020-07-23,1.785
2020-07-23,2.371
2020-07-23,1.835
2020-07-23,1.952
2020-07-23,1.75
2020-07-24,1.994
2020-07-24,1.808
2020-07-24,1.77
2020-07-24,1.867
2020-07-24,2.41
2020-07-27,1.734
2020-07-27,1.85
2020-07-27,2.385
2020-07-27,1.932
2020-07-27,1.786
2020-07-28,1.83
2020-07-28,2.012
2020-07-28,1.864
2020-07-28,1.8
2020-07-28,2.458
2020-07-29,1.854
2020-07-29,2.538
2020-07-29,1.77
2020-07-29,1.93
2020-07-29,2.079
2020-07-30,1.829
2020-07-30,2.465
2020-07-30,2.826
2020-07-30,1.991
2020-07-30,1.81
2020-07-31,2.418
2020-07-31,1.83
2020-07-31,1.799
2020-07-31,2.793
2020-07-31,1.957
2020-08-03,1.95
2020-08-03,2.612
2020-08-03,2.923
2020-08-03,2.101
2020-08-03,2.239
2020-08-04,2.193
2020-08-04,2.334
2020-08-04,2.965
2020-08-04,2.07
2020-08-04,2.669
2020-08-05,2.191
2020-08-05,2.675
2020-08-05,2.23
2020-08-05,2.994
2020-08-05,2.331
2020-08-06,2.985
2020-08-06,2.654
2020-08-06,2.165
2020-08-06,2.26
2020-08-06,2.305
2020-08-07,2.15
2020-08-07,2.376
2020-08-07,2.238
2020-08-07,3.044
2020-08-07,2.72
2020-08-10,2.18
2020-08-10,2.153
2020-08-10,2.975
2020-08-10,2.287
2020-08-10,2.64
2020-08-11,2.67
2020-08-11,2.171
2020-08-11,2.19
2020-08-11,3.003
2020-08-11,2.311
2020-08-12,2.152
2020-08-12,2.672
2020-08-12,2.297
2020-08-12,2.05
2020-08-12,2.997
2020-08-13,2.182
2020-08-13,3.016
2020-08-13,2.19
2020-08-13,2.699
2020-08-13,2.324
2020-08-14,3.104
2020-08-14,2.356
2020-08-14,2.811
2020-08-14,2.495
2020-08-14,2.23
2020-08-17,2.476
2020-08-17,2.32
2020-08-17,2.803
2020-08-17,2.339
2020-08-17,3.11
2020-08-18,2.87
2020-08-18,2.556
2020-08-18,2.45
2020-08-18,3.157
2020-08-18,2.417
2020-08-19,2.426
2020-08-19,2.43
2020-08-19,3.152
2020-08-19,2.868
2020-08-19,2.563
2020-08-20,2.827
2020-08-20,2.503
2020-08-20,2.352
2020-08-20,2.35
2020-08-20,3.136
2020-08-21,3.158
2020-08-21,2.39
2020-08-21,2.866
2020-08-21,2.448
2020-08-21,2.573
2020-08-24,2.616
2020-08-24,2.57
2020-08-24,2.513
2020-08-24,2.875
2020-08-24,3.156
2020-08-25,2.596
2020-08-25,2.489
2020-08-25,2.853
2020-08-25,2.54
2020-08-25,3.142
2020-08-26,2.825
2020-08-26,2.52
2020-08-26,3.111
2020-08-26,2.461
2020-08-26,2.574
2020-08-27,3.216
2020-08-27,2.579
2020-08-27,2.52
2020-08-27,2.943
2020-08-27,2.71
2020-08-28,2.916
2020-08-28,2.46
2020-08-28,3.208
2020-08-28,3.316
2020-08-28,2.657
2020-08-31,2.63
2020-08-31,3.254
2020-08-31,3.355
2020-08-31,2.92
2020-08-31,2.3
2020-09-01,2.527
2020-09-01,2.22
2020-09-01,3.375
2020-09-01,2.901
2020-09-01,3.266
2020-09-02,2.15
2020-09-02,2.931
2020-09-02,2.486
2020-09-02,3.399
2020-09-02,3.288
2020-09-03,3.374
2020-09-03,2.32
2020-09-03,3.259
2020-09-03,2.487
2020-09-03,2.927
2020-09-04,1.8
2020-09-04,3.389
2020-09-04,3.276
2020-09-04,2.987
2020-09-04,2.588
2020-09-08,3.235
2020-09-08,2.4
2020-09-08,3.352
2020-09-08,2.892
2020-09-08,2.35
2020-09-09,2.406
2020-09-09,3.361
2020-09-09,2.21
2020-09-09,3.241
2020-09-09,2.873
2020-09-10,2.798
2020-09-10,3.186
2020-09-10,2.13
2020-09-10,3.309
2020-09-10,2.323
2020-09-11,3.29
2020-09-11,3.165
2020-09-11,2.744
2020-09-11,1.93
2020-09-11,2.269
2020-09-14,3.284
2020-09-14,3.16
2020-09-14,2.74
2020-09-14,2.31
2020-09-14,2.18
2020-09-15,2.741
2020-09-15,3.282
2020-09-15,2.19
2020-09-15,3.158
2020-09-15,2.362
2020-09-16,3.249
2020-09-16,2.06
2020-09-16,2.664
2020-09-16,2.267
2020-09-16,3.12
2020-09-17,1.65
2020-09-17,2.042
2020-09-17,3.097
2020-09-17,2.577
2020-09-17,3.229
2020-09-18,3.285
2020-09-18,1.56
2020-09-18,2.048
2020-09-18,2.633
2020-09-18,3.154
2020-09-21,1.33
2020-09-21,1.835
2020-09-21,3.317
2020-09-21,2.71
2020-09-21,3.186
2020-09-22,1.49
2020-09-22,1.834
2020-09-22,3.134
2020-09-22,3.264
2020-09-22,2.597
2020-09-23,1.74
2020-09-23,3.348
2020-09-23,2.794
2020-09-23,3.229
2020-09-23,2.125
2020-09-24,3.343
2020-09-24,2.248
2020-09-24,2.899
2020-09-24,1.93
2020-09-24,3.451
2020-09-25,3.277
2020-09-25,3.398
2020-09-25,2.807
2020-09-25,2.139
2020-09-25,1.9
2020-09-28,2.101
2020-09-28,1.83
2020-09-28,3.399
2020-09-28,2.795
2020-09-28,3.271
2020-09-29,2.561
2020-09-29,3.259
2020-09-29,3.214
2020-09-29,1.74
2020-09-29,3.118
2020-09-30,2.527
2020-09-30,3.221
2020-09-30,1.66
2020-09-30,3.267
2020-09-30,3.117
2020-10-01,2.527
2020-10-01,3.062
2020-10-01,1.6
2020-10-01,3.204
2020-10-01,3.163
2020-10-02,2.438
2020-10-02,3.1
2020-10-02,1.41
2020-10-02,2.991
2020-10-02,3.138
2020-10-05,3.293
2020-10-05,1.92
2020-10-05,3.161
2020-10-05,2.615
2020-10-05,3.247
2020-10-06,3.096
2020-10-06,3.193
2020-10-06,2.52
2020-10-06,3.239
2020-10-06,1.86
2020-10-07,2.606
2020-10-07,3.294
2020-10-07,3.149
2020-10-07,3.248
2020-10-07,2.01
2020-10-08,2.627
2020-10-08,3.258
2020-10-08,3.149
2020-10-08,3.299
2020-10-08,1.49
2020-10-09,2.741
2020-10-09,3.305
2020-10-09,3.347
2020-10-09,3.204
2020-10-09,2.25
2020-10-12,3.355
2020-10-12,2.31
2020-10-12,3.271
2020-10-12,2.881
2020-10-12,3.401
2020-10-13,3.341
2020-10-13,3.247
2020-10-13,2.14
2020-10-13,2.855
2020-10-13,3.379
2020-10-14,3.189
2020-10-14,3.332
2020-10-14,2.02
2020-10-14,2.636
2020-10-14,3.294
2020-10-15,3.261
2020-10-15,3.396
2020-10-15,3.355
2020-10-15,2.775
2020-10-15,2.23
2020-10-16,3.364
2020-10-16,2.773
2020-10-16,3.271
2020-10-16,2.16
2020-10-16,3.405
2020-10-19,2.795
2020-10-19,3.414
2020-10-19,3.373
2020-10-19,3.28
2020-10-19,2.3
2020-10-20,2.57
2020-10-20,3.26
2020-10-20,3.391
2020-10-20,2.913
2020-10-20,3.352
2020-10-21,2.95
2020-10-21,3.348
2020-10-21,3.471
2020-10-21,3.427
2020-10-21,3.023
2020-10-22,3.007
2020-10-22,2.99
2020-10-22,3.397
2020-10-22,3.356
2020-10-22,3.272
2020-10-23,3.285
2020-10-23,3.322
2020-10-23,3.195
2020-10-23,2.971
2020-10-23,2.91
2020-10-26,3.14
2020-10-26,3.329
2020-10-26,3.371
2020-10-26,3.024
2020-10-26,3.253
2020-10-27,3.07
2020-10-27,3.019
2020-10-27,3.424
2020-10-27,3.376
2020-10-27,3.311
2020-10-28,2.996
2020-10-28,3.291
2020-10-28,3.14
2020-10-28,3.363
2020-10-28,3.411
2020-10-29,3.06
2020-10-29,3.417
2020-10-29,3.301
2020-10-29,3.233
2020-10-29,3.364
2020-10-30,3.354
2020-10-30,3.469
2020-10-30,3.03
2020-10-30,3.284
2020-10-30,3.416
2020-11-02,3.219
2020-11-02,3.332
2020-11-02,3.244
2020-11-02,3.375
2020-11-02,3.03
2020-11-03,3.195
2020-11-03,2.88
2020-11-03,3.159
2020-11-03,3.059
2020-11-03,3.063
2020-11-04,3.14
2020-11-04,3.045
2020-11-04,3.177
2020-11-04,3.046
2020-11-04,2.63
2020-11-05,2.977
2020-11-05,2.69
2020-11-05,3.084
2020-11-05,3.058
2020-11-05,2.942
2020-11-06,2.67
2020-11-06,2.888
2020-11-06,2.933
2020-11-06,3.031
2020-11-06,3.005
2020-11-09,2.859
2020-11-09,2.999
2020-11-09,2.974
2020-11-09,2.63
2020-11-09,2.904
2020-11-10,3.041
2020-11-10,2.959
2020-11-10,3.073
2020-11-10,2.949
2020-11-10,2.74
2020-11-11,3.026
2020-11-11,3.031
2020-11-11,2.75
2020-11-11,3.116
2020-11-11,3.151
2020-11-12,2.969
2020-11-12,2.976
2020-11-12,2.81
2020-11-12,3.057
2020-11-12,3.094
2020-11-13,3.122
2020-11-13,2.82
2020-11-13,2.995
2020-11-13,2.997
2020-11-13,3.083
2020-11-16,2.795
2020-11-16,2.864
2020-11-16,2.847
2020-11-16,2.697
2020-11-16,2.62
2020-11-17,2.55
2020-11-17,2.826
2020-11-17,2.777
2020-11-17,2.692
2020-11-17,2.844
2020-11-18,2.767
2020-11-18,2.838
2020-11-18,2.818
2020-11-18,2.37
2020-11-18,2.712
2020-11-19,2.659
2020-11-19,2.703
2020-11-19,2.72
2020-11-19,2.592
2020-11-19,2.19
2020-11-20,2.65
2020-11-20,2.755
2020-11-20,2.709
2020-11-20,2.22
2020-11-20,2.77
2020-11-23,2.711
2020-11-23,2.806
2020-11-23,2.751
2020-11-23,2.823
2020-11-23,2.23
2020-11-24,2.809
2020-11-24,2.775
2020-11-24,2.9
2020-11-24,2.877
2020-11-24,2.47
2020-11-25,2.865
2020-11-25,2.896
2020-11-25,2.961
2020-11-25,2.47
2020-11-25,2.936
2020-11-30,2.89
2020-11-30,2.882
2020-11-30,2.701
2020-11-30,2.799
2020-11-30,2.865
2020-12-01,2.806
2020-12-01,2.868
2020-12-01,2.89
2020-12-01,2.88
2020-12-01,2.717
2020-12-02,2.723
2020-12-02,2.75
2020-12-02,2.657
2020-12-02,2.78
2020-12-02,2.778
2020-12-03,2.476
2020-12-03,2.507
2020-12-03,2.515
2020-12-03,2.46
2020-12-03,2.434
2020-12-04,2.508
2020-12-04,2.586
2020-12-04,2.575
2020-12-04,2.551
2020-12-04,2.48
2020-12-07,2.432
2020-12-07,2.406
2020-12-07,2.433
2020-12-07,2.412
2020-12-07,2.39
2020-12-08,2.399
2020-12-08,2.36
2020-12-08,2.428
2020-12-08,2.419
2020-12-08,2.422
2020-12-09,2.45
2020-12-09,2.456
2020-12-09,2.466
2020-12-09,2.452
2020-12-09,2.442
2020-12-10,2.57
2020-12-10,2.553
2020-12-10,2.45
2020-12-10,2.573
2020-12-10,2.565
2020-12-11,2.597
2020-12-11,2.591
2020-12-11,2.603
2020-12-11,2.596
2020-12-11,2.54
2020-12-14,2.682
2020-12-14,2.678
2020-12-14,2.662
2020-12-14,2.66
2020-12-14,2.69
2020-12-15,2.662
2020-12-15,2.63
2020-12-15,2.67
2020-12-15,2.68
2020-12-15,2.682
2020-12-16,2.665
2020-12-16,2.687
2020-12-16,2.681
2020-12-16,2.73
2020-12-16,2.677
2020-12-17,2.636
2020-12-17,2.635
2020-12-17,2.619
2020-12-17,2.7
2020-12-17,2.637
2020-12-18,2.7
2020-12-18,2.681
2020-12-18,2.67
2020-12-18,2.73
2020-12-18,2.662
2020-12-21,2.67
2020-12-21,2.689
2020-12-21,2.685
2020-12-21,2.705
2020-12-21,2.68
2020-12-22,2.749
2020-12-22,2.725
2020-12-22,2.78
2020-12-22,2.76
2020-12-22,2.726
2020-12-23,2.585
2020-12-23,2.76
2020-12-23,2.608
2020-12-23,2.571
2020-12-23,2.588
2020-12-24,2.498
2020-12-24,2.518
2020-12-24,2.518
2020-12-24,2.68
2020-12-24,2.512
2020-12-28,2.357
2020-12-28,2.329
2020-12-28,2.305
2020-12-28,2.326
2020-12-28,2.39
2020-12-29,2.439
2020-12-29,2.454
2020-12-29,2.444
2020-12-29,2.467
2020-12-29,2.4
2020-12-30,2.422
2020-12-30,2.447
2020-12-30,2.36
2020-12-30,2.422
2020-12-30,2.471
2020-12-31,2.555
2020-12-31,2.526
2020-12-31,2.539
2020-12-31,2.39
2020-12-31,2.538
2021-01-04,2.561
2021-01-04,2.582
2021-01-04,2.6
2021-01-04,2.581
2021-01-04,2.608
2021-01-05,2.673
2021-01-05,2.707
2021-01-05,2.702
2021-01-05,2.688
2021-01-05,2.77
2021-01-06,2.684
2021-01-06,2.69
2021-01-06,2.711
2021-01-06,2.76
2021-01-06,2.716
2021-01-07,2.696
2021-01-07,2.717
2021-01-07,2.729
2021-01-07,2.691
2021-01-07,2.81
2021-01-08,2.7
2021-01-08,2.68
2021-01-08,2.659
2021-01-08,2.656
2021-01-08,2.77
2021-01-11,2.747
2021-01-11,2.71
2021-01-11,2.701
2021-01-11,2.721
2021-01-11,2.703
2021-01-12,2.707
2021-01-12,2.89
2021-01-12,2.716
2021-01-12,2.753
2021-01-12,2.699
2021-01-13,2.689
2021-01-13,2.82
2021-01-13,2.707
2021-01-13,2.727
2021-01-13,2.688
2021-01-14,2.633
2021-01-14,2.82
2021-01-14,2.661
2021-01-14,2.666
2021-01-14,2.63
2021-01-15,2.737
2021-01-15,2.86
2021-01-15,2.724
2021-01-15,2.695
2021-01-15,2.696
2021-01-19,2.596
2021-01-19,2.546
2021-01-19,2.554
2021-01-19,2.65
2021-01-19,2.529
2021-01-20,2.562
2021-01-20,2.533
2021-01-20,2.539
2021-01-20,2.57
2021-01-20,2.607
2021-01-21,2.491
2021-01-21,2.49
2021-01-21,2.536
2021-01-21,2.584
2021-01-21,2.497
2021-01-22,2.557
2021-01-22,2.503
2021-01-22,2.456
2021-01-22,2.446
2021-01-22,2.45
2021-01-25,2.598
2021-01-25,2.633
2021-01-25,2.63
2021-01-25,2.672
2021-01-25,2.602
2021-01-26,2.656
2021-01-26,2.636
2021-01-26,2.73
2021-01-26,2.663
2021-01-26,2.7
2021-01-27,2.76
2021-01-27,2.72
2021-01-27,2.702
2021-01-27,2.77
2021-01-27,2.751
2021-01-28,2.664
2021-01-28,2.702
2021-01-28,2.76
2021-01-28,2.675
2021-01-28,2.758
2021-01-29,2.564
2021-01-29,2.683
2021-01-29,2.68
2021-01-29,2.625
2021-01-29,2.592
2021-02-01,2.821
2021-02-01,2.837
2021-02-01,2.88
2021-02-01,2.85
2021-02-01,2.882
2021-02-02,2.842
2021-02-02,2.818
2021-02-02,2.845
2021-02-02,3.24
2021-02-02,2.884
2021-02-03,2.843
2021-02-03,2.799
2021-02-03,2.772
2021-02-03,2.789
2021-02-03,3.01
2021-02-04,2.935
2021-02-04,2.942
2021-02-04,2.889
2021-02-04,2.904
2021-02-04,2.99
2021-02-05,2.863
2021-02-05,2.867
2021-02-05,2.913
2021-02-05,3.49
2021-02-05,2.841
2021-02-08,2.941
2021-02-08,2.892
2021-02-08,2.882
2021-02-08,2.862
2021-02-08,3.4
2021-02-09,2.823
2021-02-09,2.86
2021-02-09,2.835
2021-02-09,3.35
2021-02-09,2.912
2021-02-10,2.91
2021-02-10,2.879
2021-02-10,3.76
2021-02-10,2.954
2021-02-10,2.911
2021-02-11,2.836
2021-02-11,2.864
2021-02-11,6.5
2021-02-11,2.91
2021-02-11,2.868
2021-02-12,2.945
2021-02-12,6.12
2021-02-12,2.9
2021-02-12,2.912
2021-02-12,2.876
2021-02-16,2.995
2021-02-16,3.129
2021-02-16,2.983
2021-02-16,11.32
2021-02-16,3.03
2021-02-17,3.04
2021-02-17,3.073
2021-02-17,3.032
2021-02-17,3.219
2021-02-17,23.86
2021-02-18,2.977
2021-02-18,2.97
2021-02-18,8.56
2021-02-18,3.082
2021-02-18,3.013
2021-02-19,3.038
2021-02-19,4.96
2021-02-19,3.001
2021-02-19,2.991
2021-02-19,3.069
2021-02-22,3.16
2021-02-22,2.953
2021-02-22,2.96
2021-02-22,3.007
2021-02-22,2.936
2021-02-23,2.885
2021-02-23,2.94
2021-02-23,2.857
2021-02-23,2.933
2021-02-23,2.879
2021-02-24,2.822
2021-02-24,2.854
2021-02-24,2.795
2021-02-24,2.871
2021-02-24,2.8
2021-02-25,2.809
2021-02-25,2.72
2021-02-25,2.777
2021-02-25,2.911
2021-02-25,2.86
2021-02-26,2.771
2021-02-26,2.862
2021-02-26,2.919
2021-02-26,2.809
2021-02-26,2.66
2021-03-01,2.7
2021-03-01,2.872
2021-03-01,2.818
2021-03-01,2.929
2021-03-01,2.777
2021-03-02,2.875
2021-03-02,2.977
2021-03-02,2.839
2021-03-02,2.924
2021-03-02,2.87
2021-03-03,2.816
2021-03-03,2.849
2021-03-03,2.86
2021-03-03,2.895
2021-03-03,2.944
2021-03-04,2.829
2021-03-04,2.879
2021-03-04,2.746
2021-03-04,2.781
2021-03-04,2.79
2021-03-05,2.701
2021-03-05,2.846
2021-03-05,2.793
2021-03-05,2.739
2021-03-05,2.72
2021-03-08,2.755
2021-03-08,2.67
2021-03-08,2.698
2021-03-08,2.664
2021-03-08,2.808
2021-03-09,2.662
2021-03-09,2.752
2021-03-09,2.62
2021-03-09,2.696
2021-03-09,2.807
2021-03-10,2.62
2021-03-10,2.842
2021-03-10,2.785
2021-03-10,2.728
2021-03-10,2.692
2021-03-11,2.703
2021-03-11,2.668
2021-03-11,2.817
2021-03-11,2.76
2021-03-11,2.7
2021-03-12,2.636
2021-03-12,2.65
2021-03-12,2.6
2021-03-12,2.695
2021-03-12,2.752
2021-03-15,2.484
2021-03-15,2.523
2021-03-15,2.58
2021-03-15,2.586
2021-03-15,2.646
2021-03-16,2.654
2021-03-16,2.5
2021-03-16,2.713
2021-03-16,2.597
2021-03-16,2.562
2021-03-17,2.528
2021-03-17,2.555
2021-03-17,2.613
2021-03-17,2.675
2021-03-17,2.6
2021-03-18,2.45
2021-03-18,2.481
2021-03-18,2.633
2021-03-18,2.511
2021-03-18,2.57
2021-03-19,2.535
2021-03-19,2.682
2021-03-19,2.53
2021-03-19,2.624
2021-03-19,2.566
2021-03-22,2.674
2021-03-22,2.731
2021-03-22,2.55
2021-03-22,2.619
2021-03-22,2.582
2021-03-23,2.674
2021-03-23,2.56
2021-03-23,2.508
2021-03-23,2.554
2021-03-23,2.615
2021-03-24,2.518
2021-03-24,2.63
2021-03-24,2.691
2021-03-24,2.56
2021-03-24,2.568
2021-03-25,2.616
2021-03-25,2.735
2021-03-25,2.57
2021-03-25,2.676
2021-03-25,2.52
2021-03-26,2.679
2021-03-26,2.557
2021-03-26,2.739
2021-03-26,2.619
2021-03-26,2.52
2021-03-29,2.765
2021-03-29,2.58
2021-03-29,2.653
2021-03-29,2.586
2021-03-29,2.708
2021-03-30,2.757
2021-03-30,2.623
2021-03-30,2.681
2021-03-30,2.55
2021-03-30,2.741
2021-03-31,2.753
2021-03-31,2.732
2021-03-31,2.52
2021-03-31,2.667
2021-03-31,2.608
2021-04-01,2.52
2021-04-01,2.782
2021-04-01,2.761
2021-04-01,2.639
2021-04-01,2.697
2021-04-05,2.657
2021-04-05,2.582
2021-04-05,2.43
2021-04-05,2.511
2021-04-05,2.688
2021-04-06,2.65
2021-04-06,2.618
2021-04-06,2.456
2021-04-06,2.44
2021-04-06,2.536
2021-04-07,2.52
2021-04-07,2.703
2021-04-07,2.597
2021-04-07,2.43
2021-04-07,2.674
2021-04-08,2.724
2021-04-08,2.691
2021-04-08,2.522
2021-04-08,2.607
2021-04-08,2.47
2021-04-09,2.526
2021-04-09,2.724
2021-04-09,2.691
2021-04-09,2.605
2021-04-09,2.48
2021-04-12,2.561
2021-04-12,2.5
2021-04-12,2.762
2021-04-12,2.73
2021-04-12,2.643
2021-04-13,2.805
2021-04-13,2.696
2021-04-13,2.57
2021-04-13,2.779
2021-04-13,2.619
2021-04-14,2.65
2021-04-14,2.775
2021-04-14,2.803
2021-04-14,2.693
2021-04-14,2.618
2021-04-15,2.805
2021-04-15,2.658
2021-04-15,2.73
2021-04-15,2.62
2021-04-15,2.832
2021-04-16,2.68
2021-04-16,2.829
2021-04-16,2.754
2021-04-16,2.63
2021-04-16,2.858
2021-04-19,2.885
2021-04-19,2.912
2021-04-19,2.818
2021-04-19,2.75
2021-04-19,2.749
2021-04-20,2.727
2021-04-20,2.902
2021-04-20,2.803
2021-04-20,2.76
2021-04-20,2.874
2021-04-21,2.692
2021-04-21,2.776
2021-04-21,2.876
2021-04-21,2.846
2021-04-21,2.72
2021-04-22,2.924
2021-04-22,2.898
2021-04-22,2.749
2021-04-22,2.77
2021-04-22,2.831
2021-04-23,2.818
2021-04-23,2.79
2021-04-23,2.91
2021-04-23,2.884
2021-04-23,2.73
2021-04-26,2.954
2021-04-26,2.935
2021-04-26,2.73
2021-04-26,2.874
2021-04-26,2.79
2021-04-27,2.942
2021-04-27,3.01
2021-04-27,2.995
2021-04-27,2.873
2021-04-27,2.91
2021-04-28,3.011
2021-04-28,3.025
2021-04-28,2.98
2021-04-28,2.925
2021-04-28,2.96
2021-04-29,2.957
2021-04-29,2.961
2021-04-29,2.973
2021-04-29,2.911
2021-04-29,2.91
2021-04-30,2.931
2021-04-30,2.989
2021-04-30,2.972
2021-04-30,2.978
2021-04-30,2.86
2021-05-03,2.96
2021-05-03,3.022
2021-05-03,3.004
2021-05-03,3.014
2021-05-03,2.966
2021-05-04,3.004
2021-05-04,3.02
2021-05-04,2.967
2021-05-04,3
2021-05-04,3.012
2021-05-05,2.982
2021-05-05,2.978
2021-05-05,2.992
2021-05-05,2.938
2021-05-05,2.99
2021-05-06,2.984
2021-05-06,2.9
2021-05-06,2.974
2021-05-06,2.928
2021-05-06,2.971
2021-05-07,3.011
2021-05-07,2.958
2021-05-07,2.9
2021-05-07,2.997
2021-05-07,3.004
2021-05-10,2.973
2021-05-10,2.932
2021-05-10,2.986
2021-05-10,2.93
2021-05-10,2.978
2021-05-11,2.955
2021-05-11,3.007
2021-05-11,2.999
2021-05-11,2.994
2021-05-11,2.91
2021-05-12,3.018
2021-05-12,3.014
2021-05-12,3.026
2021-05-12,2.969
2021-05-12,2.91
2021-05-13,3.026
2021-05-13,2.95
2021-05-13,2.973
2021-05-13,3.025
2021-05-13,3.036
2021-05-14,2.95
2021-05-14,3.02
2021-05-14,3.029
2021-05-14,3.018
2021-05-14,2.961
2021-05-17,3.17
2021-05-17,3.157
2021-05-17,3.109
2021-05-17,2.99
2021-05-17,3.164
2021-05-18,3.091
2021-05-18,3.012
2021-05-18,2.96
2021-05-18,3.082
2021-05-18,3.078
2021-05-19,2.88
2021-05-19,3.041
2021-05-19,3.028
2021-05-19,3.034
2021-05-19,2.964
2021-05-20,3.002
2021-05-20,3.007
2021-05-20,2.991
2021-05-20,2.86
2021-05-20,2.925
2021-05-21,2.84
2021-05-21,2.977
2021-05-21,2.906
2021-05-21,2.993
2021-05-21,2.996
2021-05-24,2.886
2021-05-24,2.975
2021-05-24,2.78
2021-05-24,2.96
2021-05-24,2.979
2021-05-25,2.87
2021-05-25,2.99
2021-05-25,2.913
2021-05-25,2.993
2021-05-25,2.974
2021-05-26,2.91
2021-05-26,3.027
2021-05-26,3.04
2021-05-26,2.984
2021-05-26,3.045
2021-05-27,2.85
2021-05-27,2.991
2021-05-27,2.975
2021-05-27,2.958
2021-05-27,2.978
2021-05-28,2.986
2021-05-28,3.007
2021-05-28,3.002
2021-05-28,2.91
2021-05-28,3.017
2021-06-01,3.104
2021-06-01,3.02
2021-06-01,3.118
2021-06-01,3.13
2021-06-01,3.126
2021-06-02,3.086
2021-06-02,3.09
2021-06-02,3.102
2021-06-02,3.094
2021-06-02,3.075
2021-06-03,3.041
2021-06-03,3.059
2021-06-03,3.01
2021-06-03,3.052
2021-06-03,3.071
2021-06-04,3.124
2021-06-04,3.097
2021-06-04,3.01
2021-06-04,3.114
2021-06-04,3.105
2021-06-07,3.07
2021-06-07,3.089
2021-06-07,2.98
2021-06-07,3.082
2021-06-07,3.104
2021-06-08,3.11
2021-06-08,3.153
2021-06-08,3.14
2021-06-08,3.128
2021-06-08,3.132
2021-06-09,3.137
2021-06-09,3.157
2021-06-09,3.129
2021-06-09,3.13
2021-06-09,3.144
2021-06-10,3.158
2021-06-10,3.149
2021-06-10,3.166
2021-06-10,3.13
2021-06-10,3.178
2021-06-11,3.314
2021-06-11,3.23
2021-06-11,3.311
2021-06-11,3.296
2021-06-11,3.301
2021-06-14,3.352
2021-06-14,3.36
2021-06-14,3.368
2021-06-14,3.354
2021-06-14,3.367
2021-06-15,3.24
2021-06-15,3.31
2021-06-15,3.244
2021-06-15,3.256
2021-06-15,3.259
2021-06-16,3.277
2021-06-16,3.25
2021-06-16,3.259
2021-06-16,3.271
2021-06-16,3.251
2021-06-17,3.24
2021-06-17,3.275
2021-06-17,3.253
2021-06-17,3.277
2021-06-17,3.26
2021-06-18,3.215
2021-06-18,3.23
2021-06-18,3.222
2021-06-18,3.236
2021-06-18,3.237
2021-06-21,3.201
2021-06-21,3.191
2021-06-21,3.15
2021-06-21,3.217
2021-06-21,3.215
2021-06-22,3.21
2021-06-22,3.277
2021-06-22,3.262
2021-06-22,3.258
2021-06-22,3.276
2021-06-23,3.352
2021-06-23,3.333
2021-06-23,3.36
2021-06-23,3.343
2021-06-23,3.333
2021-06-24,3.418
2021-06-24,3.437
2021-06-24,3.422
2021-06-24,3.3
2021-06-24,3.415
2021-06-25,3.496
2021-06-25,3.508
2021-06-25,3.5
2021-06-25,3.52
2021-06-25,3.4
2021-06-28,3.576
2021-06-28,3.593
2021-06-28,3.572
2021-06-28,3.617
2021-06-28,3.62
2021-06-29,3.606
2021-06-29,3.75
2021-06-29,3.606
2021-06-29,3.647
2021-06-29,3.63
2021-06-30,3.619
2021-06-30,3.65
2021-06-30,3.79
2021-06-30,3.658
2021-06-30,3.624
2021-07-01,3.632
2021-07-01,3.661
2021-07-01,3.623
2021-07-01,3.76
2021-07-01,3.665
2021-07-02,3.668
2021-07-02,3.67
2021-07-02,3.705
2021-07-02,3.659
2021-07-02,3.7
2021-07-06,3.608
2021-07-06,3.603
2021-07-06,3.68
2021-07-06,3.655
2021-07-06,3.637
2021-07-07,3.574
2021-07-07,3.66
2021-07-07,3.596
2021-07-07,3.633
2021-07-07,3.576
2021-07-08,3.667
2021-07-08,3.688
2021-07-08,3.722
2021-07-08,3.56
2021-07-08,3.668
2021-07-09,3.716
2021-07-09,3.71
2021-07-09,3.657
2021-07-09,3.66
2021-07-09,3.674
2021-07-12,3.749
2021-07-12,3.732
2021-07-12,3.79
2021-07-12,3.732
2021-07-12,3.7
2021-07-13,3.684
2021-07-13,3.748
2021-07-13,3.696
2021-07-13,3.682
2021-07-13,3.78
2021-07-14,3.66
2021-07-14,3.8
2021-07-14,3.648
2021-07-14,3.655
2021-07-14,3.721
2021-07-15,3.601
2021-07-15,3.68
2021-07-15,3.68
2021-07-15,3.61
2021-07-15,3.614
2021-07-16,3.674
2021-07-16,3.7
2021-07-16,3.664
2021-07-16,3.732
2021-07-16,3.658
2021-07-19,3.75
2021-07-19,3.779
2021-07-19,3.754
2021-07-19,3.812
2021-07-19,3.751
2021-07-20,3.876
2021-07-20,3.904
2021-07-20,3.82
2021-07-20,3.849
2021-07-20,3.852
2021-07-21,3.99
2021-07-21,3.938
2021-07-21,3.94
2021-07-21,3.959
2021-07-21,3.935
2021-07-22,3.976
2021-07-22,4.02
2021-07-22,4.033
2021-07-22,3.982
2021-07-22,4.003
2021-07-23,4.034
2021-07-23,4.11
2021-07-23,4.06
2021-07-23,4.042
2021-07-23,4.094
2021-07-26,4.076
2021-07-26,4.102
2021-07-26,4.09
2021-07-26,4.082
2021-07-26,4.137
2021-07-27,4.002
2021-07-27,3.971
2021-07-27,3.942
2021-07-27,3.939
2021-07-27,4.15
2021-07-28,4.044
2021-07-28,4.03
2021-07-28,4.1
2021-07-28,3.967
2021-07-28,3.969
2021-07-29,4.119
2021-07-29,4.217
2021-07-29,4.059
2021-07-29,4.06
2021-07-29,4.03
2021-07-30,3.92
2021-07-30,3.982
2021-07-30,4.085
2021-07-30,3.94
2021-07-30,3.914
2021-08-02,4.101
2021-08-02,4.02
2021-08-02,3.998
2021-08-02,3.938
2021-08-02,3.935
2021-08-03,4.19
2021-08-03,4.027
2021-08-03,4.06
2021-08-03,4.032
2021-08-03,4.089
2021-08-04,4.221
2021-08-04,4.158
2021-08-04,4.163
2021-08-04,4.32
2021-08-04,4.2
2021-08-05,4.316
2021-08-05,4.27
2021-08-05,4.21
2021-08-05,4.14
2021-08-05,4.148
2021-08-06,4.219
2021-08-06,4.33
2021-08-06,4.154
2021-08-06,4.21
2021-08-06,4.14
2021-08-09,4.143
2021-08-09,4.06
2021-08-09,4.075
2021-08-09,4.252
2021-08-09,4.24
2021-08-10,4.089
2021-08-10,4.12
2021-08-10,4.103
2021-08-10,4.281
2021-08-10,4.172
2021-08-11,4.059
2021-08-11,4.07
2021-08-11,4.256
2021-08-11,4.071
2021-08-11,4.143
2021-08-12,4.021
2021-08-12,4.1
2021-08-12,4.139
2021-08-12,3.933
2021-08-12,3.948
2021-08-13,3.875
2021-08-13,3.95
2021-08-13,4.07
2021-08-13,3.949
2021-08-13,3.861
2021-08-16,3.946
2021-08-16,3.93
2021-08-16,4.151
2021-08-16,3.96
2021-08-16,4.033
2021-08-17,3.851
2021-08-17,4.045
2021-08-17,3.92
2021-08-17,3.837
2021-08-17,3.925
2021-08-18,3.852
2021-08-18,3.866
2021-08-18,3.86
2021-08-18,4.057
2021-08-18,3.939
2021-08-19,3.83
2021-08-19,4.019
2021-08-19,3.909
2021-08-19,3.844
2021-08-19,3.83
2021-08-20,3.932
2021-08-20,4.039
2021-08-20,3.866
2021-08-20,3.851
2021-08-20,3.94
2021-08-23,3.945
2021-08-23,4.126
2021-08-23,3.96
2021-08-23,4.024
2021-08-23,3.93
2021-08-24,3.916
2021-08-24,3.896
2021-08-24,3.95
2021-08-24,3.982
2021-08-24,4.088
2021-08-25,3.897
2021-08-25,4.03
2021-08-25,3.925
2021-08-25,3.995
2021-08-25,4.105
2021-08-26,4.184
2021-08-26,4.261
2021-08-26,4.07
2021-08-26,4.211
2021-08-26,4.36
2021-08-27,4.37
2021-08-27,4.434
2021-08-27,4.388
2021-08-27,4.522
2021-08-27,4.35
2021-08-30,4.25
2021-08-30,4.359
2021-08-30,4.305
2021-08-30,4.499
2021-08-30,4.448
2021-08-31,4.515
2021-08-31,4.33
2021-08-31,4.425
2021-08-31,4.563
2021-08-31,4.377
2021-09-01,4.798
2021-09-01,4.663
2021-09-01,4.615
2021-09-01,4.749
2021-09-01,4.45
2021-09-02,4.832
2021-09-02,4.641
2021-09-02,4.78
2021-09-02,4.65
2021-09-02,4.692
2021-09-03,4.85
2021-09-03,4.77
2021-09-03,4.762
2021-09-03,4.712
2021-09-03,4.905
2021-09-07,4.71
2021-09-07,4.568
2021-09-07,4.704
2021-09-07,4.615
2021-09-07,4.764
2021-09-08,4.66
2021-09-08,4.914
2021-09-08,4.962
2021-09-08,5.103
2021-09-08,5.046
2021-09-09,5.072
2021-09-09,5.216
2021-09-09,5.158
2021-09-09,5.031
2021-09-09,4.97
2021-09-10,5.067
2021-09-10,5.13
2021-09-10,4.973
2021-09-10,4.938
2021-09-10,5.129
2021-09-13,5.43
2021-09-13,5.21
2021-09-13,5.273
2021-09-13,5.366
2021-09-13,5.231
2021-09-14,5.39
2021-09-14,5.26
2021-09-14,5.398
2021-09-14,5.465
2021-09-14,5.305
2021-09-15,5.676
2021-09-15,5.46
2021-09-15,5.507
2021-09-15,5.66
2021-09-15,5.604
2021-09-16,5.382
2021-09-16,5.564
2021-09-16,5.335
2021-09-16,5.52
2021-09-16,5.492
2021-09-17,5.328
2021-09-17,5.258
2021-09-17,5.146
2021-09-17,5.105
2021-09-17,5.32
2021-09-20,5.132
2021-09-20,5.202
2021-09-20,4.985
2021-09-20,5.25
2021-09-20,5.022
2021-09-21,4.96
2021-09-21,5.023
2021-09-21,4.842
2021-09-21,4.953
2021-09-21,4.805
2021-09-22,4.969
2021-09-22,4.855
2021-09-22,4.805
2021-09-22,5.042
2021-09-22,4.92
2021-09-23,5.043
2021-09-23,4.94
2021-09-23,5.232
2021-09-23,4.976
2021-09-23,5.157
2021-09-24,5.1
2021-09-24,5.14
2021-09-24,5.315
2021-09-24,5.391
2021-09-24,5.2
2021-09-27,5.731
2021-09-27,5.839
2021-09-27,5.706
2021-09-27,5.53
2021-09-27,5.91
2021-09-28,5.841
2021-09-28,5.985
2021-09-28,5.88
2021-09-28,6.058
2021-09-28,5.94
2021-09-29,5.73
2021-09-29,5.595
2021-09-29,5.675
2021-09-29,5.56
2021-09-29,5.477
2021-09-30,5.951
2021-09-30,5.58
2021-09-30,6.073
2021-09-30,5.991
2021-09-30,5.867
2021-10-01,5.619
2021-10-01,5.853
2021-10-01,5.61
2021-10-01,5.742
2021-10-01,5.763
2021-10-04,5.888
2021-10-04,5.999
2021-10-04,5.906
2021-10-04,5.766
2021-10-04,5.8
2021-10-05,6.522
2021-10-05,6.407
2021-10-05,6.37
2021-10-05,6.312
2021-10-05,6.432
2021-10-06,6
2021-10-06,5.787
2021-10-06,5.888
2021-10-06,5.675
2021-10-06,5.803
2021-10-07,5.677
2021-10-07,5.817
2021-10-07,5.91
2021-10-07,5.806
2021-10-07,5.71
2021-10-08,5.806
2021-10-08,5.71
2021-10-08,5.701
2021-10-08,5.565
2021-10-08,5.46
2021-10-11,5.46
2021-10-12,5.656
2021-10-12,5.663
2021-10-12,5.34
2021-10-12,5.505
2021-10-12,5.761
2021-10-13,5.75
2021-10-13,5.753
2021-10-13,5.854
2021-10-13,5.56
2021-10-13,5.59
2021-10-14,5.92
2021-10-14,5.835
2021-10-14,5.936
2021-10-14,5.687
2021-10-14,5.837
2021-10-15,5.6
2021-10-15,5.44
2021-10-15,5.708
2021-10-15,5.41
2021-10-15,5.613
2021-10-18,4.989
2021-10-18,5.346
2021-10-18,5.261
2021-10-18,5.01
2021-10-18,5.236
2021-10-19,5.465
2021-10-19,5.35
2021-10-19,5.379
2021-10-19,5.088
2021-10-19,4.81
2021-10-20,5.562
2021-10-20,5.447
2021-10-20,5.17
2021-10-20,4.87
2021-10-20,5.469
2021-10-21,4.94
2021-10-21,5.375
2021-10-21,5.461
2021-10-21,5.346
2021-10-21,5.115
2021-10-22,5.28
2021-10-22,5.473
2021-10-22,5.565
2021-10-22,5.1
2021-10-22,5.461
2021-10-25,5.72
2021-10-25,5.898
2021-10-25,6.149
2021-10-25,6.056
2021-10-25,6.039
2021-10-26,5.59
2021-10-26,5.882
2021-10-26,5.98
2021-10-26,6.003
2021-10-26,6.093
2021-10-27,6.198
2021-10-27,6.202
2021-10-27,5.91
2021-10-27,6.151
2021-10-27,6.277
2021-10-28,5.418
2021-10-28,5.68
2021-10-28,5.871
2021-10-28,5.76
2021-10-28,5.782
2021-10-29,5.49
2021-10-29,5.426
2021-10-29,5.529
2021-10-29,5.145
2021-10-29,5.433
2021-11-01,5.202
2021-11-01,4.912
2021-11-01,5.186
2021-11-01,5.305
2021-11-01,5.22
2021-11-02,5.522
2021-11-02,5.64
2021-11-02,5.542
2021-11-02,5.206
2021-11-02,5.33
2021-11-03,5.67
2021-11-03,5.78
2021-11-03,5.655
2021-11-03,5.59
2021-11-03,5.309
2021-11-04,5.73
2021-11-04,5.826
2021-11-04,5.716
2021-11-04,5.349
2021-11-04,5.692
2021-11-05,5.51
2021-11-05,5.516
2021-11-05,5.161
2021-11-05,5.626
2021-11-05,5.494
2021-11-08,5.505
2021-11-08,5.427
2021-11-08,5.367
2021-11-08,5.427
2021-11-08,5.367
2021-11-09,5.07
2021-11-09,4.959
2021-11-09,5.08
2021-11-09,4.979
2021-11-09,4.699
2021-11-10,4.59
2021-11-10,4.974
2021-11-10,4.56
2021-11-10,4.88
2021-11-10,4.861
2021-11-11,5.149
2021-11-11,4.802
2021-11-11,5.116
2021-11-11,5.245
2021-11-11,4.81
2021-11-12,4.97
2021-11-12,4.791
2021-11-12,4.775
2021-11-12,4.88
2021-11-12,4.529
2021-11-15,5.017
2021-11-15,4.718
2021-11-15,5.104
2021-11-15,4.991
2021-11-15,4.77
2021-11-16,5.27
2021-11-16,4.854
2021-11-16,5.152
2021-11-16,5.177
2021-11-16,5.11
2021-11-17,4.914
2021-11-17,4.82
2021-11-17,4.593
2021-11-17,4.824
2021-11-17,4.816
2021-11-18,4.902
2021-11-18,4.995
2021-11-18,4.671
2021-11-18,4.95
2021-11-18,4.904
2021-11-19,5.145
2021-11-19,5.052
2021-11-19,4.818
2021-11-19,5.065
2021-11-19,4.9
2021-11-22,4.769
2021-11-22,4.789
2021-11-22,4.861
2021-11-22,4.83
2021-11-22,4.555
2021-11-23,4.723
2021-11-23,5.035
2021-11-23,4.95
2021-11-23,4.941
2021-11-23,4.967
2021-11-24,5.114
2021-11-24,4.781
2021-11-24,5.017
2021-11-24,5.068
2021-11-24,4.93
2021-11-29,4.521
2021-11-29,4.9
2021-11-29,4.854
2021-11-29,4.106
2021-11-29,4.768
2021-11-30,4.567
2021-11-30,4.52
2021-11-30,3.934
2021-11-30,4.28
2021-11-30,4.506
2021-12-01,4.258
2021-12-01,4.014
2021-12-01,4.31
2021-12-01,3.786
2021-12-01,4.188
2021-12-02,4.08
2021-12-02,3.676
2021-12-02,3.846
2021-12-02,3.997
2021-12-02,4.056
2021-12-03,3.79
2021-12-03,4.132
2021-12-03,3.751
2021-12-03,3.921
2021-12-03,4.073
2021-12-06,3.525
2021-12-06,3.625
2021-12-06,3.442
2021-12-06,3.657
2021-12-06,3.66
2021-12-07,3.708
2021-12-07,3.585
2021-12-07,3.497
2021-12-07,3.674
2021-12-07,3.6
2021-12-08,3.815
2021-12-08,3.774
2021-12-08,3.575
2021-12-08,3.658
2021-12-08,3.79
2021-12-09,3.814
2021-12-09,3.67
2021-12-09,3.624
2021-12-09,3.686
2021-12-09,3.784
2021-12-10,3.714
2021-12-10,3.889
2021-12-10,3.925
2021-12-10,3.65
2021-12-10,3.788
2021-12-13,3.617
2021-12-13,3.794
2021-12-13,3.673
2021-12-13,3.761
2021-12-13,4.05
2021-12-14,3.747
2021-12-14,3.713
2021-12-14,3.71
2021-12-14,3.552
2021-12-14,3.619
2021-12-15,3.668
2021-12-15,3.79
2021-12-15,3.761
2021-12-15,3.802
2021-12-15,3.602
2021-12-16,3.618
2021-12-16,3.558
2021-12-16,3.715
2021-12-16,3.67
2021-12-16,3.766
2021-12-17,3.485
2021-12-17,3.534
2021-12-17,3.69
2021-12-17,3.639
2021-12-17,3.71
2021-12-20,3.91
2021-12-20,3.598
2021-12-20,3.758
2021-12-20,3.642
2021-12-20,3.834
2021-12-21,3.96
2021-12-21,3.774
2021-12-21,3.869
2021-12-21,3.608
2021-12-21,3.644
2021-12-22,3.976
2021-12-22,3.713
2021-12-22,3.635
2021-12-22,3.86
2021-12-22,3.95
2021-12-23,3.63
2021-12-23,3.56
2021-12-23,3.731
2021-12-23,3.469
2021-12-23,3.514
2021-12-27,3.708
2021-12-27,4.06
2021-12-27,3.45
2021-12-27,3.942
2021-12-27,3.782
2021-12-28,4.055
2021-12-28,3.32
2021-12-28,3.682
2021-12-28,3.885
2021-12-28,3.742
2021-12-29,4.024
2021-12-29,3.696
2021-12-29,3.85
2021-12-29,3.4
2021-12-29,3.645
2021-12-30,3.561
2021-12-30,3.435
2021-12-30,3.431
2021-12-30,3.4
2021-12-30,3.82
2021-12-31,3.507
2021-12-31,3.73
2021-12-31,3.525
2021-12-31,3.557
2021-12-31,3.82
2022-01-03,3.653
2022-01-03,3.74
2022-01-03,3.678
2022-01-03,3.635
2022-01-03,3.815
2022-01-04,3.717
2022-01-04,3.575
2022-01-04,3.582
2022-01-04,3.73
2022-01-04,3.549
2022-01-05,3.683
2022-01-05,3.666
2022-01-05,3.78
2022-01-05,3.882
2022-01-05,3.71
2022-01-06,3.812
2022-01-06,3.67
2022-01-06,3.94
2022-01-06,3.627
2022-01-06,3.645
2022-01-07,3.685
2022-01-07,3.726
2022-01-07,3.916
2022-01-07,3.83
2022-01-07,3.667
2022-01-10,3.834
2022-01-10,3.787
2022-01-10,3.767
2022-01-10,4.079
2022-01-10,4.16
2022-01-11,3.881
2022-01-11,4.249
2022-01-11,3.893
2022-01-11,4.16
2022-01-11,3.968
2022-01-12,4.857
2022-01-12,4.134
2022-01-12,4.327
2022-01-12,4.62
2022-01-12,4.132
2022-01-13,3.958
2022-01-13,4.005
2022-01-13,3.938
2022-01-13,4.27
2022-01-13,4.78
2022-01-14,4.262
2022-01-14,4.37
2022-01-14,4.007
2022-01-14,4.03
2022-01-14,4.081
2022-01-18,3.983
2022-01-18,4.55
2022-01-18,4.008
2022-01-18,4.283
2022-01-18,4.048
2022-01-19,4.89
2022-01-19,3.845
2022-01-19,3.826
2022-01-19,3.865
2022-01-19,4.031
2022-01-20,3.648
2022-01-20,3.649
2022-01-20,3.802
2022-01-20,4.45
2022-01-20,3.693
2022-01-21,3.999
2022-01-21,3.746
2022-01-21,3.782
2022-01-21,4.11
2022-01-21,3.777
2022-01-24,4.2
2022-01-24,3.842
2022-01-24,3.875
2022-01-24,4.027
2022-01-24,3.876
2022-01-25,3.883
2022-01-25,4.24
2022-01-25,3.92
2022-01-25,3.894
2022-01-25,4.053
2022-01-26,4.277
2022-01-26,4.43
2022-01-26,4.011
2022-01-26,4.044
2022-01-26,4.036
2022-01-27,4.43
2022-01-27,6.265
2022-01-27,4.283
2022-01-27,4.233
2022-01-27,4.207
2022-01-28,5.69
2022-01-28,4.523
2022-01-28,4.639
2022-01-28,4.485
2022-01-28,4.473
2022-01-31,4.66
2022-01-31,4.675
2022-01-31,4.692
2022-01-31,4.874
2022-01-31,5.56
2022-02-01,4.578
2022-02-01,4.751
2022-02-01,4.573
2022-02-01,5.45
2022-02-01,4.614
2022-02-02,6.7
2022-02-02,5.044
2022-02-02,5.069
2022-02-02,5.501
2022-02-02,5.038
2022-02-03,4.888
2022-02-03,5.84
2022-02-03,4.762
2022-02-03,4.725
2022-02-03,4.72
2022-02-04,5.34
2022-02-04,4.492
2022-02-04,4.554
2022-02-04,4.572
2022-02-04,4.511
2022-02-07,4.221
2022-02-07,4.198
2022-02-07,4.44
2022-02-07,4.266
2022-02-07,4.232
2022-02-08,4.218
2022-02-08,4.3
2022-02-08,4.245
2022-02-08,4.248
2022-02-08,4.292
2022-02-09,4.058
2022-02-09,4.13
2022-02-09,4.009
2022-02-09,3.98
2022-02-09,4.009
2022-02-10,3.959
2022-02-10,4.029
2022-02-10,3.977
2022-02-10,3.943
2022-02-10,4.03
2022-02-11,3.97
2022-02-11,4.024
2022-02-11,3.935
2022-02-11,3.941
2022-02-11,4.04
2022-02-14,4.189
2022-02-14,4.238
2022-02-14,4.16
2022-02-14,4.195
2022-02-14,4.05
2022-02-15,4.31
2022-02-15,4.267
2022-02-15,4.312
2022-02-15,4.241
2022-02-15,4.306
2022-02-16,4.39
2022-02-16,4.717
2022-02-16,4.572
2022-02-16,4.623
2022-02-16,4.582
2022-02-17,4.486
2022-02-17,4.501
2022-02-17,4.57
2022-02-17,4.455
2022-02-17,4.43
2022-02-18,4.431
2022-02-18,4.398
2022-02-18,4.377
2022-02-18,4.443
2022-02-18,4.61
2022-02-22,4.48
2022-02-22,4.527
2022-02-22,4.461
2022-02-22,4.483
2022-02-22,4.498
2022-02-23,4.593
2022-02-23,4.605
2022-02-23,4.623
2022-02-23,4.59
2022-02-23,4.647
2022-02-24,4.641
2022-02-24,4.699
2022-02-24,4.656
2022-02-24,4.568
2022-02-24,4.78
2022-02-25,4.578
2022-02-25,4.47
2022-02-25,4.528
2022-02-25,4.63
2022-02-25,4.485
2022-02-28,4.461
2022-02-28,4.511
2022-02-28,4.42
2022-02-28,4.402
2022-02-28,4.46
2022-03-01,4.598
2022-03-01,4.36
2022-03-01,4.573
2022-03-01,4.691
2022-03-01,4.64
2022-03-02,4.65
2022-03-02,4.826
2022-03-02,4.787
2022-03-02,4.874
2022-03-02,4.762
2022-03-03,4.771
2022-03-03,4.814
2022-03-03,4.736
2022-03-03,4.722
2022-03-03,4.63
2022-03-04,5.071
2022-03-04,4.74
2022-03-04,5.113
2022-03-04,5.016
2022-03-04,5.036
2022-03-07,4.833
2022-03-07,4.901
2022-03-07,4.952
2022-03-07,4.858
2022-03-07,4.93
2022-03-08,4.527
2022-03-08,4.611
2022-03-08,4.61
2022-03-08,4.67
2022-03-08,4.563
2022-03-09,4.561
2022-03-09,4.61
2022-03-09,4.67
2022-03-09,4.55
2022-03-09,4.526
2022-03-10,4.669
2022-03-10,4.65
2022-03-10,4.779
2022-03-10,4.72
2022-03-10,4.631
2022-03-11,4.819
2022-03-11,4.79
2022-03-11,4.878
2022-03-11,4.766
2022-03-11,4.725
2022-03-14,4.809
2022-03-14,4.752
2022-03-14,4.658
2022-03-14,4.59
2022-03-14,4.702
2022-03-15,4.568
2022-03-15,4.727
2022-03-15,4.617
2022-03-15,4.46
2022-03-15,4.67
2022-03-16,4.748
2022-03-16,4.88
2022-03-16,4.68
2022-03-16,4.829
2022-03-16,4.784
2022-03-17,5.111
2022-03-17,4.8
2022-03-17,5.021
2022-03-17,4.99
2022-03-17,5.063
2022-03-18,4.946
2022-03-18,4.902
2022-03-18,4.863
2022-03-18,4.87
2022-03-18,4.997
2022-03-21,4.975
2022-03-21,4.934
2022-03-21,4.77
2022-03-21,4.9
2022-03-21,5.025
2022-03-22,5.227
2022-03-22,5
2022-03-22,5.268
2022-03-22,5.316
2022-03-22,5.187
2022-03-23,5.316
2022-03-23,5.26
2022-03-23,5.366
2022-03-23,5.232
2022-03-23,5.274
2022-03-24,5.401
2022-03-24,5.446
2022-03-24,5.538
2022-03-24,5.487
2022-03-24,5.19
2022-03-25,5.701
2022-03-25,5.571
2022-03-25,5.651
2022-03-25,5.611
2022-03-25,5.51
2022-03-28,5.636
2022-03-28,5.52
2022-03-28,5.508
2022-03-28,5.582
2022-03-28,5.538
2022-03-29,5.33
2022-03-29,5.32
2022-03-29,5.438
2022-03-29,5.381
2022-03-29,5.336
2022-03-30,5.714
2022-03-30,5.717
2022-03-30,5.605
2022-03-30,5.658
2022-03-30,5.32
2022-03-31,5.756
2022-03-31,5.46
2022-03-31,5.701
2022-03-31,5.757
2022-03-31,5.642
2022-04-01,5.86
2022-04-01,5.857
2022-04-01,5.72
2022-04-01,5.795
2022-04-01,5.43
2022-04-04,5.712
2022-04-04,5.72
2022-04-04,5.858
2022-04-04,5.793
2022-04-04,5.865
2022-04-05,5.95
2022-04-05,6.108
2022-04-05,6.032
2022-04-05,6.17
2022-04-05,6.175
2022-04-06,6.107
2022-04-06,6.176
2022-04-06,6.029
2022-04-06,6.29
2022-04-06,6.172
2022-04-07,6.05
2022-04-07,6.502
2022-04-07,6.499
2022-04-07,6.359
2022-04-07,6.436
2022-04-08,6.423
2022-04-08,6.42
2022-04-08,6.278
2022-04-08,6.356
2022-04-08,6.38
2022-04-11,6.723
2022-04-11,6.791
2022-04-11,6.787
2022-04-11,6.35
2022-04-11,6.643
2022-04-12,6.59
2022-04-12,6.68
2022-04-12,6.829
2022-04-12,6.833
2022-04-12,6.763
2022-04-13,7.174
2022-04-13,6.997
2022-04-13,7.173
2022-04-13,6.68
2022-04-13,7.096
2022-04-14,7.423
2022-04-14,6.94
2022-04-14,7.501
2022-04-14,7.3
2022-04-14,7.499
2022-04-18,8.038
2022-04-18,7.82
2022-04-18,7.958
2022-04-18,8.042
2022-04-18,7.48
2022-04-19,7.352
2022-04-19,7.277
2022-04-19,7.176
2022-04-19,7.346
2022-04-19,7.44
2022-04-20,7.158
2022-04-20,7.065
2022-04-20,7.12
2022-04-20,6.937
2022-04-20,7.151
2022-04-21,7.186
2022-04-21,6.957
2022-04-21,7.189
2022-04-21,6.88
2022-04-21,7.096
2022-04-22,6.59
2022-04-22,6.753
2022-04-22,6.534
2022-04-22,6.754
2022-04-22,6.663
2022-04-25,6.669
2022-04-25,6.892
2022-04-25,6.42
2022-04-25,6.891
2022-04-25,6.805
2022-04-26,7.068
2022-04-26,6.89
2022-04-26,6.85
2022-04-26,7.068
2022-04-26,6.978
2022-04-27,7.436
2022-04-27,6.91
2022-04-27,7.435
2022-04-27,7.267
2022-04-27,7.339
2022-04-28,6.954
2022-04-28,6.994
2022-04-28,6.97
2022-04-28,6.888
2022-04-28,6.997
2022-04-29,7.299
2022-04-29,6.84
2022-04-29,7.355
2022-04-29,7.244
2022-04-29,7.354
2022-05-02,7.507
2022-05-02,7.566
2022-05-02,7.475
2022-05-02,7.3
2022-05-02,7.566
2022-05-03,8.025
2022-05-03,7.956
2022-05-03,7.954
2022-05-03,8.015
2022-05-03,7.84
2022-05-04,8.3
2022-05-04,8.461
2022-05-04,8.472
2022-05-04,8.415
2022-05-04,8.412
2022-05-05,8.42
2022-05-05,8.841
2022-05-05,8.823
2022-05-05,8.783
2022-05-05,8.773
2022-05-06,8.35
2022-05-06,8.043
2022-05-06,8.068
2022-05-06,8.11
2022-05-06,8.128
2022-05-09,7.106
2022-05-09,8.06
2022-05-09,7.091
2022-05-09,7.026
2022-05-09,7.054
2022-05-10,7.385
2022-05-10,6.78
2022-05-10,7.446
2022-05-10,7.4
2022-05-10,7.467
2022-05-11,7.708
2022-05-11,7.661
2022-05-11,7.727
2022-05-11,7.53
2022-05-11,7.64
2022-05-12,7.822
2022-05-12,7.739
2022-05-12,7.778
2022-05-12,7.835
2022-05-12,7.25
2022-05-13,7.754
2022-05-13,7.765
2022-05-13,7.663
2022-05-13,7.75
2022-05-13,7.714
2022-05-16,7.956
2022-05-16,7.999
2022-05-16,8.053
2022-05-16,8.07
2022-05-16,8.04
2022-05-17,8.339
2022-05-17,8.304
2022-05-17,8.38
2022-05-17,8.394
2022-05-17,8.26
2022-05-18,8.368
2022-05-18,8.402
2022-05-18,8.53
2022-05-18,8.444
2022-05-18,8.455
2022-05-19,8.308
2022-05-19,8.4
2022-05-19,8.39
2022-05-19,8.21
2022-05-19,8.349
2022-05-20,7.97
2022-05-20,8.178
2022-05-20,8.083
2022-05-20,8.171
2022-05-20,8.136
2022-05-23,8.813
2022-05-23,8.744
2022-05-23,8.767
2022-05-23,8.827
2022-05-23,8.16
2022-05-24,8.78
2022-05-24,8.796
2022-05-24,8.87
2022-05-24,8.822
2022-05-24,8.836
2022-05-25,8.993
2022-05-25,9.44
2022-05-25,8.972
2022-05-25,8.971
2022-05-25,8.929
2022-05-26,8.837
2022-05-26,9.19
2022-05-26,8.895
2022-05-26,8.908
2022-05-26,8.88
2022-05-27,8.64
2022-05-27,8.673
2022-05-27,8.727
2022-05-27,8.712
2022-05-27,8.3
2022-05-31,8.138
2022-05-31,8.46
2022-05-31,8.097
2022-05-31,8.073
2022-05-31,8.145
2022-06-01,8.696
2022-06-01,8.686
2022-06-01,8.614
2022-06-01,8.643
2022-06-01,8.47
2022-06-02,8.409
2022-06-02,8.437
2022-06-02,8.9
2022-06-02,8.485
2022-06-02,8.474
2022-06-03,8.523
2022-06-03,8.446
2022-06-03,8.473
2022-06-03,8.34
2022-06-03,8.51
2022-06-06,9.322
2022-06-06,9.08
2022-06-06,9.26
2022-06-06,9.22
2022-06-06,9.306
2022-06-07,9.278
2022-06-07,9.205
2022-06-07,9.234
2022-06-07,9.28
2022-06-07,9.293
2022-06-08,8.637
2022-06-08,8.699
2022-06-08,8.679
2022-06-08,8.649
2022-06-08,9.43
2022-06-09,8.963
2022-06-09,8.978
2022-06-09,8.958
2022-06-09,8.16
2022-06-09,8.955
2022-06-10,8.85
2022-06-10,8.847
2022-06-10,8.867
2022-06-10,8.845
2022-06-10,8.78
2022-06-13,8.609
2022-06-13,8.584
2022-06-13,8.592
2022-06-13,8.619
2022-06-13,9
2022-06-14,7.189
2022-06-14,7.68
2022-06-14,7.18
2022-06-14,7.164
2022-06-14,7.17
2022-06-15,7.42
2022-06-15,7.37
2022-06-15,7.369
2022-06-15,7.72
2022-06-15,7.406
2022-06-16,7.393
2022-06-16,7.88
2022-06-16,7.383
2022-06-16,7.438
2022-06-16,7.464
2022-06-17,6.85
2022-06-17,7.37
2022-06-17,6.906
2022-06-17,6.944
2022-06-17,6.861
2022-06-21,6.743
2022-06-21,6.735
2022-06-21,6.808
2022-06-21,6.6
2022-06-21,6.783
2022-06-22,6.858
2022-06-22,6.826
2022-06-22,6.76
2022-06-22,6.835
2022-06-22,6.872
2022-06-23,6.54
2022-06-23,6.289
2022-06-23,6.283
2022-06-23,6.28
2022-06-23,6.239
2022-06-24,6.281
2022-06-24,6.22
2022-06-24,6.268
2022-06-24,5.8
2022-06-24,6.258
2022-06-27,6.546
2022-06-27,6.54
2022-06-27,6.09
2022-06-27,6.501
2022-06-27,6.557
2022-06-28,6.551
2022-06-28,6.573
2022-06-28,6.66
2022-06-28,6.557
2022-06-28,6.57
2022-06-29,6.69
2022-06-29,6.498
2022-06-29,6.614
2022-06-29,6.519
2022-06-29,6.493
2022-06-30,5.52
2022-06-30,6.54
2022-06-30,5.424
2022-06-30,5.409
2022-06-30,5.392
2022-07-01,5.712
2022-07-01,5.729
2022-07-01,5.73
2022-07-01,5.75
2022-07-01,5.837
2022-07-05,5.523
2022-07-05,5.487
2022-07-05,5.605
2022-07-05,5.72
2022-07-05,5.495
2022-07-06,5.493
2022-07-06,5.605
2022-07-06,5.482
2022-07-06,5.51
2022-07-06,5.65
2022-07-07,6.297
2022-07-07,6.253
2022-07-07,6.348
2022-07-07,5.83
2022-07-07,6.262
2022-07-08,6.034
2022-07-08,5.967
2022-07-08,6.4
2022-07-08,6.068
2022-07-08,5.963
2022-07-11,6.319
2022-07-11,6.394
2022-07-11,6.82
2022-07-11,6.301
2022-07-11,6.426
2022-07-12,6.81
2022-07-12,6.1
2022-07-12,6.163
2022-07-12,6.003
2022-07-12,6.021
2022-07-13,6.689
2022-07-13,6.589
2022-07-13,6.68
2022-07-13,6.677
2022-07-13,6.574
2022-07-14,6.9
2022-07-14,6.504
2022-07-14,6.607
2022-07-14,6.6
2022-07-14,6.511
2022-07-15,6.997
2022-07-15,7.016
2022-07-15,6.926
2022-07-15,6.6
2022-07-15,6.917
2022-07-18,7.479
2022-07-18,7.65
2022-07-18,7.382
2022-07-18,7.445
2022-07-18,7.367
2022-07-19,7.13
2022-07-19,7.35
2022-07-19,7.264
2022-07-19,7.21
2022-07-19,7.15
2022-07-20,7.899
2022-07-20,7.87
2022-07-20,7.58
2022-07-20,7.944
2022-07-20,8.007
2022-07-21,7.784
2022-07-21,7.854
2022-07-21,7.99
2022-07-21,7.815
2022-07-21,7.932
2022-07-22,8.195
2022-07-22,8.167
2022-07-22,8.25
2022-07-22,8.238
2022-07-22,8.299
2022-07-25,8.571
2022-07-25,8.552
2022-07-25,8.626
2022-07-25,8.727
2022-07-25,8.52
2022-07-26,8.825
2022-07-26,8.794
2022-07-26,9.46
2022-07-26,8.866
2022-07-26,8.993
2022-07-27,8.65
2022-07-27,8.603
2022-07-27,8.554
2022-07-27,8.687
2022-07-27,8.526
2022-07-28,8.118
2022-07-28,8.75
2022-07-28,8.134
2022-07-28,8.299
2022-07-28,8.199
2022-07-29,8.374
2022-07-29,8.283
2022-07-29,8.33
2022-07-29,8.208
2022-07-29,8.229
2022-08-01,8.33
2022-08-01,8.429
2022-08-01,8.283
2022-08-01,8.2
2022-08-01,8.26
2022-08-02,7.706
2022-08-02,8.01
2022-08-02,7.775
2022-08-02,7.887
2022-08-02,7.698
2022-08-03,7.81
2022-08-03,8.266
2022-08-03,8.331
2022-08-03,8.262
2022-08-03,8.429
2022-08-04,8.122
2022-08-04,8.114
2022-08-04,8.4
2022-08-04,8.184
2022-08-04,8.285
2022-08-05,8.051
2022-08-05,8.23
2022-08-05,8.064
2022-08-05,8.12
2022-08-05,8.3
2022-08-08,7.767
2022-08-08,7.589
2022-08-08,7.578
2022-08-08,7.653
2022-08-08,7.76
2022-08-09,7.825
2022-08-09,7.902
2022-08-09,7.833
2022-08-09,7.87
2022-08-09,8.018
2022-08-10,7.86
2022-08-10,8.193
2022-08-10,8.389
2022-08-10,8.202
2022-08-10,8.272
2022-08-11,8.863
2022-08-11,9.052
2022-08-11,8.874
2022-08-11,8.939
2022-08-11,8.53
2022-08-12,8.768
2022-08-12,8.73
2022-08-12,8.816
2022-08-12,8.744
2022-08-12,8.927
2022-08-15,8.728
2022-08-15,8.62
2022-08-15,8.712
2022-08-15,8.903
2022-08-15,8.788
2022-08-16,9.472
2022-08-16,9.28
2022-08-16,9.37
2022-08-16,9.329
2022-08-16,9.311
2022-08-17,9.401
2022-08-17,9.297
2022-08-17,9.228
2022-08-17,9.51
2022-08-17,9.244
2022-08-18,9.188
2022-08-18,9.242
2022-08-18,9.17
2022-08-18,9.42
2022-08-18,9.35
2022-08-19,9.315
2022-08-19,9.492
2022-08-19,9.336
2022-08-19,9.14
2022-08-19,9.385
2022-08-22,9.81
2022-08-22,9.68
2022-08-22,9.85
2022-08-22,9.71
2022-08-22,9.647
2022-08-23,9.75
2022-08-23,9.35
2022-08-23,9.193
2022-08-23,9.155
2022-08-23,9.225
2022-08-24,9.369
2022-08-24,9.33
2022-08-24,9.504
2022-08-24,9.3
2022-08-24,9.27
2022-08-25,9.47
2022-08-25,9.344
2022-08-25,9.419
2022-08-25,9.564
2022-08-25,9.375
2022-08-26,9.332
2022-08-26,9.473
2022-08-26,9.269
2022-08-26,9.48
2022-08-26,9.296
2022-08-29,9.336
2022-08-29,9.532
2022-08-29,9.24
2022-08-29,9.4
2022-08-29,9.353
2022-08-30,9.24
2022-08-30,9.1
2022-08-30,9.042
2022-08-30,9.31
2022-08-30,9.103
2022-08-31,8.93
2022-08-31,9.326
2022-08-31,9.189
2022-08-31,9.127
2022-08-31,9.396
2022-09-01,9.33
2022-09-01,9.38
2022-09-01,9.479
2022-09-01,9.262
2022-09-01,9.556
2022-09-02,8.997
2022-09-02,8.786
2022-09-02,9.078
2022-09-02,8.85
2022-09-02,9.18
2022-09-06,8.212
2022-09-06,8.52
2022-09-06,8.458
2022-09-06,8.145
2022-09-06,8.367
2022-09-07,7.901
2022-09-07,7.842
2022-09-07,8.12
2022-09-07,8.115
2022-09-07,8.035
2022-09-08,8.196
2022-09-08,8.102
2022-09-08,8.27
2022-09-08,7.915
2022-09-08,7.971
2022-09-09,8.044
2022-09-09,8.183
2022-09-09,8.278
2022-09-09,7.996
2022-09-09,8.31
2022-09-12,8.287
2022-09-12,8.517
2022-09-12,8.42
2022-09-12,8.249
2022-09-12,8.2
2022-09-13,8.49
2022-09-13,8.334
2022-09-13,8.284
2022-09-13,8.477
2022-09-13,8.573
2022-09-14,8.7
2022-09-14,9.167
2022-09-14,9.114
2022-09-14,9.407
2022-09-14,9.31
2022-09-15,8.6
2022-09-15,8.372
2022-09-15,8.62
2022-09-15,8.522
2022-09-15,8.324
2022-09-16,8.067
2022-09-16,8.11
2022-09-16,7.966
2022-09-16,7.764
2022-09-16,7.811
2022-09-19,7.804
2022-09-19,7.96
2022-09-19,7.752
2022-09-19,7.966
2022-09-19,8.074
2022-09-20,7.717
2022-09-20,8.01
2022-09-20,8.046
2022-09-20,7.772
2022-09-20,7.932
2022-09-21,7.99
2022-09-21,7.779
2022-09-21,7.99
2022-09-21,8.109
2022-09-21,7.827
2022-09-22,7.089
2022-09-22,7.76
2022-09-22,7.378
2022-09-22,7.193
2022-09-22,7.522
2022-09-23,7.203
2022-09-23,6.828
2022-09-23,6.75
2022-09-23,7.366
2022-09-23,6.992
2022-09-26,6.903
2022-09-26,7.235
2022-09-26,7.398
2022-09-26,7.014
2022-09-26,6.75
2022-09-27,6.76
2022-09-27,6.99
2022-09-27,6.651
2022-09-27,6.83
2022-09-27,7.157
2022-09-28,6.955
2022-09-28,7.2
2022-09-28,6.868
2022-09-28,6.59
2022-09-28,7.37
2022-09-29,6.57
2022-09-29,7.009
2022-09-29,7.32
2022-09-29,6.874
2022-09-29,7.142
2022-09-30,6.4
2022-09-30,7.247
2022-09-30,7.065
2022-09-30,6.937
2022-09-30,6.766
2022-10-03,6.989
2022-10-03,6.803
2022-10-03,6.47
2022-10-03,5.64
2022-10-03,6.715
2022-10-04,7.32
2022-10-04,6.837
2022-10-04,5.4
2022-10-04,7.174
2022-10-04,7.03
2022-10-05,7.11
2022-10-05,6.93
2022-10-05,7.385
2022-10-05,5.84
2022-10-05,7.236
2022-10-06,6.972
2022-10-06,7.103
2022-10-06,7.383
2022-10-06,6.91
2022-10-06,7.242
2022-10-07,7.203
2022-10-07,6.94
2022-10-07,6.748
2022-10-07,7.047
2022-10-07,6.25
2022-10-10,6.784
2022-10-10,6.435
2022-10-10,6.743
2022-10-10,6.974
2022-10-11,6.596
2022-10-11,6.928
2022-10-11,6.876
2022-10-11,6.2
2022-10-11,7.114
2022-10-12,6.435
2022-10-12,6.953
2022-10-12,6.6
2022-10-12,6.723
2022-10-12,6.766
2022-10-13,7.053
2022-10-13,7.242
2022-10-13,6.741
2022-10-13,6.25
2022-10-13,7.006
2022-10-14,7.043
2022-10-14,6.1
2022-10-14,6.793
2022-10-14,6.827
2022-10-14,6.453
2022-10-17,6.714
2022-10-17,6.479
2022-10-17,5.999
2022-10-17,6.508
2022-10-17,6.08
2022-10-18,6.286
2022-10-18,5.745
2022-10-18,6.493
2022-10-18,6.16
2022-10-18,6.237
2022-10-19,5.462
2022-10-19,5.928
2022-10-19,6.016
2022-10-19,6.212
2022-10-19,5.63
2022-10-20,5.1
2022-10-20,5.838
2022-10-20,6.111
2022-10-20,5.358
2022-10-20,5.928
2022-10-21,4.45
2022-10-21,4.959
2022-10-21,5.587
2022-10-21,5.472
2022-10-21,5.754
2022-10-24,5.753
2022-10-24,6.034
2022-10-24,4.81
2022-10-24,5.847
2022-10-24,5.199
2022-10-25,5.613
2022-10-25,6.23
2022-10-25,6.427
2022-10-25,6.166
2022-10-25,5.17
2022-10-26,6.217
2022-10-26,6.119
2022-10-26,6.387
2022-10-26,5.28
2022-10-26,5.606
2022-10-27,5.186
2022-10-27,5.3
2022-10-27,6.136
2022-10-27,5.972
2022-10-27,5.875
2022-10-28,5.794
2022-10-28,5.953
2022-10-28,5.684
2022-10-28,5.276
2022-10-28,5.02
2022-10-31,6.355
2022-10-31,6.379
2022-10-31,5.02
2022-10-31,6.607
2022-10-31,5.717
2022-11-01,6.08
2022-11-01,5.899
2022-11-01,5.714
2022-11-01,4.57
2022-11-01,5.375
2022-11-02,5.749
2022-11-02,6.373
2022-11-02,4.58
2022-11-02,6.268
2022-11-02,6.589
2022-11-03,6.33
2022-11-03,6.138
2022-11-03,5.975
2022-11-03,5.537
2022-11-03,4.65
2022-11-04,5.873
2022-11-04,4
2022-11-04,6.4
2022-11-04,6.529
2022-11-04,6.754
2022-11-07,6.944
2022-11-07,6.936
2022-11-07,4.62
2022-11-07,6.087
2022-11-07,7.244
2022-11-08,6.138
2022-11-08,6.524
2022-11-08,5.506
2022-11-08,6.266
2022-11-08,4
2022-11-09,5.865
2022-11-09,6.225
2022-11-09,3.46
2022-11-09,5.311
2022-11-09,5.969
2022-11-10,6.613
2022-11-10,4.8
2022-11-10,6.239
2022-11-10,5.63
2022-11-10,6.346
2022-11-11,5.879
2022-11-11,6.263
2022-11-11,4.8
2022-11-11,6.022
2022-11-11,5.369
2022-11-14,6.299
2022-11-14,6.24
2022-11-14,5.933
2022-11-14,5.41
2022-11-14,6.05
2022-11-15,6.034
2022-11-15,6.143
2022-11-15,5.9
2022-11-15,6.395
2022-11-15,5.457
2022-11-16,5.59
2022-11-16,6.353
2022-11-16,6.607
2022-11-16,5.88
2022-11-16,6.2
2022-11-17,5.706
2022-11-17,6.369
2022-11-17,6.491
2022-11-17,6.744
2022-11-17,6.2
2022-11-18,6.1
2022-11-18,6.303
2022-11-18,6.716
2022-11-18,5.703
2022-11-18,6.483
2022-11-21,6.111
2022-11-21,6.776
2022-11-21,7.223
2022-11-21,6.23
2022-11-21,6.962
2022-11-22,6.779
2022-11-22,7.17
2022-11-22,7.406
2022-11-22,6.27
2022-11-22,6.314
2022-11-23,6.57
2022-11-23,7.308
2022-11-23,6.645
2022-11-23,7.486
2022-11-23,7.708
2022-11-25,6.57
2022-11-25,7.33
2022-11-25,7.024
2022-11-25,6.424
2022-11-25,7.135
2022-11-28,7.196
2022-11-28,6
2022-11-28,6.712
2022-11-28,6.299
2022-11-28,7.018
2022-11-29,6.03
2022-11-29,7.084
2022-11-29,5.289
2022-11-29,6.356
2022-11-29,7.235
2022-11-30,6.93
2022-11-30,6.178
2022-11-30,5.247
2022-11-30,7
2022-11-30,6.818
2022-12-01,6.33
2022-12-01,6.631
2022-12-01,6.738
2022-12-01,5.246
2022-12-01,5.999
2022-12-02,6.169
2022-12-02,4.92
2022-12-02,4.935
2022-12-02,6.281
2022-12-02,5.582
2022-12-05,5.577
2022-12-05,5.024
2022-12-05,5.484
2022-12-05,4.15
2022-12-05,4.62
2022-12-06,4.58
2022-12-06,4.521
2022-12-06,5.378
2022-12-06,4.943
2022-12-06,5.469
2022-12-07,5.617
2022-12-07,4.49
2022-12-07,4.671
2022-12-07,5.192
2022-12-07,5.723
2022-12-08,5.359
2022-12-08,4.79
2022-12-08,4.824
2022-12-08,5.962
2022-12-08,5.82
2022-12-09,4.924
2022-12-09,5.565
2022-12-09,6.082
2022-12-09,6.245
2022-12-09,4.98
2022-12-12,6.73
2022-12-12,6.587
2022-12-12,5.785
2022-12-12,5.096
2022-12-12,6.416
2022-12-13,6.733
2022-12-13,5.354
2022-12-13,6.935
2022-12-13,7.2
2022-12-13,6.071
2022-12-14,6.22
2022-12-14,5.129
2022-12-14,6.43
2022-12-14,5.62
2022-12-14,6.54
2022-12-15,5.82
2022-12-15,5.279
2022-12-15,6.589
2022-12-15,6.97
2022-12-15,6.8
2022-12-16,5.602
2022-12-16,5.153
2022-12-16,6.6
2022-12-16,6.63
2022-12-16,6.303
2022-12-19,4.896
2022-12-19,5.71
2022-12-19,6.08
2022-12-19,5.851
2022-12-19,5.253
2022-12-20,5.326
2022-12-20,4.82
2022-12-20,4.565
2022-12-20,5.216
2022-12-20,5.28
2022-12-21,5.332
2022-12-21,6.13
2022-12-21,4.537
2022-12-21,4.815
2022-12-21,5.238
2022-12-22,4.171
2022-12-22,4.928
2022-12-22,7.1
2022-12-22,4.999
2022-12-22,4.433
2022-12-23,4.98
2022-12-23,4.419
2022-12-23,4.147
2022-12-23,5.079
2022-12-23,7.15
2022-12-27,5.282
2022-12-27,4.88
2022-12-27,5.118
2022-12-27,4.482
2022-12-27,4.191
2022-12-28,4.194
2022-12-28,4.709
2022-12-28,4.685
2022-12-28,4.06
2022-12-28,4.008
2022-12-29,3.934
2022-12-29,3.78
2022-12-29,4.559
2022-12-29,4.117
2022-12-29,3.925
2022-12-30,4.475
2022-12-30,4.104
2022-12-30,3.917
2022-12-30,3.52
2022-12-30,3.931
2023-01-03,3.575
2023-01-03,3.55
2023-01-03,3.641
2023-01-03,3.988
2023-01-03,3.64
2023-01-04,4.172
2023-01-04,3.702
2023-01-04,3.75
2023-01-04,3.678
2023-01-04,3.78
2023-01-05,3.358
2023-01-05,3.78
2023-01-05,3.72
2023-01-05,3.397
2023-01-05,3.426
2023-01-06,3.352
2023-01-06,3.43
2023-01-06,3.313
2023-01-06,3.71
2023-01-06,3.392
2023-01-09,3.563
2023-01-09,3.486
2023-01-09,3.91
2023-01-09,3.65
2023-01-09,3.534
2023-01-10,3.32
2023-01-10,3.303
2023-01-10,3.314
2023-01-10,3.251
2023-01-10,3.639
2023-01-11,3.41
2023-01-11,3.347
2023-01-11,3.292
2023-01-11,3.346
2023-01-11,3.671
2023-01-12,3.695
2023-01-12,3.306
2023-01-12,3.47
2023-01-12,3.355
2023-01-12,3.363
2023-01-13,3.419
2023-01-13,3.229
2023-01-13,3.165
2023-01-13,3.43
2023-01-13,3.196
2023-01-17,3.218
2023-01-17,3.253
2023-01-17,3.283
2023-01-17,3.586
2023-01-17,3.43
2023-01-18,3.2
2023-01-18,3.154
2023-01-18,3.311
2023-01-18,3.111
2023-01-18,3.086
2023-01-19,3.124
2023-01-19,3.191
2023-01-19,3.275
2023-01-19,3.114
2023-01-19,2.91
2023-01-20,3.112
2023-01-20,3.15
2023-01-20,3.036
2023-01-20,3.03
2023-01-20,3.174
2023-01-23,3.43
2023-01-23,3.195
2023-01-23,3.447
2023-01-23,3.222
2023-01-23,3.263
2023-01-24,3.258
2023-01-24,3.057
2023-01-24,3.057
2023-01-24,3.35
2023-01-24,3.142
2023-01-25,2.915
2023-01-25,3.067
2023-01-25,3.09
2023-01-25,3.017
2023-01-25,2.927
2023-01-26,2.871
2023-01-26,2.944
2023-01-26,2.848
2023-01-26,2.72
2023-01-26,2.961
2023-01-27,2.878
2023-01-27,2.966
2023-01-27,2.849
2023-01-27,3.109
2023-01-27,2.83
2023-01-30,2.821
2023-01-30,2.677
2023-01-30,2.999
2023-01-30,2.731
2023-01-30,2.82
2023-01-31,2.843
2023-01-31,2.65
2023-01-31,2.684
2023-01-31,3.04
2023-01-31,2.741
2023-02-01,2.536
2023-02-01,2.65
2023-02-01,2.893
2023-02-01,2.675
2023-02-01,2.468
2023-02-02,2.67
2023-02-02,2.456
2023-02-02,2.657
2023-02-02,2.522
2023-02-02,2.863
2023-02-03,2.41
2023-02-03,2.625
2023-02-03,2.4
2023-02-03,2.829
2023-02-03,2.48
2023-02-06,2.673
2023-02-06,2.457
2023-02-06,2.863
2023-02-06,2.535
2023-02-06,2.17
2023-02-07,2.584
2023-02-07,2.35
2023-02-07,3.003
2023-02-07,2.818
2023-02-07,2.664
2023-02-08,2.646
2023-02-08,2.4
2023-02-08,2.477
2023-02-08,2.396
2023-02-08,2.84
2023-02-09,2.492
2023-02-09,2.4
2023-02-09,2.852
2023-02-09,2.43
2023-02-09,2.661
2023-02-10,2.607
2023-02-10,2.37
2023-02-10,2.966
2023-02-10,2.514
2023-02-10,2.778
2023-02-13,2.883
2023-02-13,2.685
2023-02-13,2.405
2023-02-13,2.499
2023-02-13,2.42
2023-02-14,2.981
2023-02-14,2.805
2023-02-14,2.567
2023-02-14,2.42
2023-02-14,2.652
2023-02-15,2.896
2023-02-15,2.45
2023-02-15,2.709
2023-02-15,2.555
2023-02-15,2.471
2023-02-16,2.389
2023-02-16,2.485
2023-02-16,2.831
2023-02-16,2.48
2023-02-16,2.638
2023-02-17,2.28
2023-02-17,2.275
2023-02-17,2.496
2023-02-17,2.352
2023-02-17,2.682
2023-02-21,2.073
2023-02-21,2.177
2023-02-21,2.316
2023-02-21,2.513
2023-02-21,2.12
2023-02-22,2.641
2023-02-22,2.298
2023-02-22,2.174
2023-02-22,2.07
2023-02-22,2.44
2023-02-23,2.314
2023-02-23,2.17
2023-02-23,2.59
2023-02-23,2.781
2023-02-23,2.432
2023-02-24,2.451
2023-02-24,2.896
2023-02-24,2.701
2023-02-24,2.548
2023-02-24,2.36
2023-02-27,2.55
2023-02-27,2.731
2023-02-27,2.853
2023-02-27,3.195
2023-02-27,3.024
2023-02-28,3.036
2023-02-28,3.212
2023-02-28,2.747
2023-02-28,2.5
2023-02-28,2.863
2023-03-01,3.299
2023-03-01,2.811
2023-03-01,2.943
2023-03-01,2.59
2023-03-01,3.126
2023-03-02,3.27
2023-03-02,2.67
2023-03-02,2.899
2023-03-02,3.092
2023-03-02,2.765
2023-03-03,3.485
2023-03-03,2.66
2023-03-03,3.009
2023-03-03,3.141
2023-03-03,3.323
2023-03-06,2.46
2023-03-06,2.928
2023-03-06,2.73
2023-03-06,2.572
2023-03-06,3.107
2023-03-07,2.687
2023-03-07,3.06
2023-03-07,2.84
2023-03-07,2.52
2023-03-07,3.251
2023-03-08,2.95
2023-03-08,3.153
2023-03-08,2.551
2023-03-08,2.5
2023-03-08,2.713
2023-03-09,2.543
2023-03-09,2.683
2023-03-09,2.5
2023-03-09,2.922
2023-03-09,3.133
2023-03-10,2.4
2023-03-10,3.028
2023-03-10,2.799
2023-03-10,2.43
2023-03-10,2.559
2023-03-13,2.606
2023-03-13,2.4
2023-03-13,3.184
2023-03-13,2.967
2023-03-13,2.726
2023-03-14,2.573
2023-03-14,2.918
2023-03-14,2.69
2023-03-14,3.128
2023-03-14,2.65
2023-03-15,2.958
2023-03-15,2.45
2023-03-15,2.759
2023-03-15,2.546
2023-03-15,2.439
2023-03-16,2.626
2023-03-16,2.837
2023-03-16,2.45
2023-03-16,2.514
2023-03-16,3.029
2023-03-17,2.338
2023-03-17,2.662
2023-03-17,2.861
2023-03-17,2.446
2023-03-17,2.42
2023-03-20,2.23
2023-03-20,2.223
2023-03-20,2.772
2023-03-20,2.556
2023-03-20,2.331
2023-03-21,2.721
2023-03-21,2.957
2023-03-21,2.485
2023-03-21,2.348
2023-03-21,1.93
2023-03-22,2.307
2023-03-22,2.171
2023-03-22,2.547
2023-03-22,2.03
2023-03-22,2.801
2023-03-23,2.528
2023-03-23,2.283
2023-03-23,2.08
2023-03-23,2.793
2023-03-23,2.154
2023-03-24,2.861
2023-03-24,2.04
2023-03-24,2.216
2023-03-24,2.361
2023-03-24,2.598
2023-03-27,2.726
2023-03-27,2.215
2023-03-27,2.458
2023-03-27,2.088
2023-03-27,2.04
2023-03-28,2.386
2023-03-28,2.03
2023-03-28,2.659
2023-03-28,2.147
2023-03-28,2.02
2023-03-29,2.184
2023-03-29,1.94
2023-03-29,1.991
2023-03-29,2.726
2023-03-29,2.448
2023-03-30,2.69
2023-03-30,2.358
2023-03-30,2.639
2023-03-30,2.104
2023-03-30,1.95
2023-03-31,2.783
2023-03-31,2.1
2023-03-31,2.732
2023-03-31,2.216
2023-03-31,2.465
2023-04-03,2.586
2023-04-03,2.09
2023-04-03,2.097
2023-04-03,2.333
2023-04-03,2.643
2023-04-04,2.106
2023-04-04,2.652
2023-04-04,2.344
2023-04-04,2.13
2023-04-04,2.597
2023-04-05,2.155
2023-04-05,2.17
2023-04-05,2.624
2023-04-05,2.678
2023-04-05,2.381
2023-04-06,2.238
2023-04-06,2.18
2023-04-06,2.547
2023-04-06,2.011
2023-04-06,2.491
2023-04-10,2.172
2023-04-10,2.361
2023-04-10,2.15
2023-04-10,2.653
2023-04-10,2.601
2023-04-11,2.571
2023-04-11,2.629
2023-04-11,2.186
2023-04-11,2.351
2023-04-11,2.19
2023-04-12,2.267
2023-04-12,2.22
2023-04-12,2.489
2023-04-12,2.093
2023-04-12,2.547
2023-04-13,2.431
2023-04-13,2.007
2023-04-13,2.04
2023-04-13,2.197
2023-04-13,2.493
2023-04-14,2.609
2023-04-14,2.305
2023-04-14,2.114
2023-04-14,1.87
2023-04-14,2.545
2023-04-17,2.21
2023-04-17,2.717
2023-04-17,2.652
2023-04-17,2.275
2023-04-17,2.444
2023-04-18,2.366
2023-04-18,2.23
2023-04-18,2.715
2023-04-18,2.778
2023-04-18,2.517
2023-04-19,2.222
2023-04-19,2.661
2023-04-19,2.395
2023-04-19,2.2
2023-04-19,2.589
2023-04-20,2.427
2023-04-20,2.19
2023-04-20,2.249
2023-04-20,2.697
2023-04-20,2.625
2023-04-21,2.233
2023-04-21,2.671
2023-04-21,2.2
2023-04-21,2.597
2023-04-21,2.408
2023-04-24,2.273
2023-04-24,2.743
2023-04-24,2.19
2023-04-24,2.471
2023-04-24,2.668
2023-04-25,2.437
2023-04-25,2.21
2023-04-25,2.704
2023-04-25,2.628
2023-04-25,2.307
2023-04-26,2.117
2023-04-26,2.305
2023-04-26,2.19
2023-04-26,2.571
2023-04-26,2.495
2023-04-27,2.6
2023-04-27,2.17
2023-04-27,2.617
2023-04-27,2.548
2023-04-27,2.355
2023-04-28,2.578
2023-04-28,2.645
2023-04-28,2.27
2023-04-28,2.41
2023-04-28,2.626
2023-05-01,2.498
2023-05-01,2.318
2023-05-01,2.546
2023-05-01,2.24
2023-05-01,2.566
2023-05-02,2.495
2023-05-02,2.12
2023-05-02,2.417
2023-05-02,2.214
2023-05-02,2.48
2023-05-03,2.422
2023-05-03,2.36
2023-05-03,2.17
2023-05-03,2.436
2023-05-03,2.01
2023-05-04,2.366
2023-05-04,2.375
2023-05-04,1.96
2023-05-04,2.101
2023-05-04,2.297
2023-05-05,2.137
2023-05-05,2.4
2023-05-05,1.85
2023-05-05,2.404
2023-05-05,2.321
2023-05-08,2.12
2023-05-08,2.498
2023-05-08,2.493
2023-05-08,2.238
2023-05-08,2.412
2023-05-09,2.511
2023-05-09,2.267
2023-05-09,2.427
2023-05-09,2.22
2023-05-09,2.505
2023-05-10,2.191
2023-05-10,2.336
2023-05-10,2.12
2023-05-10,2.415
2023-05-10,2.419
2023-05-11,2.19
2023-05-11,2.345
2023-05-11,2.425
2023-05-11,2.43
2023-05-11,2.07
2023-05-12,2.529
2023-05-12,2.527
2023-05-12,1.98
2023-05-12,2.438
2023-05-12,2.266
2023-05-15,2.542
2023-05-15,2.624
2023-05-15,2.25
2023-05-15,2.375
2023-05-15,2.62
2023-05-16,2.598
2023-05-16,2.609
2023-05-16,2.28
2023-05-16,2.534
2023-05-16,2.376
2023-05-17,2.365
2023-05-17,2.574
2023-05-17,2.25
2023-05-17,2.584
2023-05-17,2.509
2023-05-18,2.592
2023-05-18,2.77
2023-05-18,2.787
2023-05-18,2.3
2023-05-18,2.715
2023-05-19,2.37
2023-05-19,2.585
2023-05-19,2.747
2023-05-19,2.707
2023-05-19,2.772
2023-05-22,2.3
2023-05-22,2.623
2023-05-22,2.609
2023-05-22,2.4
2023-05-22,2.551
2023-05-23,2.321
2023-05-23,2.565
2023-05-23,2.22
2023-05-23,2.555
2023-05-23,2.489
2023-05-24,2.633
2023-05-24,2.25
2023-05-24,2.643
2023-05-24,2.566
2023-05-24,2.398
2023-05-25,2.307
2023-05-25,2.476
2023-05-25,2.23
2023-05-25,2.559
2023-05-25,2.554
2023-05-26,2.417
2023-05-26,2.181
2023-05-26,1.88
2023-05-26,2.503
2023-05-26,2.505
2023-05-30,2.532
2023-05-30,2.327
2023-05-30,2.415
2023-05-30,2.416
2023-05-30,2.11
2023-05-31,2.266
2023-05-31,2.358
2023-05-31,2.1
2023-05-31,2.478
2023-05-31,2.358
2023-06-01,2.158
2023-06-01,2.404
2023-06-01,2.277
2023-06-01,2.273
2023-06-01,1.77
2023-06-02,2.299
2023-06-02,1.74
2023-06-02,2.448
2023-06-02,2.316
2023-06-02,2.172
2023-06-05,2.384
2023-06-05,2.515
2023-06-05,1.92
2023-06-05,2.366
2023-06-05,2.245
2023-06-06,2.402
2023-06-06,1.95
2023-06-06,2.381
2023-06-06,2.534
2023-06-06,2.262
2023-06-07,2.448
2023-06-07,2.573
2023-06-07,2.433
2023-06-07,2.329
2023-06-07,2.13
2023-06-08,2.352
2023-06-08,2.1
2023-06-08,2.434
2023-06-08,2.44
2023-06-08,2.562
2023-06-09,2.47
2023-06-09,2.254
2023-06-09,1.85
2023-06-09,2.331
2023-06-09,2.338
2023-06-12,1.9
2023-06-12,2.48
2023-06-12,2.266
2023-06-12,2.336
2023-06-12,2.348
2023-06-13,2.407
2023-06-13,2
2023-06-13,2.416
2023-06-13,2.34
2023-06-13,2.546
2023-06-14,2.547
2023-06-14,2.342
2023-06-14,2.416
2023-06-14,2.05
2023-06-14,2.413
2023-06-15,2.533
2023-06-15,2.18
2023-06-15,2.609
2023-06-15,2.719
2023-06-15,2.606
2023-06-16,2.632
2023-06-16,2.818
2023-06-16,2.715
2023-06-16,2.721
2023-06-16,2.13
2023-06-20,2.57
2023-06-20,2.557
2023-06-20,2.667
2023-06-20,2.492
2023-06-20,2.38
2023-06-21,2.666
2023-06-21,2.24
2023-06-21,2.677
2023-06-21,2.769
2023-06-21,2.597
2023-06-22,2.704
2023-06-22,2.694
2023-06-22,2.27
2023-06-22,2.608
2023-06-22,2.794
2023-06-23,2.22
2023-06-23,2.824
2023-06-23,2.843
2023-06-23,2.907
2023-06-23,2.729
2023-06-26,2.936
2023-06-26,2.62
2023-06-26,2.892
2023-06-26,2.868
2023-06-26,2.791
2023-06-27,2.763
2023-06-27,2.755
2023-06-27,2.68
2023-06-27,2.825
2023-06-27,2.789
2023-06-28,2.603
2023-06-28,2.71
2023-06-28,2.668
2023-06-28,2.732
2023-06-28,2.646
2023-06-29,2.691
2023-06-29,2.701
2023-06-29,3.129
2023-06-29,2.4
2023-06-29,2.772
2023-06-30,2.48
2023-06-30,2.798
2023-06-30,2.847
2023-06-30,2.774
2023-06-30,3.211
2023-07-03,2.784
2023-07-03,2.48
2023-07-03,3.169
2023-07-03,2.702
2023-07-03,2.709
2023-07-05,2.65
2023-07-05,2.643
2023-07-05,2.657
2023-07-05,2.73
2023-07-05,3.129
2023-07-06,2.599
2023-07-06,2.69
2023-07-06,2.609
2023-07-06,2.5
2023-07-06,3.099
2023-07-07,2.66
2023-07-07,2.57
2023-07-07,2.582
2023-07-07,3.073
2023-07-07,2.49
2023-07-10,3.149
2023-07-10,2.55
2023-07-10,2.641
2023-07-10,2.729
2023-07-10,2.669
2023-07-11,2.778
2023-07-11,2.731
2023-07-11,2.692
2023-07-11,3.194
2023-07-11,2.57
2023-07-12,3.105
2023-07-12,2.632
2023-07-12,2.683
2023-07-12,2.55
2023-07-12,2.597
2023-07-13,2.534
2023-07-13,3.063
2023-07-13,2.628
2023-07-13,2.545
2023-07-13,2.5
2023-07-14,2.539
2023-07-14,2.53
2023-07-14,3.075
2023-07-14,2.631
2023-07-14,2.5
2023-07-17,2.512
2023-07-17,2.46
2023-07-17,3.028
2023-07-17,2.504
2023-07-17,2.606
2023-07-18,2.629
2023-07-18,2.618
2023-07-18,2.52
2023-07-18,2.718
2023-07-18,3.107
2023-07-19,2.51
2023-07-19,2.603
2023-07-19,2.684
2023-07-19,2.585
2023-07-19,3.081
2023-07-20,2.823
2023-07-20,2.757
2023-07-20,2.61
2023-07-20,3.19
2023-07-20,2.731
2023-07-21,2.707
2023-07-21,2.61
2023-07-21,2.809
2023-07-21,2.713
2023-07-21,3.193
2023-07-24,2.792
2023-07-24,2.685
2023-07-24,2.688
2023-07-24,2.68
2023-07-24,3.194
2023-07-25,2.66
2023-07-25,2.858
2023-07-25,3.271
2023-07-25,2.747
2023-07-25,2.73
2023-07-26,2.6
2023-07-26,2.809
2023-07-26,3.235
2023-07-26,2.693
2023-07-26,2.665
2023-07-27,2.595
2023-07-27,3.142
2023-07-27,2.492
2023-07-27,2.714
2023-07-27,2.47
2023-07-28,3.176
2023-07-28,2.53
2023-07-28,3.589
2023-07-28,2.638
2023-07-28,2.753
2023-07-31,2.58
2023-07-31,3.143
2023-07-31,2.634
2023-07-31,2.741
2023-07-31,3.563
2023-08-01,2.672
2023-08-01,2.49
2023-08-01,3.507
2023-08-01,2.56
2023-08-01,3.075
2023-08-02,2.43
2023-08-02,3.442
2023-08-02,2.586
2023-08-02,2.477
2023-08-02,2.998
2023-08-03,2.67
2023-08-03,2.565
2023-08-03,3.063
2023-08-03,3.497
2023-08-03,2.44
2023-08-04,2.53
2023-08-04,2.681
2023-08-04,2.577
2023-08-04,3.514
2023-08-04,3.075
2023-08-07,3.603
2023-08-07,2.65
2023-08-07,2.813
2023-08-07,3.177
2023-08-07,2.725
2023-08-08,3.243
2023-08-08,2.777
2023-08-08,3.678
2023-08-08,2.864
2023-08-08,2.77
2023-08-09,3.857
2023-08-09,3.445
2023-08-09,2.959
2023-08-09,2.92
2023-08-09,3.053
2023-08-10,3.301
2023-08-10,3.752
2023-08-10,2.763
2023-08-10,2.87
2023-08-10,2.83
2023-08-11,3.344
2023-08-11,3.813
2023-08-11,2.61
2023-08-11,2.77
2023-08-11,2.882
2023-08-14,2.74
2023-08-14,3.364
2023-08-14,3.845
2023-08-14,2.795
2023-08-14,2.898
2023-08-15,2.65
2023-08-15,3.79
2023-08-15,2.781
2023-08-15,3.287
2023-08-15,2.659
2023-08-16,2.592
2023-08-16,3.725
2023-08-16,3.215
2023-08-16,2.55
2023-08-16,2.726
2023-08-17,2.56
2023-08-17,3.243
2023-08-17,3.748
2023-08-17,2.755
2023-08-17,2.621
2023-08-18,2.691
2023-08-18,3.166
2023-08-18,2.44
2023-08-18,3.678
2023-08-18,2.551
2023-08-21,2.632
2023-08-21,3.193
2023-08-21,3.703
2023-08-21,2.6
2023-08-21,2.743
2023-08-22,2.58
2023-08-22,3.106
2023-08-22,2.56
2023-08-22,2.652
2023-08-22,3.617
2023-08-23,2.497
2023-08-23,2.6
2023-08-23,3.044
2023-08-23,3.542
2023-08-23,2.592
2023-08-24,2.519
2023-08-24,2.42
2023-08-24,2.636
2023-08-24,3.565
2023-08-24,3.093
2023-08-25,2.54
2023-08-25,3.135
2023-08-25,2.46
2023-08-25,3.625
2023-08-25,2.657
2023-08-28,2.665
2023-08-28,2.579
2023-08-28,2.6
2023-08-28,3.576
2023-08-28,3.106
2023-08-29,2.556
2023-08-29,2.5
2023-08-29,3.505
2023-08-29,2.662
2023-08-29,3.062
2023-08-30,2.48
2023-08-30,2.796
2023-08-30,3.831
2023-08-30,3.613
2023-08-30,3.181
2023-08-31,2.768
2023-08-31,3.611
2023-08-31,3.147
2023-08-31,2.56
2023-08-31,3.835
2023-09-01,2.7
2023-09-01,3.111
2023-09-01,2.765
2023-09-01,3.785
2023-09-01,3.548
2023-09-05,3.706
2023-09-05,2.991
2023-09-05,3.453
2023-09-05,2.582
2023-09-05,2.6
2023-09-06,3.677
2023-09-06,2.943
2023-09-06,2.51
2023-09-06,2.49
2023-09-06,3.425
2023-09-07,3.675
2023-09-07,3.421
2023-09-07,2.579
2023-09-07,2.958
2023-09-07,2.45
2023-09-08,2.53
2023-09-08,3.44
2023-09-08,2.966
2023-09-08,2.605
2023-09-08,3.7
2023-09-11,2.5
2023-09-11,2.608
2023-09-11,2.937
2023-09-11,3.674
2023-09-11,3.408
2023-09-12,3.445
2023-09-12,2.72
2023-09-12,3.015
2023-09-12,3.707
2023-09-12,2.743
2023-09-13,2.76
2023-09-13,3.684
2023-09-13,2.987
2023-09-13,3.436
2023-09-13,2.68
2023-09-14,2.983
2023-09-14,2.708
2023-09-14,3.411
2023-09-14,2.81
2023-09-14,3.668
2023-09-15,3.595
2023-09-15,2.644
2023-09-15,3.345
2023-09-15,2.74
2023-09-15,2.932
2023-09-18,2.728
2023-09-18,3.4
2023-09-18,2.54
2023-09-18,3.001
2023-09-18,3.639
2023-09-19,3.384
2023-09-19,3.616
2023-09-19,3.026
2023-09-19,2.848
2023-09-19,2.46
2023-09-20,3.316
2023-09-20,2.78
2023-09-20,3.563
2023-09-20,2.733
2023-09-20,2.921
2023-09-21,3.524
2023-09-21,3.267
2023-09-21,2.7
2023-09-21,2.84
2023-09-21,2.61
2023-09-22,3.297
2023-09-22,2.879
2023-09-22,2.63
2023-09-22,3.555
2023-09-22,2.637
2023-09-25,3.341
2023-09-25,2.906
2023-09-25,2.639
2023-09-25,3.612
2023-09-25,2.63
2023-09-26,2.845
2023-09-26,2.656
2023-09-26,3.258
2023-09-26,2.55
2023-09-26,3.519
2023-09-27,2.764
2023-09-27,2.899
2023-09-27,2.72
2023-09-27,3.29
2023-09-27,3.551
2023-09-28,3.593
2023-09-28,3.522
2023-09-28,3.34
2023-09-28,2.74
2023-09-28,2.945
2023-09-29,3.497
2023-09-29,3.312
2023-09-29,2.929
2023-09-29,2.68
2023-09-29,3.565
2023-10-02,2.7
2023-10-02,3.427
2023-10-02,3.233
2023-10-02,2.84
2023-10-02,3.492
2023-10-03,3.495
2023-10-03,2.71
2023-10-03,2.949
2023-10-03,3.313
2023-10-03,3.563
2023-10-04,2.962
2023-10-04,2.92
2023-10-04,3.571
2023-10-04,3.32
2023-10-04,3.503
2023-10-05,3.745
2023-10-05,3.166
2023-10-05,3.669
2023-10-05,3.511
2023-10-05,2.92
2023-10-06,3.338
2023-10-06,3.798
2023-10-06,3.3
2023-10-06,3.641
2023-10-06,3.877
2023-10-09,3.376
2023-10-09,3.631
2023-10-09,3.846
2023-10-09,3.774
2023-10-10,3.659
2023-10-10,3.887
2023-10-10,3.34
2023-10-10,3.382
2023-10-10,3.817
2023-10-11,3.658
2023-10-11,3.889
2023-10-11,3.377
2023-10-11,3.82
2023-10-11,3.19
2023-10-12,3.875
2023-10-12,3.344
2023-10-12,3.807
2023-10-12,3.16
2023-10-12,3.639
2023-10-13,3.584
2023-10-13,3.11
2023-10-13,3.76
2023-10-13,3.823
2023-10-13,3.236
2023-10-16,3.479
2023-10-16,2.98
2023-10-16,3.721
2023-10-16,3.663
2023-10-16,3.109
2023-10-17,3.079
2023-10-17,3.647
2023-10-17,3.707
2023-10-17,2.94
2023-10-17,3.468
2023-10-18,2.92
2023-10-18,3.706
2023-10-18,3.056
2023-10-18,3.647
2023-10-18,3.463
2023-10-19,3.326
2023-10-19,3.518
2023-10-19,3.576
2023-10-19,2.957
2023-10-19,2.84
2023-10-20,3.454
2023-10-20,2.6
2023-10-20,3.508
2023-10-20,3.258
2023-10-20,2.899
2023-10-23,3.273
2023-10-23,3.454
2023-10-23,3.512
2023-10-23,2.926
2023-10-23,2.65
2023-10-24,2.85
2023-10-24,3.564
2023-10-24,2.971
2023-10-24,3.322
2023-10-24,3.501
2023-10-25,2.86
2023-10-25,3.553
2023-10-25,3.62
2023-10-25,3.01
2023-10-25,3.376
2023-10-26,3.634
2023-10-26,3.214
2023-10-26,2.87
2023-10-26,3.477
2023-10-26,3.707
2023-10-27,3.164
2023-10-27,3.648
2023-10-27,3.483
2023-10-27,3.718
2023-10-27,3.24
2023-10-30,3.524
2023-10-30,3.352
2023-10-30,3.589
2023-10-30,3.17
2023-10-30,3.261
2023-10-31,3.813
2023-10-31,3.468
2023-10-31,3.746
2023-10-31,3.34
2023-10-31,3.575
2023-11-01,3.494
2023-11-01,3.19
2023-11-01,3.425
2023-11-01,3.69
2023-11-01,3.753
2023-11-02,3.472
2023-11-02,3.424
2023-11-02,3.12
2023-11-02,3.75
2023-11-02,3.689
2023-11-03,3.795
2023-11-03,3.515
2023-11-03,3.475
2023-11-03,3.734
2023-11-03,3
2023-11-06,3.564
2023-11-06,3.264
2023-11-06,2.71
2023-11-06,3.274
2023-11-06,3.513
2023-11-07,3.463
2023-11-07,3.189
2023-11-07,2
2023-11-07,3.14
2023-11-07,3.415
2023-11-08,3.106
2023-11-08,3.338
2023-11-08,2.18
2023-11-08,3.389
2023-11-08,3.136
2023-11-09,3.289
2023-11-09,2.71
2023-11-09,3.1
2023-11-09,3.333
2023-11-09,3.041
2023-11-10,2.71
2023-11-10,3.048
2023-11-10,3.033
2023-11-10,3.233
2023-11-10,3.284
2023-11-13,3.4
2023-11-13,3.146
2023-11-13,3.197
2023-11-13,2.61
2023-11-13,3.343
2023-11-14,2.69
2023-11-14,3.316
2023-11-14,3.261
2023-11-14,3.079
2023-11-14,3.106
2023-11-15,3.129
2023-11-15,3.308
2023-11-15,3.362
2023-11-15,2.88
2023-11-15,3.19
2023-11-16,3.239
2023-11-16,3.189
2023-11-16,3.062
2023-11-16,3.019
2023-11-16,2.91
2023-11-17,2.924
2023-11-17,2.96
2023-11-17,3.085
2023-11-17,3.131
2023-11-17,2.62
2023-11-20,2.854
2023-11-20,2.49
2023-11-20,3.05
2023-11-20,3.008
2023-11-20,2.882
2023-11-21,2.846
2023-11-21,2.63
2023-11-21,2.947
2023-11-21,2.993
2023-11-21,2.8
2023-11-22,2.983
2023-11-22,3.033
2023-11-22,2.83
2023-11-22,2.897
2023-11-22,2.72
2023-11-24,2.855
2023-11-24,2.949
2023-11-24,2.72
2023-11-24,2.999
2023-11-24,2.804
2023-11-27,2.751
2023-11-27,2.946
2023-11-27,2.794
2023-11-27,2.898
2023-11-27,2.74
2023-11-28,2.706
2023-11-28,2.798
2023-11-28,2.78
2023-11-28,2.673
2023-11-28,2.837
2023-11-29,2.769
2023-11-29,2.642
2023-11-29,2.804
2023-11-29,2.7
2023-11-29,2.601
2023-11-30,2.75
2023-11-30,2.802
2023-11-30,2.595
2023-11-30,2.763
2023-11-30,2.637
2023-12-01,2.641
2023-12-01,2.773
2023-12-01,2.814
2023-12-01,2.599
2023-12-01,2.63
2023-12-04,2.651
2023-12-04,2.694
2023-12-04,2.55
2023-12-04,2.499
2023-12-04,2.527
2023-12-05,2.72
2023-12-05,2.508
2023-12-05,2.667
2023-12-05,2.533
2023-12-05,2.71
2023-12-06,2.37
2023-12-06,2.517
2023-12-06,2.76
2023-12-06,2.383
2023-12-06,2.569
2023-12-07,2.52
2023-12-07,2.52
2023-12-07,2.585
2023-12-07,2.4
2023-12-07,2.391
2023-12-08,2.504
2023-12-08,2.362
2023-12-08,2.377
2023-12-08,2.57
2023-12-08,2.581
2023-12-11,2.226
2023-12-11,2.39
2023-12-11,2.35
2023-12-11,2.233
2023-12-11,2.431
2023-12-12,2.311
2023-12-12,2.37
2023-12-12,2.135
2023-12-12,2.24
2023-12-12,2.138
2023-12-13,2.215
2023-12-13,2.201
2023-12-13,2.33
2023-12-13,2.292
2023-12-13,2.335
2023-12-14,2.26
2023-12-14,2.347
2023-12-14,2.39
2023-12-14,2.392
2023-12-14,2.282
2023-12-15,2.318
2023-12-15,2.44
2023-12-15,2.333
2023-12-15,2.491
2023-12-15,2.425
2023-12-18,2.416
2023-12-18,2.318
2023-12-18,2.309
2023-12-18,2.59
2023-12-18,2.503
2023-12-19,2.44
2023-12-19,2.235
2023-12-19,2.492
2023-12-19,2.366
2023-12-19,2.234
2023-12-20,2.48
2023-12-20,2.208
2023-12-20,2.447
2023-12-20,2.201
2023-12-20,2.347
2023-12-21,2.298
2023-12-21,2.48
2023-12-21,2.274
2023-12-21,2.459
2023-12-21,2.572
2023-12-22,2.54
2023-12-22,2.292
2023-12-22,2.49
2023-12-22,2.316
2023-12-22,2.61
2023-12-26,2.419
2023-12-26,2.55
2023-12-26,2.255
2023-12-26,2.5
2023-12-26,2.236
2023-12-27,2.267
2023-12-27,2.286
2023-12-27,2.437
2023-12-27,2.619
2023-12-27,2.63
2023-12-28,2.41
2023-12-28,2.351
2023-12-28,2.557
2023-12-28,2.55
2023-12-28,2.377
2023-12-29,2.58
2023-12-29,2.327
2023-12-29,2.304
2023-12-29,2.368
2023-12-29,2.514
2024-01-02,2.358
2024-01-02,2.568
2024-01-02,2.424
2024-01-02,2.386
2024-01-02,2.56
2024-01-03,2.448
2024-01-03,2.57
2024-01-03,2.668
2024-01-03,2.478
2024-01-03,2.415
2024-01-04,2.559
2024-01-04,2.821
2024-01-04,2.83
2024-01-04,2.512
2024-01-04,2.566
2024-01-05,2.893
2024-01-05,2.569
2024-01-05,2.75
2024-01-05,2.621
2024-01-05,2.616
2024-01-08,2.72
2024-01-08,2.552
2024-01-08,2.598
2024-01-08,2.608
2024-01-08,2.98
2024-01-09,3.25
2024-01-09,2.697
2024-01-09,3.19
2024-01-09,2.701
2024-01-09,2.641
2024-01-10,3.25
2024-01-10,2.562
2024-01-10,3.039
2024-01-10,2.529
2024-01-10,2.602
2024-01-11,2.512
2024-01-11,2.58
2024-01-11,2.54
2024-01-11,3.15
2024-01-11,3.097
2024-01-12,3.313
2024-01-12,2.617
2024-01-12,2.577
2024-01-12,13.2
2024-01-12,2.631
2024-01-16,2.453
2024-01-16,2.477
2024-01-16,3.25
2024-01-16,2.9
2024-01-16,2.513
2024-01-17,2.534
2024-01-17,2.86
2024-01-17,2.475
2024-01-17,2.496
2024-01-17,2.87
2024-01-18,2.413
2024-01-18,2.88
2024-01-18,2.479
2024-01-18,2.407
2024-01-18,2.697
2024-01-19,2.7
2024-01-19,2.252
2024-01-19,2.353
2024-01-19,2.519
2024-01-19,2.267
2024-01-22,2.125
2024-01-22,2.237
2024-01-22,2.144
2024-01-22,2.35
2024-01-22,2.419
2024-01-23,2.2
2024-01-23,2.45
2024-01-23,2.15
2024-01-23,2.295
2024-01-23,2.167
2024-01-24,2.262
2024-01-24,2.364
2024-01-24,2.45
2024-01-24,2.641
2024-01-24,2.277
2024-01-25,2.56
2024-01-25,2.295
2024-01-25,2.201
2024-01-25,2.18
2024-01-25,2.571
2024-01-26,2.712
2024-01-26,2.175
2024-01-26,2.36
2024-01-26,2.301
2024-01-26,2.2
2024-01-29,2.089
2024-01-29,2.054
2024-01-29,2.41
2024-01-29,2.49
2024-01-29,2.188
2024-01-30,2.37
2024-01-30,2.26
2024-01-30,2.201
2024-01-30,2.104
2024-01-30,2.077
2024-01-31,2.1
2024-01-31,2.209
2024-01-31,2.19
2024-01-31,2.121
2024-01-31,2.369
2024-02-01,2.322
2024-02-01,2.156
2024-02-01,2.064
2024-02-01,2.15
2024-02-01,2.05
2024-02-02,2.079
2024-02-02,2.171
2024-02-02,2.086
2024-02-02,2.331
2024-02-02,2.01
2024-02-05,2.074
2024-02-05,2.12
2024-02-05,2.154
2024-02-05,2.082
2024-02-05,2.315
2024-02-06,2.25
2024-02-06,2.1
2024-02-06,2.09
2024-02-06,2.007
2024-02-06,2.009
2024-02-07,1.967
2024-02-07,1.98
2024-02-07,2.069
2024-02-07,1.94
2024-02-07,2.225
2024-02-08,1.917
2024-02-08,1.948
2024-02-08,2.212
2024-02-08,2.049
2024-02-08,1.74
2024-02-09,2.165
2024-02-09,1.992
2024-02-09,1.847
2024-02-09,1.74
2024-02-09,1.885
2024-02-12,2.1
2024-02-12,1.8
2024-02-12,1.768
2024-02-12,1.918
2024-02-12,1.76
2024-02-13,1.866
2024-02-13,1.742
2024-02-13,1.61
2024-02-13,2.052
2024-02-13,1.689
2024-02-14,1.776
2024-02-14,1.51
2024-02-14,1.665
2024-02-14,1.609
2024-02-14,1.958
2024-02-15,1.767
2024-02-15,1.581
2024-02-15,1.953
2024-02-15,1.647
2024-02-15,1.53
2024-02-16,1.609
2024-02-16,1.995
2024-02-16,1.81
2024-02-16,1.55
2024-02-16,1.68
2024-02-20,1.761
2024-02-20,1.5
2024-02-20,1.646
2024-02-20,1.939
2024-02-20,1.576
2024-02-21,1.994
2024-02-21,1.863
2024-02-21,1.773
2024-02-21,2.197
2024-02-21,1.58
2024-02-22,1.832
2024-02-22,1.62
2024-02-22,1.732
2024-02-22,2.201
2024-02-22,1.972
2024-02-23,1.603
2024-02-23,1.699
2024-02-23,1.847
2024-02-23,2.082
2024-02-23,1.52
2024-02-26,2.129
2024-02-26,1.891
2024-02-26,1.659
2024-02-26,1.65
2024-02-26,1.744
2024-02-27,2.205
2024-02-27,1.615
2024-02-27,1.52
2024-02-27,1.965
2024-02-27,1.808
2024-02-28,2.285
2024-02-28,1.61
2024-02-28,2.535
2024-02-28,2.052
2024-02-28,1.885
2024-02-29,1.86
2024-02-29,2.507
2024-02-29,2.249
2024-02-29,1.67
2024-02-29,2.008
2024-03-01,2.466
2024-03-01,1.835
2024-03-01,2.212
2024-03-01,1.975
2024-03-01,1.47
2024-03-04,1.916
2024-03-04,2.073
2024-03-04,2.567
2024-03-04,1.48
2024-03-04,2.312
2024-03-05,2.58
2024-03-05,1.51
2024-03-05,1.957
2024-03-05,2.095
2024-03-05,2.332
2024-03-06,2.072
2024-03-06,2.301
2024-03-06,1.67
2024-03-06,2.533
2024-03-06,1.929
2024-03-07,2.452
2024-03-07,2.192
2024-03-07,1.952
2024-03-07,1.56
2024-03-07,1.818
2024-03-08,2.456
2024-03-08,1.54
2024-03-08,2.17
2024-03-08,1.923
2024-03-08,1.805
2024-03-11,1.862
2024-03-11,1.54
2024-03-11,2.117
2024-03-11,2.423
2024-03-11,1.759
2024-03-12,1.714
2024-03-12,2.391
2024-03-12,2.083
2024-03-12,1.823
2024-03-12,1.57
2024-03-13,2.382
2024-03-13,1.658
2024-03-13,1.25
2024-03-13,2.055
2024-03-13,1.784
2024-03-14,1.741
2024-03-14,2.449
2024-03-14,1.862
2024-03-14,1.26
2024-03-14,2.123
2024-03-15,1.789
2024-03-15,1.655
2024-03-15,2.37
2024-03-15,2.038
2024-03-15,1.38
2024-03-18,1.703
2024-03-18,2.089
2024-03-18,1.54
2024-03-18,1.833
2024-03-18,2.42
2024-03-19,2.109
2024-03-19,1.55
2024-03-19,1.876
2024-03-19,1.744
2024-03-19,2.423
2024-03-20,2.074
2024-03-20,2.387
2024-03-20,1.58
2024-03-20,1.845
2024-03-20,1.699
2024-03-21,2.359
2024-03-21,1.831
2024-03-21,1.683
2024-03-21,2.055
2024-03-21,1.55
2024-03-22,1.659
2024-03-22,2.032
2024-03-22,2.337
2024-03-22,1.5
2024-03-22,1.812
2024-03-25,2.016
2024-03-25,1.46
2024-03-25,2.337
2024-03-25,1.789
2024-03-25,1.615
2024-03-26,1.788
2024-03-26,1.48
2024-03-26,1.575
2024-03-26,2.016
2024-03-26,2.339
2024-03-27,1.43
2024-03-27,1.718
2024-03-27,2.392
2024-03-27,1.953
2024-03-27,2.293
2024-03-28,1.763
2024-03-28,2.34
2024-03-28,1.54
2024-03-28,1.997
2024-03-28,2.442
2024-04-01,1.837
2024-04-01,2.405
2024-04-01,2.511
2024-04-01,1.64
2024-04-01,2.074
2024-04-02,2.54
2024-04-02,2.105
2024-04-02,1.65
2024-04-02,1.862
2024-04-02,2.43
2024-04-03,2.067
2024-04-03,2.494
2024-04-03,2.386
2024-04-03,1.841
2024-04-03,1.86
2024-04-04,1.78
2024-04-04,2.324
2024-04-04,1.997
2024-04-04,2.43
2024-04-04,1.774
2024-04-05,1.785
2024-04-05,2.01
2024-04-05,2.339
2024-04-05,1.58
2024-04-05,2.437
2024-04-08,1.73
2024-04-09,1.83
2024-04-10,1.9
2024-04-11,1.62
2024-04-12,1.36
2024-04-15,1.41
2024-04-16,1.38
2024-04-17,1.5
2024-04-18,1.59
2024-04-19,1.43
2024-04-22,1.64
2024-04-23,1.59
2024-04-24,1.6
2024-04-25,1.46
2024-04-26,1.4
2024-04-29,1.55
2024-04-30,1.68
2024-05-01,1.63
2024-05-02,1.66
2024-05-03,1.67
2024-05-06,1.88
2024-05-07,1.95
2024-05-08,2.01
2024-05-09,2.03
2024-05-10,2.14
2024-05-13,2.11
2024-05-14,2.14
2024-05-15,2.12
2024-05-16,2.32
2024-05-17,2.44
2024-05-20,2.52
2024-05-21,2.52
2024-05-22,2.51
2024-05-23,2.64
2024-05-24,2.22
2024-05-28,2.29
2024-05-29,2.2
2024-05-30,1.87
2024-05-31,1.78
2024-06-03,2.55
2024-06-04,2.58
2024-06-05,2.27
2024-06-06,2.3
2024-06-07,2.46
2024-06-10,2.61
2024-06-11,2.71
2024-06-12,2.8
2024-06-13,2.79
2024-06-14,2.74
2024-06-17,2.5
2024-06-18,2.43
2024-06-20,2.39
2024-06-21,2.44
2024-06-24,2.58
2024-06-25,2.61
2024-06-26,2.45
2024-06-27,2.55
2024-06-28,2.42
2024-07-01,2.21
2024-07-02,2.06
2024-07-03,2.02
2024-07-05,2.02
2024-07-08,2.1
2024-07-09,2.42
2024-07-10,2.4
2024-07-11,2.23
2024-07-12,2.17
2024-07-15,2.12
2024-07-16,2.1
2024-07-17,1.98
2024-07-18,2
2024-07-19,1.88
2024-07-22,2.19
2024-07-23,2.13
2024-07-24,2
2024-07-25,2
2024-07-26,1.98
2024-07-29,1.9
2024-07-30,1.81
2024-07-31,1.94
2024-08-01,1.95
2024-08-02,1.89
2024-08-05,1.83
2024-08-06,1.83
2024-08-07,1.96
2024-08-08,1.85
2024-08-09,1.94
2024-08-12,2.1
2024-08-13,2.16
2024-08-14,2.18
2024-08-15,2.19
2024-08-16,2.01
2024-08-19,2.12
2024-08-20,2.18
2024-08-21,2.14
2024-08-22,1.93
2024-08-23,1.82
2024-08-26,2.13
2024-08-27,1.91
2024-08-28,1.89
2024-08-29,1.85
2024-08-30,1.93
2024-09-03,1.93
2024-09-04,2.05
2024-09-05,2.02
2024-09-06,2.09
2024-09-09,2.03
2024-09-10,2.13
2024-09-11,2.13
2024-09-12,2.13
2024-09-13,2.25
2024-09-16,2.23
2024-09-17,2.33
2024-09-18,2.31
2024-09-19,2.24
2024-09-20,2.2
2024-09-23,2.4
2024-09-24,2.61
2024-09-25,2.62
2024-09-26,2.64
2024-09-27,2.53
2024-09-30,2.65
2024-10-01,2.67
2024-10-02,2.77
2024-10-03,2.75
2024-10-04,2.49
2024-10-07,2.51
2024-10-08,2.51
2024-10-09,2.43
2024-10-10,2.26
2024-10-11,2.31
2024-10-15,2.37
2024-10-16,2.21
2024-10-17,2.19
2024-10-18,1.82
2024-10-21,1.76
2024-10-22,1.76
2024-10-23,1.9
2024-10-24,2.04
2024-10-25,1.93
2024-10-28,2.03
2024-10-29,1.82
2024-10-30,2.03
2024-10-31,1.82
2024-11-01,1.42
2024-11-04,1.35
2024-11-05,1.62
2024-11-06,1.8
2024-11-07,1.49
2024-11-08,1.21
2024-11-11,1.21
2024-11-12,1.92
2024-11-13,2.06
2024-11-14,2.11
2024-11-15,1.65
2024-11-18,2.08
2024-11-19,2.1
2024-11-20,2.32
2024-11-21,2.84
2024-11-22,2.41
2024-11-25,2.78
2024-11-26,3.19
2024-11-27,3.39
2024-11-29,3.39
2024-12-02,3.05
2024-12-03,2.94
2024-12-04,2.75
2024-12-05,2.95
2024-12-06,2.83
2024-12-09,3.05
2024-12-10,2.9
2024-12-11,2.9
2024-12-12,3.12
2024-12-13,3.15
2024-12-16,2.87
2024-12-17,2.85
2024-12-18,3.01
2024-12-19,3.15
2024-12-20,3.1
2024-12-23,2.89
2024-12-24,2.95
2024-12-26,2.96
2024-12-27,2.91
2024-12-30,3.39
2024-12-31,3.4
2025-01-02,3.65
2025-01-03,3.4
2025-01-06,4.05
2025-01-07,3.8
2025-01-08,3.75
2025-01-09,3.94
2025-01-10,4.13
2025-01-13,4.4
2025-01-14,4.32
2025-01-15,4.45
2025-01-16,4.3
2025-01-17,9.86
2025-01-21,4.4
2025-01-22,3.91
2025-01-23,3.91
2025-01-24,3.84
2025-01-27,3.71
2025-01-28,3.4
2025-01-29,3.38
2025-01-30,3.12
2025-01-31,2.93
2025-02-03,3.3
2025-02-04,3.25
2025-02-05,3.22
2025-02-06,3.31
2025-02-07,3.32
2025-02-10,3.48
2025-02-11,3.65
2025-02-12,3.97
2025-02-13,4.43
2025-02-14,4.6
2025-02-18,6.4
2025-02-19,7.15
2025-02-20,5.62
2025-02-21,4.43
2025-02-24,3.86
2025-02-25,3.88
2025-02-26,3.9
2025-02-27,3.91
2025-02-28,3.91
2025-03-03,3.8
2025-03-04,4.39
2025-03-05,4.4
2025-03-06,4.39
2025-03-07,4.39
2025-03-10,4.23
2025-03-11,4.57
2025-03-12,4.18
2025-03-13,3.89
2025-03-14,3.89
2025-03-17,4.15
2025-03-18,4.17
2025-03-19,4.21
2025-03-20,4.23
2025-03-21,3.93
2025-03-24,4.03
2025-03-25,3.94
2025-03-26,3.85
2025-03-27,3.88
2025-03-28,3.89
2025-03-31,4.11
2025-04-01,3.96
2025-04-02,4.04
2025-04-03,4.21
2025-04-04,4.04
2025-04-07,3.97
2025-04-08,3.85
2025-04-09,3.42
2025-04-10,3.7
2025-04-11,3.44
2025-04-14,3.57
2025-04-15,3.27
2025-04-16,3.25
2025-04-17,2.94
2025-04-21,3.16
2025-04-22,3.12
2025-04-23,3.12
2025-04-24,2.87
2025-04-25,2.71
2025-04-28,2.96
2025-04-29,3.17
2025-04-30,3.12
2025-05-01,3.08
2025-05-02,3.1
2025-05-05,3.26
2025-05-06,3.08
2025-05-07,3.18
2025-05-08,3.23
2025-05-09,3.22
2025-05-12,3.19
2025-05-13,3.27
2025-05-14,3.31
2025-05-15,3.2
2025-05-16,3.01
2025-05-19,2.96
2025-05-20,3.15
2025-05-21,3.2
2025-05-22,3
2025-05-23,2.93
2025-05-27,3.2
2025-05-28,3.09
2025-05-29,2.97
2025-05-30,2.86
2025-06-02,3
2025-06-03,2.84
2025-06-04,2.8
2025-06-05,2.86
2025-06-06,2.68
2025-06-09,3.13
2025-06-10,2.79
2025-06-11,2.73
2025-06-12,2.9
2025-06-13,2.65
2025-06-16,2.9
2025-06-17,2.9
2025-06-18,3.43
2025-06-20,3.09
2025-06-23,3.5
2025-06-24,3.3
2025-06-25,3.26
2025-06-26,3.23
2025-06-27,3.23
2025-06-30,3.26
2025-07-01,3.14
2025-07-02,3.1
2025-07-03,3.24
2025-07-07,3.24
2025-07-08,3.2
2025-07-09,3.08
2025-07-10,3.11
2025-07-11,3.22
2025-07-14,3.21
2025-07-15,3.31
2025-07-16,3.42
2025-07-17,3.52
2025-07-18,3.5
2025-07-21,3.5
2025-07-22,3.16
2025-07-23,3.08
2025-07-24,3.13
2025-07-25,3.1
2025-07-28,3.12
2025-07-29,3.08
2025-07-30,2.98
2025-07-31,2.99
2025-08-01,3
2025-08-04,2.89
2025-08-05,2.98
2025-08-06,3.02
2025-08-07,3.05
2025-08-08,3.03
2025-08-11,3.05
2025-08-12,2.93
2025-08-13,2.95
2025-08-14,2.78
2025-08-15,2.98
2025-08-18,2.96
2025-08-19,2.87
2025-08-20,2.8
2025-08-21,2.88
2025-08-22,2.76
2025-08-25,2.76
2025-08-26,2.82
2025-08-27,2.88
2025-08-28,2.9
2025-08-29,2.88
2025-09-02,2.7
2025-09-03,3
2025-09-04,3.11
2025-09-05,3.05
2025-09-08,3.1
2025-09-09,3.12
2025-09-10,2.89
2025-09-11,2.81
2025-09-12,2.86
2025-09-15,3
2025-09-16,3.07
2025-09-17,3.19
2025-09-18,3.1
2025-09-19,2.89
2025-09-22,2.9
2025-09-23,2.86
2025-09-24,2.88
2025-09-25,2.98
2025-09-26,2.9
2025-09-29,2.93
2025-09-30,3.12
2025-10-01,3.24
2025-10-02,3.32
2025-10-03,3.19
2025-10-06,3.32
2025-10-07,3.32
2025-10-08,3.35
2025-10-09,3.25
2025-10-10,2.9
2025-10-13,2.9
2025-10-14,2.83
2025-10-15,2.79
2025-10-16,2.82
2025-10-17,2.65
2025-10-20,2.99
2025-10-21,3.28
2025-10-22,3.45
2025-10-23,3.34
2025-10-24,3.21
2025-10-27,3.3
